{"type":"FeatureCollection","features":[{"type":"Feature","geometry":{"type":"Point","coordinates":[-79.444521,43.791691]},"properties":{"name":"Steeles Ave West at Bathurst St East Side","band":0,"modes":"bus","arr":["7","307"],"off":[0,-0.8]}},{"type":"Feature","geometry":{"type":"Point","coordinates":[-79.444521,43.791691]},"properties":{"name":"Greenwin Village Rd at Bathurst St","band":0,"modes":"bus","arr":["7","307"],"off":[0,-4.1]}},{"type":"Feature","geometry":{"type":"Point","coordinates":[-79.444521,43.791691]},"properties":{"line":"7","mode":"bus","color":"#0059a9","colorDark":"#00294f","band":0,"off":[-1.7,1.1]}},{"type":"Feature","geometry":{"type":"Point","coordinates":[-79.444521,43.791691]},"properties":{"line":"307","mode":"bus","color":"#0059a9","colorDark":"#00294f","band":0,"off":[1.7,1.1]}},{"type":"Feature","geometry":{"type":"Point","coordinates":[-79.413644,43.665575]},"properties":{"name":"Christie Station North Side","band":0,"modes":"bus,tram","arr":["7","126","511"],"off":[0,-0.8]}},{"type":"Feature","geometry":{"type":"Point","coordinates":[-79.413644,43.665575]},"properties":{"name":"Bathurst Station at Bus Bay 3","band":0,"modes":"bus,tram","arr":["7","126","511"],"off":[0,-3]}},{"type":"Feature","geometry":{"type":"Point","coordinates":[-79.413644,43.665575]},"properties":{"name":"Bathurst Station at Bay 6","band":0,"modes":"bus,tram","arr":["7","126","511"],"off":[0,-5.2]}},{"type":"Feature","geometry":{"type":"Point","coordinates":[-79.413644,43.665575]},"properties":{"line":"7","mode":"bus","color":"#0059a9","colorDark":"#00294f","band":0,"off":[-3.4,1.1]}},{"type":"Feature","geometry":{"type":"Point","coordinates":[-79.413644,43.665575]},"properties":{"line":"126","mode":"bus","color":"#0059a9","colorDark":"#00294f","band":0,"off":[0,1.1]}},{"type":"Feature","geometry":{"type":"Point","coordinates":[-79.413644,43.665575]},"properties":{"line":"511","mode":"tram","color":"#d6212b","colorDark":"#7c1116","band":0,"off":[3.4,1.1]}},{"type":"Feature","geometry":{"type":"Point","coordinates":[-79.280212,43.714515]},"properties":{"name":"Warden Station at Temporary Bus Bay 8","band":0,"modes":"bus","arr":["8","9","16","17","68"],"off":[0,-0.8]}},{"type":"Feature","geometry":{"type":"Point","coordinates":[-79.280212,43.714515]},"properties":{"name":"Warden Station at Temporary Bus Bay 5","band":0,"modes":"bus","arr":["8","9","16","17","68"],"off":[0,-4.1]}},{"type":"Feature","geometry":{"type":"Point","coordinates":[-79.280212,43.714515]},"properties":{"name":"Warden Station at Temporary Bus Bay 3","band":0,"modes":"bus","arr":["8","9","16","17","68"],"off":[0,-7.4]}},{"type":"Feature","geometry":{"type":"Point","coordinates":[-79.280212,43.714515]},"properties":{"line":"8","mode":"bus","color":"#0059a9","colorDark":"#00294f","band":0,"off":[-6.8,1.1]}},{"type":"Feature","geometry":{"type":"Point","coordinates":[-79.280212,43.714515]},"properties":{"line":"9","mode":"bus","color":"#0059a9","colorDark":"#00294f","band":0,"off":[-3.4,1.1]}},{"type":"Feature","geometry":{"type":"Point","coordinates":[-79.280212,43.714515]},"properties":{"line":"16","mode":"bus","color":"#0059a9","colorDark":"#00294f","band":0,"off":[0,1.1]}},{"type":"Feature","geometry":{"type":"Point","coordinates":[-79.280212,43.714515]},"properties":{"line":"17","mode":"bus","color":"#0059a9","colorDark":"#00294f","band":0,"off":[3.4,1.1]}},{"type":"Feature","geometry":{"type":"Point","coordinates":[-79.280212,43.714515]},"properties":{"line":"68","mode":"bus","color":"#0059a9","colorDark":"#00294f","band":0,"off":[6.8,1.1]}},{"type":"Feature","geometry":{"type":"Point","coordinates":[-79.354904,43.665298]},"properties":{"name":"Jack Layton Way at St Matthews Rd","band":0,"modes":"bus","arr":["8","62","121"],"off":[0,-0.8]}},{"type":"Feature","geometry":{"type":"Point","coordinates":[-79.354904,43.665298]},"properties":{"name":"Gerrard St East at St Matthews Rd","band":0,"modes":"bus","arr":["8","62","121"],"off":[0,-3]}},{"type":"Feature","geometry":{"type":"Point","coordinates":[-79.354904,43.665298]},"properties":{"line":"8","mode":"bus","color":"#0059a9","colorDark":"#00294f","band":0,"off":[-3.4,1.1]}},{"type":"Feature","geometry":{"type":"Point","coordinates":[-79.354904,43.665298]},"properties":{"line":"62","mode":"bus","color":"#0059a9","colorDark":"#00294f","band":0,"off":[0,1.1]}},{"type":"Feature","geometry":{"type":"Point","coordinates":[-79.354904,43.665298]},"properties":{"line":"121","mode":"bus","color":"#0059a9","colorDark":"#00294f","band":0,"off":[3.4,1.1]}},{"type":"Feature","geometry":{"type":"Point","coordinates":[-79.358126,43.671404]},"properties":{"name":"Broadview Station at Bus Bay 5","band":0,"modes":"bus","arr":["25","87","322"],"off":[0,-0.8]}},{"type":"Feature","geometry":{"type":"Point","coordinates":[-79.358126,43.671404]},"properties":{"name":"Broadview Station at Bus Bay 4","band":0,"modes":"bus","arr":["25","87","322"],"off":[0,-3]}},{"type":"Feature","geometry":{"type":"Point","coordinates":[-79.358126,43.671404]},"properties":{"name":"Broadview Ave at Erindale Ave","band":0,"modes":"bus","arr":["25","87","322"],"off":[0,-5.2]}},{"type":"Feature","geometry":{"type":"Point","coordinates":[-79.358126,43.671404]},"properties":{"line":"25","mode":"bus","color":"#0059a9","colorDark":"#00294f","band":0,"off":[-3.4,1.1]}},{"type":"Feature","geometry":{"type":"Point","coordinates":[-79.358126,43.671404]},"properties":{"line":"87","mode":"bus","color":"#0059a9","colorDark":"#00294f","band":0,"off":[0,1.1]}},{"type":"Feature","geometry":{"type":"Point","coordinates":[-79.358126,43.671404]},"properties":{"line":"322","mode":"bus","color":"#0059a9","colorDark":"#00294f","band":0,"off":[3.4,1.1]}},{"type":"Feature","geometry":{"type":"Point","coordinates":[-79.258221,43.777854]},"properties":{"name":"Scarborough Centre Station at Bus Bay 9","band":0,"modes":"bus","arr":["9","16","130","132","169","406"],"off":[0,-0.8]}},{"type":"Feature","geometry":{"type":"Point","coordinates":[-79.258221,43.777854]},"properties":{"name":"Scarborough Centre Station at Bus Bay 12","band":0,"modes":"bus","arr":["9","16","130","132","169","406"],"off":[0,-4.1]}},{"type":"Feature","geometry":{"type":"Point","coordinates":[-79.258221,43.777854]},"properties":{"name":"Scarborough Centre Station at Bus Bay 10","band":0,"modes":"bus","arr":["9","16","130","132","169","406"],"off":[0,-7.4]}},{"type":"Feature","geometry":{"type":"Point","coordinates":[-79.258221,43.777854]},"properties":{"line":"9","mode":"bus","color":"#0059a9","colorDark":"#00294f","band":0,"off":[-6.8,1.1]}},{"type":"Feature","geometry":{"type":"Point","coordinates":[-79.258221,43.777854]},"properties":{"line":"16","mode":"bus","color":"#0059a9","colorDark":"#00294f","band":0,"off":[-3.4,1.1]}},{"type":"Feature","geometry":{"type":"Point","coordinates":[-79.258221,43.777854]},"properties":{"line":"130","mode":"bus","color":"#0059a9","colorDark":"#00294f","band":0,"off":[0,1.1]}},{"type":"Feature","geometry":{"type":"Point","coordinates":[-79.258221,43.777854]},"properties":{"line":"132","mode":"bus","color":"#0059a9","colorDark":"#00294f","band":0,"off":[3.4,1.1]}},{"type":"Feature","geometry":{"type":"Point","coordinates":[-79.258221,43.777854]},"properties":{"line":"169","mode":"bus","color":"#0059a9","colorDark":"#00294f","band":0,"off":[6.8,1.1]}},{"type":"Feature","geometry":{"type":"Point","coordinates":[-79.258221,43.777854]},"properties":{"line":"406","mode":"bus","color":"#0059a9","colorDark":"#00294f","band":0,"off":[0,3.1]}},{"type":"Feature","geometry":{"type":"Point","coordinates":[-79.346303,43.770244]},"properties":{"name":"Don Mills Station at Bus Bay 9","band":0,"modes":"bus","arr":["10","85","167"],"off":[0,-0.8]}},{"type":"Feature","geometry":{"type":"Point","coordinates":[-79.346303,43.770244]},"properties":{"name":"Don Mills Station at Bus Bay 13","band":0,"modes":"bus","arr":["10","85","167"],"off":[0,-3]}},{"type":"Feature","geometry":{"type":"Point","coordinates":[-79.346303,43.770244]},"properties":{"name":"Don Mills Station at Bus Bay 11","band":0,"modes":"bus","arr":["10","85","167"],"off":[0,-5.2]}},{"type":"Feature","geometry":{"type":"Point","coordinates":[-79.346303,43.770244]},"properties":{"line":"10","mode":"bus","color":"#0059a9","colorDark":"#00294f","band":0,"off":[-3.4,1.1]}},{"type":"Feature","geometry":{"type":"Point","coordinates":[-79.346303,43.770244]},"properties":{"line":"85","mode":"bus","color":"#0059a9","colorDark":"#00294f","band":0,"off":[0,1.1]}},{"type":"Feature","geometry":{"type":"Point","coordinates":[-79.346303,43.770244]},"properties":{"line":"167","mode":"bus","color":"#0059a9","colorDark":"#00294f","band":0,"off":[3.4,1.1]}},{"type":"Feature","geometry":{"type":"Point","coordinates":[-79.33489,43.787721]},"properties":{"name":"Brian Ave at Van Horne Ave","band":0,"modes":"bus","arr":["10"],"off":[0,-0.8]}},{"type":"Feature","geometry":{"type":"Point","coordinates":[-79.33489,43.787721]},"properties":{"line":"10","mode":"bus","color":"#0059a9","colorDark":"#00294f","band":0,"off":[0,1.1]}},{"type":"Feature","geometry":{"type":"Point","coordinates":[-79.3974,43.80342]},"properties":{"name":"Steeles Ave East Loop at Bayview Ave","band":0,"modes":"bus","arr":["11"],"off":[0,-0.8]}},{"type":"Feature","geometry":{"type":"Point","coordinates":[-79.3974,43.80342]},"properties":{"line":"11","mode":"bus","color":"#0059a9","colorDark":"#00294f","band":0,"off":[0,1.1]}},{"type":"Feature","geometry":{"type":"Point","coordinates":[-79.376414,43.722226]},"properties":{"name":"Raab Blvd at Hospital Rd West Side (K & L Wings)","band":0,"modes":"bus","arr":["124","352"],"off":[0,-0.8]}},{"type":"Feature","geometry":{"type":"Point","coordinates":[-79.376414,43.722226]},"properties":{"name":"Hospital Rd at Wellness Way East Side - Sunnybrook Main Entr","band":0,"modes":"bus","arr":["124","352"],"off":[0,-4.1]}},{"type":"Feature","geometry":{"type":"Point","coordinates":[-79.376414,43.722226]},"properties":{"line":"124","mode":"bus","color":"#0059a9","colorDark":"#00294f","band":0,"off":[-1.7,1.1]}},{"type":"Feature","geometry":{"type":"Point","coordinates":[-79.376414,43.722226]},"properties":{"line":"352","mode":"bus","color":"#0059a9","colorDark":"#00294f","band":0,"off":[1.7,1.1]}},{"type":"Feature","geometry":{"type":"Point","coordinates":[-79.396942,43.697977]},"properties":{"name":"Davisville Station at Bus Bay 5","band":0,"modes":"bus","arr":["11","14","28"],"off":[0,-0.8]}},{"type":"Feature","geometry":{"type":"Point","coordinates":[-79.396942,43.697977]},"properties":{"name":"Davisville Station at Bus Bay 3","band":0,"modes":"bus","arr":["11","14","28"],"off":[0,-3]}},{"type":"Feature","geometry":{"type":"Point","coordinates":[-79.396942,43.697977]},"properties":{"line":"11","mode":"bus","color":"#0059a9","colorDark":"#00294f","band":0,"off":[-3.4,1.1]}},{"type":"Feature","geometry":{"type":"Point","coordinates":[-79.396942,43.697977]},"properties":{"line":"14","mode":"bus","color":"#0059a9","colorDark":"#00294f","band":0,"off":[0,1.1]}},{"type":"Feature","geometry":{"type":"Point","coordinates":[-79.396942,43.697977]},"properties":{"line":"28","mode":"bus","color":"#0059a9","colorDark":"#00294f","band":0,"off":[3.4,1.1]}},{"type":"Feature","geometry":{"type":"Point","coordinates":[-79.288715,43.69573]},"properties":{"name":"Victoria Park Station at Bus Bay 6","band":0,"modes":"bus","arr":["12","24","67","924"],"off":[0,-0.8]}},{"type":"Feature","geometry":{"type":"Point","coordinates":[-79.288715,43.69573]},"properties":{"name":"Victoria Park Station at Bus Bay 4","band":0,"modes":"bus","arr":["12","24","67","924"],"off":[0,-3]}},{"type":"Feature","geometry":{"type":"Point","coordinates":[-79.288715,43.69573]},"properties":{"name":"Victoria Park Station at Bus Bay 2","band":0,"modes":"bus","arr":["12","24","67","924"],"off":[0,-5.2]}},{"type":"Feature","geometry":{"type":"Point","coordinates":[-79.288715,43.69573]},"properties":{"line":"12","mode":"bus","color":"#0059a9","colorDark":"#00294f","band":0,"off":[-5.1,1.1]}},{"type":"Feature","geometry":{"type":"Point","coordinates":[-79.288715,43.69573]},"properties":{"line":"24","mode":"bus","color":"#0059a9","colorDark":"#00294f","band":0,"off":[-1.7,1.1]}},{"type":"Feature","geometry":{"type":"Point","coordinates":[-79.288715,43.69573]},"properties":{"line":"67","mode":"bus","color":"#0059a9","colorDark":"#00294f","band":0,"off":[1.7,1.1]}},{"type":"Feature","geometry":{"type":"Point","coordinates":[-79.288715,43.69573]},"properties":{"line":"924","mode":"bus","color":"#0059a9","colorDark":"#00294f","band":0,"off":[5.1,1.1]}},{"type":"Feature","geometry":{"type":"Point","coordinates":[-79.193305,43.788937]},"properties":{"name":"Military Trail at Morningside Ave","band":0,"modes":"bus","arr":["12"],"off":[0,-0.8]}},{"type":"Feature","geometry":{"type":"Point","coordinates":[-79.193305,43.788937]},"properties":{"line":"12","mode":"bus","color":"#0059a9","colorDark":"#00294f","band":0,"off":[0,1.1]}},{"type":"Feature","geometry":{"type":"Point","coordinates":[-79.284266,43.681317]},"properties":{"name":"Bingham Loop","band":0,"modes":"bus,tram","arr":["316","322","324","404","503"],"off":[0,-0.8]}},{"type":"Feature","geometry":{"type":"Point","coordinates":[-79.284266,43.681317]},"properties":{"name":"1091 Kingston Rd - Henley Gardens","band":0,"modes":"bus,tram","arr":["316","322","324","404","503"],"off":[0,-1.9]}},{"type":"Feature","geometry":{"type":"Point","coordinates":[-79.284266,43.681317]},"properties":{"line":"316","mode":"bus","color":"#0059a9","colorDark":"#00294f","band":0,"off":[-6.8,1.1]}},{"type":"Feature","geometry":{"type":"Point","coordinates":[-79.284266,43.681317]},"properties":{"line":"322","mode":"bus","color":"#0059a9","colorDark":"#00294f","band":0,"off":[-3.4,1.1]}},{"type":"Feature","geometry":{"type":"Point","coordinates":[-79.284266,43.681317]},"properties":{"line":"324","mode":"bus","color":"#0059a9","colorDark":"#00294f","band":0,"off":[0,1.1]}},{"type":"Feature","geometry":{"type":"Point","coordinates":[-79.284266,43.681317]},"properties":{"line":"404","mode":"bus","color":"#0059a9","colorDark":"#00294f","band":0,"off":[3.4,1.1]}},{"type":"Feature","geometry":{"type":"Point","coordinates":[-79.284266,43.681317]},"properties":{"line":"503","mode":"tram","color":"#d6212b","colorDark":"#7c1116","band":0,"off":[6.8,1.1]}},{"type":"Feature","geometry":{"type":"Point","coordinates":[-79.399243,43.708622]},"properties":{"name":"Eglinton Station at Bus Bay 3","band":0,"modes":"bus","arr":["13","354"],"off":[0,-0.8]}},{"type":"Feature","geometry":{"type":"Point","coordinates":[-79.399243,43.708622]},"properties":{"name":"Eglinton Ave West at Yonge St West Side","band":0,"modes":"bus","arr":["13","354"],"off":[0,-3]}},{"type":"Feature","geometry":{"type":"Point","coordinates":[-79.399243,43.708622]},"properties":{"name":"Duplex Ave at Eglinton Ave West","band":0,"modes":"bus","arr":["13","354"],"off":[0,-6.3]}},{"type":"Feature","geometry":{"type":"Point","coordinates":[-79.399243,43.708622]},"properties":{"line":"13","mode":"bus","color":"#0059a9","colorDark":"#00294f","band":0,"off":[-1.7,1.1]}},{"type":"Feature","geometry":{"type":"Point","coordinates":[-79.399243,43.708622]},"properties":{"line":"354","mode":"bus","color":"#0059a9","colorDark":"#00294f","band":0,"off":[1.7,1.1]}},{"type":"Feature","geometry":{"type":"Point","coordinates":[-79.390227,43.661064]},"properties":{"name":"Queen's Park Cres East at College St North Side","band":0,"modes":"bus","arr":["13"],"off":[0,-0.8]}},{"type":"Feature","geometry":{"type":"Point","coordinates":[-79.390227,43.661064]},"properties":{"line":"13","mode":"bus","color":"#0059a9","colorDark":"#00294f","band":0,"off":[0,1.1]}},{"type":"Feature","geometry":{"type":"Point","coordinates":[-79.464365,43.704743]},"properties":{"name":"Glencairn Ave at Caledonia Rd East Side","band":0,"modes":"bus","arr":["14"],"off":[0,-0.8]}},{"type":"Feature","geometry":{"type":"Point","coordinates":[-79.464365,43.704743]},"properties":{"line":"14","mode":"bus","color":"#0059a9","colorDark":"#00294f","band":0,"off":[0,1.1]}},{"type":"Feature","geometry":{"type":"Point","coordinates":[-79.558018,43.609988]},"properties":{"name":"Sherway Gardens Rd at Sherway Gate Mall)","band":0,"modes":"bus","arr":["15","80"],"off":[0,-0.8]}},{"type":"Feature","geometry":{"type":"Point","coordinates":[-79.558018,43.609988]},"properties":{"name":"Sherway Gardens Rd at Sherway Gate (Mall) West Side","band":0,"modes":"bus","arr":["15","80"],"off":[0,-4.1]}},{"type":"Feature","geometry":{"type":"Point","coordinates":[-79.558018,43.609988]},"properties":{"line":"15","mode":"bus","color":"#0059a9","colorDark":"#00294f","band":0,"off":[-1.7,1.1]}},{"type":"Feature","geometry":{"type":"Point","coordinates":[-79.558018,43.609988]},"properties":{"line":"80","mode":"bus","color":"#0059a9","colorDark":"#00294f","band":0,"off":[1.7,1.1]}},{"type":"Feature","geometry":{"type":"Point","coordinates":[-79.511172,43.649755]},"properties":{"name":"Royal York Station at Bus Bay 3","band":0,"modes":"bus","arr":["15","48","76","315"],"off":[0,-0.8]}},{"type":"Feature","geometry":{"type":"Point","coordinates":[-79.511172,43.649755]},"properties":{"name":"Royal York Station at Bus Bay 2","band":0,"modes":"bus","arr":["15","48","76","315"],"off":[0,-3]}},{"type":"Feature","geometry":{"type":"Point","coordinates":[-79.511172,43.649755]},"properties":{"name":"Royal York Rd at Bloor St West","band":0,"modes":"bus","arr":["15","48","76","315"],"off":[0,-5.2]}},{"type":"Feature","geometry":{"type":"Point","coordinates":[-79.511172,43.649755]},"properties":{"line":"15","mode":"bus","color":"#0059a9","colorDark":"#00294f","band":0,"off":[-5.1,1.1]}},{"type":"Feature","geometry":{"type":"Point","coordinates":[-79.511172,43.649755]},"properties":{"line":"48","mode":"bus","color":"#0059a9","colorDark":"#00294f","band":0,"off":[-1.7,1.1]}},{"type":"Feature","geometry":{"type":"Point","coordinates":[-79.511172,43.649755]},"properties":{"line":"76","mode":"bus","color":"#0059a9","colorDark":"#00294f","band":0,"off":[1.7,1.1]}},{"type":"Feature","geometry":{"type":"Point","coordinates":[-79.511172,43.649755]},"properties":{"line":"315","mode":"bus","color":"#0059a9","colorDark":"#00294f","band":0,"off":[5.1,1.1]}},{"type":"Feature","geometry":{"type":"Point","coordinates":[-79.325039,43.821002]},"properties":{"name":"Warden Loop at Steeles Ave East","band":0,"modes":"bus","arr":["17","324"],"off":[0,-0.8]}},{"type":"Feature","geometry":{"type":"Point","coordinates":[-79.325039,43.821002]},"properties":{"line":"17","mode":"bus","color":"#0059a9","colorDark":"#00294f","band":0,"off":[-1.7,1.1]}},{"type":"Feature","geometry":{"type":"Point","coordinates":[-79.325039,43.821002]},"properties":{"line":"324","mode":"bus","color":"#0059a9","colorDark":"#00294f","band":0,"off":[1.7,1.1]}},{"type":"Feature","geometry":{"type":"Point","coordinates":[-79.448692,43.725398]},"properties":{"name":"Yorkdale Rd at GO Terminal - Yorkdale Station","band":0,"modes":"bus","arr":["18"],"off":[0,-0.8]}},{"type":"Feature","geometry":{"type":"Point","coordinates":[-79.448692,43.725398]},"properties":{"line":"18","mode":"bus","color":"#0059a9","colorDark":"#00294f","band":0,"off":[0,1.1]}},{"type":"Feature","geometry":{"type":"Point","coordinates":[-79.46541,43.69212]},"properties":{"name":"Caledonia Station at Bus Bay 3","band":0,"modes":"bus","arr":["18","47"],"off":[0,-0.8]}},{"type":"Feature","geometry":{"type":"Point","coordinates":[-79.46541,43.69212]},"properties":{"name":"Caledonia Station at Bus Bay 1","band":0,"modes":"bus","arr":["18","47"],"off":[0,-3]}},{"type":"Feature","geometry":{"type":"Point","coordinates":[-79.46541,43.69212]},"properties":{"line":"18","mode":"bus","color":"#0059a9","colorDark":"#00294f","band":0,"off":[-1.7,1.1]}},{"type":"Feature","geometry":{"type":"Point","coordinates":[-79.46541,43.69212]},"properties":{"line":"47","mode":"bus","color":"#0059a9","colorDark":"#00294f","band":0,"off":[1.7,1.1]}},{"type":"Feature","geometry":{"type":"Point","coordinates":[-79.402017,43.675451]},"properties":{"name":"Davenport Rd at Dupont St","band":0,"modes":"bus","arr":["19"],"off":[0,-0.8]}},{"type":"Feature","geometry":{"type":"Point","coordinates":[-79.402017,43.675451]},"properties":{"line":"19","mode":"bus","color":"#0059a9","colorDark":"#00294f","band":0,"off":[0,1.1]}},{"type":"Feature","geometry":{"type":"Point","coordinates":[-79.378173,43.642628]},"properties":{"name":"Yonge St at Queens Quay East North Side","band":0,"modes":"bus","arr":["19","114","121","202","320"],"off":[0,-0.8]}},{"type":"Feature","geometry":{"type":"Point","coordinates":[-79.378173,43.642628]},"properties":{"name":"Front St West at Bay St","band":0,"modes":"bus","arr":["19","114","121","202","320"],"off":[0,-4.1]}},{"type":"Feature","geometry":{"type":"Point","coordinates":[-79.378173,43.642628]},"properties":{"name":"1 Front St West - Union Station","band":0,"modes":"bus","arr":["19","114","121","202","320"],"off":[0,-6.3]}},{"type":"Feature","geometry":{"type":"Point","coordinates":[-79.378173,43.642628]},"properties":{"line":"19","mode":"bus","color":"#0059a9","colorDark":"#00294f","band":0,"off":[-6.8,1.1]}},{"type":"Feature","geometry":{"type":"Point","coordinates":[-79.378173,43.642628]},"properties":{"line":"114","mode":"bus","color":"#0059a9","colorDark":"#00294f","band":0,"off":[-3.4,1.1]}},{"type":"Feature","geometry":{"type":"Point","coordinates":[-79.378173,43.642628]},"properties":{"line":"121","mode":"bus","color":"#0059a9","colorDark":"#00294f","band":0,"off":[0,1.1]}},{"type":"Feature","geometry":{"type":"Point","coordinates":[-79.378173,43.642628]},"properties":{"line":"202","mode":"bus","color":"#0059a9","colorDark":"#00294f","band":0,"off":[3.4,1.1]}},{"type":"Feature","geometry":{"type":"Point","coordinates":[-79.378173,43.642628]},"properties":{"line":"320","mode":"bus","color":"#0059a9","colorDark":"#00294f","band":0,"off":[6.8,1.1]}},{"type":"Feature","geometry":{"type":"Point","coordinates":[-79.301669,43.693085]},"properties":{"name":"Main Street Station at Bus Bay 4","band":0,"modes":"bus","arr":["20","23","62","113","135"],"off":[0,-0.8]}},{"type":"Feature","geometry":{"type":"Point","coordinates":[-79.301669,43.693085]},"properties":{"name":"Main Street Station at Bus Bay 2","band":0,"modes":"bus","arr":["20","23","62","113","135"],"off":[0,-3]}},{"type":"Feature","geometry":{"type":"Point","coordinates":[-79.301669,43.693085]},"properties":{"name":"Main Street Station at Bus Bay 1","band":0,"modes":"bus","arr":["20","23","62","113","135"],"off":[0,-5.2]}},{"type":"Feature","geometry":{"type":"Point","coordinates":[-79.301669,43.693085]},"properties":{"line":"20","mode":"bus","color":"#0059a9","colorDark":"#00294f","band":0,"off":[-6.8,1.1]}},{"type":"Feature","geometry":{"type":"Point","coordinates":[-79.301669,43.693085]},"properties":{"line":"23","mode":"bus","color":"#0059a9","colorDark":"#00294f","band":0,"off":[-3.4,1.1]}},{"type":"Feature","geometry":{"type":"Point","coordinates":[-79.301669,43.693085]},"properties":{"line":"62","mode":"bus","color":"#0059a9","colorDark":"#00294f","band":0,"off":[0,1.1]}},{"type":"Feature","geometry":{"type":"Point","coordinates":[-79.301669,43.693085]},"properties":{"line":"113","mode":"bus","color":"#0059a9","colorDark":"#00294f","band":0,"off":[3.4,1.1]}},{"type":"Feature","geometry":{"type":"Point","coordinates":[-79.301669,43.693085]},"properties":{"line":"135","mode":"bus","color":"#0059a9","colorDark":"#00294f","band":0,"off":[6.8,1.1]}},{"type":"Feature","geometry":{"type":"Point","coordinates":[-79.263298,43.742996]},"properties":{"name":"Kennedy Station at Bus Bay 2","band":0,"modes":"bus","arr":["20","21","34","57","113","131"],"off":[0,-0.8]}},{"type":"Feature","geometry":{"type":"Point","coordinates":[-79.263298,43.742996]},"properties":{"name":"Kennedy Station at Bus Bay 14 (Platform B)","band":0,"modes":"bus","arr":["20","21","34","57","113","131"],"off":[0,-3]}},{"type":"Feature","geometry":{"type":"Point","coordinates":[-79.263298,43.742996]},"properties":{"name":"Kennedy Station at Bus Bay 13 (Platform B)","band":0,"modes":"bus","arr":["20","21","34","57","113","131"],"off":[0,-6.3]}},{"type":"Feature","geometry":{"type":"Point","coordinates":[-79.263298,43.742996]},"properties":{"line":"20","mode":"bus","color":"#0059a9","colorDark":"#00294f","band":0,"off":[-6.8,1.1]}},{"type":"Feature","geometry":{"type":"Point","coordinates":[-79.263298,43.742996]},"properties":{"line":"21","mode":"bus","color":"#0059a9","colorDark":"#00294f","band":0,"off":[-3.4,1.1]}},{"type":"Feature","geometry":{"type":"Point","coordinates":[-79.263298,43.742996]},"properties":{"line":"34","mode":"bus","color":"#0059a9","colorDark":"#00294f","band":0,"off":[0,1.1]}},{"type":"Feature","geometry":{"type":"Point","coordinates":[-79.263298,43.742996]},"properties":{"line":"57","mode":"bus","color":"#0059a9","colorDark":"#00294f","band":0,"off":[3.4,1.1]}},{"type":"Feature","geometry":{"type":"Point","coordinates":[-79.263298,43.742996]},"properties":{"line":"113","mode":"bus","color":"#0059a9","colorDark":"#00294f","band":0,"off":[6.8,1.1]}},{"type":"Feature","geometry":{"type":"Point","coordinates":[-79.263298,43.742996]},"properties":{"line":"131","mode":"bus","color":"#0059a9","colorDark":"#00294f","band":0,"off":[0,3.1]}},{"type":"Feature","geometry":{"type":"Point","coordinates":[-79.274999,43.694096]},"properties":{"name":"3450 Danforth Ave","band":0,"modes":"bus","arr":["300"],"off":[0,-0.8]}},{"type":"Feature","geometry":{"type":"Point","coordinates":[-79.274999,43.694096]},"properties":{"line":"300","mode":"bus","color":"#0059a9","colorDark":"#00294f","band":0,"off":[0,1.1]}},{"type":"Feature","geometry":{"type":"Point","coordinates":[-79.287196,43.828633]},"properties":{"name":"Brimley Rd at Steeles Ave East North Side","band":0,"modes":"bus","arr":["21"],"off":[0,-0.8]}},{"type":"Feature","geometry":{"type":"Point","coordinates":[-79.287196,43.828633]},"properties":{"name":"Brimley Rd at Steeles Ave East","band":0,"modes":"bus","arr":["21"],"off":[0,-4.1]}},{"type":"Feature","geometry":{"type":"Point","coordinates":[-79.287196,43.828633]},"properties":{"line":"21","mode":"bus","color":"#0059a9","colorDark":"#00294f","band":0,"off":[0,1.1]}},{"type":"Feature","geometry":{"type":"Point","coordinates":[-79.325469,43.685281]},"properties":{"name":"Greenwood Station at Bus Bay 2","band":0,"modes":"bus","arr":["22","31","70"],"off":[0,-0.8]}},{"type":"Feature","geometry":{"type":"Point","coordinates":[-79.325469,43.685281]},"properties":{"name":"Coxwell Station at Bus Bay 4","band":0,"modes":"bus","arr":["22","31","70"],"off":[0,-3]}},{"type":"Feature","geometry":{"type":"Point","coordinates":[-79.325469,43.685281]},"properties":{"name":"Coxwell Station at Bus Bay 1","band":0,"modes":"bus","arr":["22","31","70"],"off":[0,-5.2]}},{"type":"Feature","geometry":{"type":"Point","coordinates":[-79.325469,43.685281]},"properties":{"line":"22","mode":"bus","color":"#0059a9","colorDark":"#00294f","band":0,"off":[-3.4,1.1]}},{"type":"Feature","geometry":{"type":"Point","coordinates":[-79.325469,43.685281]},"properties":{"line":"31","mode":"bus","color":"#0059a9","colorDark":"#00294f","band":0,"off":[0,1.1]}},{"type":"Feature","geometry":{"type":"Point","coordinates":[-79.325469,43.685281]},"properties":{"line":"70","mode":"bus","color":"#0059a9","colorDark":"#00294f","band":0,"off":[3.4,1.1]}},{"type":"Feature","geometry":{"type":"Point","coordinates":[-79.311454,43.665731]},"properties":{"name":"Woodbine Beach Loop at Lake Shore Blvd East","band":0,"modes":"bus","arr":["22","31","92"],"off":[0,-0.8]}},{"type":"Feature","geometry":{"type":"Point","coordinates":[-79.311454,43.665731]},"properties":{"name":"Eastern Ave at Queen St East South Side","band":0,"modes":"bus","arr":["22","31","92"],"off":[0,-4.1]}},{"type":"Feature","geometry":{"type":"Point","coordinates":[-79.311454,43.665731]},"properties":{"name":"Eastern Ave at Queen St East","band":0,"modes":"bus","arr":["22","31","92"],"off":[0,-7.4]}},{"type":"Feature","geometry":{"type":"Point","coordinates":[-79.311454,43.665731]},"properties":{"line":"22","mode":"bus","color":"#0059a9","colorDark":"#00294f","band":0,"off":[-3.4,1.1]}},{"type":"Feature","geometry":{"type":"Point","coordinates":[-79.311454,43.665731]},"properties":{"line":"31","mode":"bus","color":"#0059a9","colorDark":"#00294f","band":0,"off":[0,1.1]}},{"type":"Feature","geometry":{"type":"Point","coordinates":[-79.311454,43.665731]},"properties":{"line":"92","mode":"bus","color":"#0059a9","colorDark":"#00294f","band":0,"off":[3.4,1.1]}},{"type":"Feature","geometry":{"type":"Point","coordinates":[-79.305585,43.704588]},"properties":{"name":"195 Rexleigh Dr","band":0,"modes":"bus","arr":["23"],"off":[0,-0.8]}},{"type":"Feature","geometry":{"type":"Point","coordinates":[-79.305585,43.704588]},"properties":{"line":"23","mode":"bus","color":"#0059a9","colorDark":"#00294f","band":0,"off":[0,1.1]}},{"type":"Feature","geometry":{"type":"Point","coordinates":[-79.339202,43.817416]},"properties":{"name":"Victoria Park Ave Loop at Steeles Ave East","band":0,"modes":"bus","arr":["24","167","924"],"off":[0,-0.8]}},{"type":"Feature","geometry":{"type":"Point","coordinates":[-79.339202,43.817416]},"properties":{"name":"Esna Park Dr Loop at Steeles Ave East","band":0,"modes":"bus","arr":["24","167","924"],"off":[0,-4.1]}},{"type":"Feature","geometry":{"type":"Point","coordinates":[-79.339202,43.817416]},"properties":{"line":"24","mode":"bus","color":"#0059a9","colorDark":"#00294f","band":0,"off":[-3.4,1.1]}},{"type":"Feature","geometry":{"type":"Point","coordinates":[-79.339202,43.817416]},"properties":{"line":"167","mode":"bus","color":"#0059a9","colorDark":"#00294f","band":0,"off":[0,1.1]}},{"type":"Feature","geometry":{"type":"Point","coordinates":[-79.339202,43.817416]},"properties":{"line":"924","mode":"bus","color":"#0059a9","colorDark":"#00294f","band":0,"off":[3.4,1.1]}},{"type":"Feature","geometry":{"type":"Point","coordinates":[-79.358612,43.809172]},"properties":{"name":"Freshmeadow Dr at Don Mills Rd","band":0,"modes":"bus","arr":["25","151","325","925"],"off":[0,-0.8]}},{"type":"Feature","geometry":{"type":"Point","coordinates":[-79.358612,43.809172]},"properties":{"line":"25","mode":"bus","color":"#0059a9","colorDark":"#00294f","band":0,"off":[-5.1,1.1]}},{"type":"Feature","geometry":{"type":"Point","coordinates":[-79.358612,43.809172]},"properties":{"line":"151","mode":"bus","color":"#0059a9","colorDark":"#00294f","band":0,"off":[-1.7,1.1]}},{"type":"Feature","geometry":{"type":"Point","coordinates":[-79.358612,43.809172]},"properties":{"line":"325","mode":"bus","color":"#0059a9","colorDark":"#00294f","band":0,"off":[1.7,1.1]}},{"type":"Feature","geometry":{"type":"Point","coordinates":[-79.358612,43.809172]},"properties":{"line":"925","mode":"bus","color":"#0059a9","colorDark":"#00294f","band":0,"off":[5.1,1.1]}},{"type":"Feature","geometry":{"type":"Point","coordinates":[-79.485366,43.651713]},"properties":{"name":"Jane Station at Bus Bay 5","band":0,"modes":"bus","arr":["26","27","55","149","335"],"off":[0,-0.8]}},{"type":"Feature","geometry":{"type":"Point","coordinates":[-79.485366,43.651713]},"properties":{"name":"Jane Station at Bus Bay 3","band":0,"modes":"bus","arr":["26","27","55","149","335"],"off":[0,-3]}},{"type":"Feature","geometry":{"type":"Point","coordinates":[-79.485366,43.651713]},"properties":{"name":"Jane Station at Bus Bay 2","band":0,"modes":"bus","arr":["26","27","55","149","335"],"off":[0,-5.2]}},{"type":"Feature","geometry":{"type":"Point","coordinates":[-79.485366,43.651713]},"properties":{"line":"26","mode":"bus","color":"#0059a9","colorDark":"#00294f","band":0,"off":[-6.8,1.1]}},{"type":"Feature","geometry":{"type":"Point","coordinates":[-79.485366,43.651713]},"properties":{"line":"27","mode":"bus","color":"#0059a9","colorDark":"#00294f","band":0,"off":[-3.4,1.1]}},{"type":"Feature","geometry":{"type":"Point","coordinates":[-79.485366,43.651713]},"properties":{"line":"55","mode":"bus","color":"#0059a9","colorDark":"#00294f","band":0,"off":[0,1.1]}},{"type":"Feature","geometry":{"type":"Point","coordinates":[-79.485366,43.651713]},"properties":{"line":"149","mode":"bus","color":"#0059a9","colorDark":"#00294f","band":0,"off":[3.4,1.1]}},{"type":"Feature","geometry":{"type":"Point","coordinates":[-79.485366,43.651713]},"properties":{"line":"335","mode":"bus","color":"#0059a9","colorDark":"#00294f","band":0,"off":[6.8,1.1]}},{"type":"Feature","geometry":{"type":"Point","coordinates":[-79.401841,43.667724]},"properties":{"name":"St George Station at Bus Bay 2","band":0,"modes":"bus,tram","arr":["26","127","310","510"],"off":[0,-0.8]}},{"type":"Feature","geometry":{"type":"Point","coordinates":[-79.401841,43.667724]},"properties":{"name":"Spadina Station Streetcar Platform","band":0,"modes":"bus,tram","arr":["26","127","310","510"],"off":[0,-3]}},{"type":"Feature","geometry":{"type":"Point","coordinates":[-79.401841,43.667724]},"properties":{"name":"Spadina Station at Bus Bay 4","band":0,"modes":"bus,tram","arr":["26","127","310","510"],"off":[0,-5.2]}},{"type":"Feature","geometry":{"type":"Point","coordinates":[-79.401841,43.667724]},"properties":{"line":"26","mode":"bus","color":"#0059a9","colorDark":"#00294f","band":0,"off":[-5.1,1.1]}},{"type":"Feature","geometry":{"type":"Point","coordinates":[-79.401841,43.667724]},"properties":{"line":"127","mode":"bus","color":"#0059a9","colorDark":"#00294f","band":0,"off":[-1.7,1.1]}},{"type":"Feature","geometry":{"type":"Point","coordinates":[-79.401841,43.667724]},"properties":{"line":"310","mode":"tram","color":"#d6212b","colorDark":"#7c1116","band":0,"off":[1.7,1.1]}},{"type":"Feature","geometry":{"type":"Point","coordinates":[-79.401841,43.667724]},"properties":{"line":"510","mode":"tram","color":"#d6212b","colorDark":"#7c1116","band":0,"off":[5.1,1.1]}},{"type":"Feature","geometry":{"type":"Point","coordinates":[-79.487969,43.683374]},"properties":{"name":"Mount Dennis Station at Bus Bay 8","band":0,"modes":"bus","arr":["27","32","34","164","334"],"off":[0,-0.8]}},{"type":"Feature","geometry":{"type":"Point","coordinates":[-79.487969,43.683374]},"properties":{"name":"Mount Dennis Station at Bus Bay 2","band":0,"modes":"bus","arr":["27","32","34","164","334"],"off":[0,-3]}},{"type":"Feature","geometry":{"type":"Point","coordinates":[-79.487969,43.683374]},"properties":{"name":"Mount Dennis Station at Bus Bay 13","band":0,"modes":"bus","arr":["27","32","34","164","334"],"off":[0,-5.2]}},{"type":"Feature","geometry":{"type":"Point","coordinates":[-79.487969,43.683374]},"properties":{"line":"27","mode":"bus","color":"#0059a9","colorDark":"#00294f","band":0,"off":[-6.8,1.1]}},{"type":"Feature","geometry":{"type":"Point","coordinates":[-79.487969,43.683374]},"properties":{"line":"32","mode":"bus","color":"#0059a9","colorDark":"#00294f","band":0,"off":[-3.4,1.1]}},{"type":"Feature","geometry":{"type":"Point","coordinates":[-79.487969,43.683374]},"properties":{"line":"34","mode":"bus","color":"#0059a9","colorDark":"#00294f","band":0,"off":[0,1.1]}},{"type":"Feature","geometry":{"type":"Point","coordinates":[-79.487969,43.683374]},"properties":{"line":"164","mode":"bus","color":"#0059a9","colorDark":"#00294f","band":0,"off":[3.4,1.1]}},{"type":"Feature","geometry":{"type":"Point","coordinates":[-79.487969,43.683374]},"properties":{"line":"334","mode":"bus","color":"#0059a9","colorDark":"#00294f","band":0,"off":[6.8,1.1]}},{"type":"Feature","geometry":{"type":"Point","coordinates":[-79.365604,43.683799]},"properties":{"name":"550 Bayview Ave - Evergreen Brick Works","band":0,"modes":"bus","arr":["28"],"off":[0,-0.8]}},{"type":"Feature","geometry":{"type":"Point","coordinates":[-79.365604,43.683799]},"properties":{"line":"28","mode":"bus","color":"#0059a9","colorDark":"#00294f","band":0,"off":[0,1.1]}},{"type":"Feature","geometry":{"type":"Point","coordinates":[-79.45082,43.729218]},"properties":{"name":"Wilson Station at Lower Bus Bay 2","band":0,"modes":"bus","arr":["29","101","104","929"],"off":[0,-0.8]}},{"type":"Feature","geometry":{"type":"Point","coordinates":[-79.45082,43.729218]},"properties":{"name":"Wilson Station at Bus Bay 7","band":0,"modes":"bus","arr":["29","101","104","929"],"off":[0,-3]}},{"type":"Feature","geometry":{"type":"Point","coordinates":[-79.45082,43.729218]},"properties":{"name":"Wilson Station at Bus Bay 1A","band":0,"modes":"bus","arr":["29","101","104","929"],"off":[0,-5.2]}},{"type":"Feature","geometry":{"type":"Point","coordinates":[-79.45082,43.729218]},"properties":{"line":"29","mode":"bus","color":"#0059a9","colorDark":"#00294f","band":0,"off":[-5.1,1.1]}},{"type":"Feature","geometry":{"type":"Point","coordinates":[-79.45082,43.729218]},"properties":{"line":"101","mode":"bus","color":"#0059a9","colorDark":"#00294f","band":0,"off":[-1.7,1.1]}},{"type":"Feature","geometry":{"type":"Point","coordinates":[-79.45082,43.729218]},"properties":{"line":"104","mode":"bus","color":"#0059a9","colorDark":"#00294f","band":0,"off":[1.7,1.1]}},{"type":"Feature","geometry":{"type":"Point","coordinates":[-79.45082,43.729218]},"properties":{"line":"929","mode":"bus","color":"#0059a9","colorDark":"#00294f","band":0,"off":[5.1,1.1]}},{"type":"Feature","geometry":{"type":"Point","coordinates":[-79.429105,43.634885]},"properties":{"name":"Toronto Rehab - Bickle Centre at 130 Dunn Ave","band":0,"modes":"bus","arr":["29","402","929"],"off":[0,-0.8]}},{"type":"Feature","geometry":{"type":"Point","coordinates":[-79.429105,43.634885]},"properties":{"name":"Dufferin Gate Loop","band":0,"modes":"bus","arr":["29","402","929"],"off":[0,-4.1]}},{"type":"Feature","geometry":{"type":"Point","coordinates":[-79.429105,43.634885]},"properties":{"line":"29","mode":"bus","color":"#0059a9","colorDark":"#00294f","band":0,"off":[-3.4,1.1]}},{"type":"Feature","geometry":{"type":"Point","coordinates":[-79.429105,43.634885]},"properties":{"line":"402","mode":"bus","color":"#0059a9","colorDark":"#00294f","band":0,"off":[0,1.1]}},{"type":"Feature","geometry":{"type":"Point","coordinates":[-79.429105,43.634885]},"properties":{"line":"929","mode":"bus","color":"#0059a9","colorDark":"#00294f","band":0,"off":[3.4,1.1]}},{"type":"Feature","geometry":{"type":"Point","coordinates":[-79.482397,43.665817]},"properties":{"name":"Runnymede Loop at Dundas St West","band":0,"modes":"bus","arr":["30"],"off":[0,-0.8]}},{"type":"Feature","geometry":{"type":"Point","coordinates":[-79.482397,43.665817]},"properties":{"line":"30","mode":"bus","color":"#0059a9","colorDark":"#00294f","band":0,"off":[0,1.1]}},{"type":"Feature","geometry":{"type":"Point","coordinates":[-79.473869,43.656476]},"properties":{"name":"Keele Station at Bus Bay 4","band":0,"modes":"bus","arr":["30","41","80"],"off":[0,-0.8]}},{"type":"Feature","geometry":{"type":"Point","coordinates":[-79.473869,43.656476]},"properties":{"name":"Keele Station at Bus Bay 2","band":0,"modes":"bus","arr":["30","41","80"],"off":[0,-3]}},{"type":"Feature","geometry":{"type":"Point","coordinates":[-79.473869,43.656476]},"properties":{"name":"High Park Station at Bus Bay 1","band":0,"modes":"bus","arr":["30","41","80"],"off":[0,-5.2]}},{"type":"Feature","geometry":{"type":"Point","coordinates":[-79.473869,43.656476]},"properties":{"line":"30","mode":"bus","color":"#0059a9","colorDark":"#00294f","band":0,"off":[-3.4,1.1]}},{"type":"Feature","geometry":{"type":"Point","coordinates":[-79.473869,43.656476]},"properties":{"line":"41","mode":"bus","color":"#0059a9","colorDark":"#00294f","band":0,"off":[0,1.1]}},{"type":"Feature","geometry":{"type":"Point","coordinates":[-79.473869,43.656476]},"properties":{"line":"80","mode":"bus","color":"#0059a9","colorDark":"#00294f","band":0,"off":[3.4,1.1]}},{"type":"Feature","geometry":{"type":"Point","coordinates":[-79.590582,43.663596]},"properties":{"name":"Renforth Station","band":0,"modes":"bus","arr":["32"],"off":[0,-0.8]}},{"type":"Feature","geometry":{"type":"Point","coordinates":[-79.590582,43.663596]},"properties":{"line":"32","mode":"bus","color":"#0059a9","colorDark":"#00294f","band":0,"off":[0,1.1]}},{"type":"Feature","geometry":{"type":"Point","coordinates":[-79.424575,43.701197]},"properties":{"name":"Eglinton Ave West at Bathurst St","band":0,"modes":"bus","arr":["33"],"off":[0,-0.8]}},{"type":"Feature","geometry":{"type":"Point","coordinates":[-79.424575,43.701197]},"properties":{"line":"33","mode":"bus","color":"#0059a9","colorDark":"#00294f","band":0,"off":[0,1.1]}},{"type":"Feature","geometry":{"type":"Point","coordinates":[-79.415122,43.684277]},"properties":{"name":"St Clair West Station at Bus Bay 7","band":0,"modes":"bus","arr":["33","90","126"],"off":[0,-0.8]}},{"type":"Feature","geometry":{"type":"Point","coordinates":[-79.415122,43.684277]},"properties":{"name":"St Clair West Station at Bay 6","band":0,"modes":"bus","arr":["33","90","126"],"off":[0,-3]}},{"type":"Feature","geometry":{"type":"Point","coordinates":[-79.415122,43.684277]},"properties":{"line":"33","mode":"bus","color":"#0059a9","colorDark":"#00294f","band":0,"off":[-3.4,1.1]}},{"type":"Feature","geometry":{"type":"Point","coordinates":[-79.415122,43.684277]},"properties":{"line":"90","mode":"bus","color":"#0059a9","colorDark":"#00294f","band":0,"off":[0,1.1]}},{"type":"Feature","geometry":{"type":"Point","coordinates":[-79.415122,43.684277]},"properties":{"line":"126","mode":"bus","color":"#0059a9","colorDark":"#00294f","band":0,"off":[3.4,1.1]}},{"type":"Feature","geometry":{"type":"Point","coordinates":[-79.506374,43.781051]},"properties":{"name":"Pioneer Village Station Bus Bay 8","band":0,"modes":"bus","arr":["35","41","335","341","353"],"off":[0,-0.8]}},{"type":"Feature","geometry":{"type":"Point","coordinates":[-79.506374,43.781051]},"properties":{"name":"Pioneer Village Station Bus Bay 11","band":0,"modes":"bus","arr":["35","41","335","341","353"],"off":[0,-3]}},{"type":"Feature","geometry":{"type":"Point","coordinates":[-79.506374,43.781051]},"properties":{"name":"Ian MacDonald Blvd at The Chimneystack Rd","band":0,"modes":"bus","arr":["35","41","335","341","353"],"off":[0,-5.2]}},{"type":"Feature","geometry":{"type":"Point","coordinates":[-79.506374,43.781051]},"properties":{"line":"35","mode":"bus","color":"#0059a9","colorDark":"#00294f","band":0,"off":[-6.8,1.1]}},{"type":"Feature","geometry":{"type":"Point","coordinates":[-79.506374,43.781051]},"properties":{"line":"41","mode":"bus","color":"#0059a9","colorDark":"#00294f","band":0,"off":[-3.4,1.1]}},{"type":"Feature","geometry":{"type":"Point","coordinates":[-79.506374,43.781051]},"properties":{"line":"335","mode":"bus","color":"#0059a9","colorDark":"#00294f","band":0,"off":[0,1.1]}},{"type":"Feature","geometry":{"type":"Point","coordinates":[-79.506374,43.781051]},"properties":{"line":"341","mode":"bus","color":"#0059a9","colorDark":"#00294f","band":0,"off":[3.4,1.1]}},{"type":"Feature","geometry":{"type":"Point","coordinates":[-79.506374,43.781051]},"properties":{"line":"353","mode":"bus","color":"#0059a9","colorDark":"#00294f","band":0,"off":[6.8,1.1]}},{"type":"Feature","geometry":{"type":"Point","coordinates":[-79.513336,43.739522]},"properties":{"name":"Jane St at Sheppard Ave West","band":0,"modes":"bus","arr":["99"],"off":[0,-0.8]}},{"type":"Feature","geometry":{"type":"Point","coordinates":[-79.513336,43.739522]},"properties":{"line":"99","mode":"bus","color":"#0059a9","colorDark":"#00294f","band":0,"off":[0,1.1]}},{"type":"Feature","geometry":{"type":"Point","coordinates":[-79.486348,43.692565]},"properties":{"name":"Mount Dennis Station at Bus Bay 5","band":0,"modes":"bus","arr":["35","161","168"],"off":[0,-0.8]}},{"type":"Feature","geometry":{"type":"Point","coordinates":[-79.486348,43.692565]},"properties":{"name":"Mount Dennis Station at Bus Bay 15","band":0,"modes":"bus","arr":["35","161","168"],"off":[0,-3]}},{"type":"Feature","geometry":{"type":"Point","coordinates":[-79.486348,43.692565]},"properties":{"name":"Mount Dennis Station at Bus Bay 10","band":0,"modes":"bus","arr":["35","161","168"],"off":[0,-5.2]}},{"type":"Feature","geometry":{"type":"Point","coordinates":[-79.486348,43.692565]},"properties":{"line":"35","mode":"bus","color":"#0059a9","colorDark":"#00294f","band":0,"off":[-3.4,1.1]}},{"type":"Feature","geometry":{"type":"Point","coordinates":[-79.486348,43.692565]},"properties":{"line":"161","mode":"bus","color":"#0059a9","colorDark":"#00294f","band":0,"off":[0,1.1]}},{"type":"Feature","geometry":{"type":"Point","coordinates":[-79.486348,43.692565]},"properties":{"line":"168","mode":"bus","color":"#0059a9","colorDark":"#00294f","band":0,"off":[3.4,1.1]}},{"type":"Feature","geometry":{"type":"Point","coordinates":[-79.490827,43.767331]},"properties":{"name":"Finch West Station Bus Bay 5","band":0,"modes":"bus","arr":["36","101","107"],"off":[0,-0.8]}},{"type":"Feature","geometry":{"type":"Point","coordinates":[-79.490827,43.767331]},"properties":{"name":"Finch West Station Bus Bay 3","band":0,"modes":"bus","arr":["36","101","107"],"off":[0,-3]}},{"type":"Feature","geometry":{"type":"Point","coordinates":[-79.490827,43.767331]},"properties":{"name":"Finch West Station Bus Bay 2","band":0,"modes":"bus","arr":["36","101","107"],"off":[0,-5.2]}},{"type":"Feature","geometry":{"type":"Point","coordinates":[-79.490827,43.767331]},"properties":{"line":"36","mode":"bus","color":"#0059a9","colorDark":"#00294f","band":0,"off":[-3.4,1.1]}},{"type":"Feature","geometry":{"type":"Point","coordinates":[-79.490827,43.767331]},"properties":{"line":"101","mode":"bus","color":"#0059a9","colorDark":"#00294f","band":0,"off":[0,1.1]}},{"type":"Feature","geometry":{"type":"Point","coordinates":[-79.490827,43.767331]},"properties":{"line":"107","mode":"bus","color":"#0059a9","colorDark":"#00294f","band":0,"off":[3.4,1.1]}},{"type":"Feature","geometry":{"type":"Point","coordinates":[-79.415246,43.773557]},"properties":{"name":"Finch Station at Bus Bay 5","band":0,"modes":"bus","arr":["36","39","336","339"],"off":[0,-0.8]}},{"type":"Feature","geometry":{"type":"Point","coordinates":[-79.415246,43.773557]},"properties":{"name":"Finch Station at Bus Bay 13","band":0,"modes":"bus","arr":["36","39","336","339"],"off":[0,-3]}},{"type":"Feature","geometry":{"type":"Point","coordinates":[-79.415246,43.773557]},"properties":{"name":"Finch Ave West at Yonge St West Side","band":0,"modes":"bus","arr":["36","39","336","339"],"off":[0,-5.2]}},{"type":"Feature","geometry":{"type":"Point","coordinates":[-79.415246,43.773557]},"properties":{"line":"36","mode":"bus","color":"#0059a9","colorDark":"#00294f","band":0,"off":[-5.1,1.1]}},{"type":"Feature","geometry":{"type":"Point","coordinates":[-79.415246,43.773557]},"properties":{"line":"39","mode":"bus","color":"#0059a9","colorDark":"#00294f","band":0,"off":[-1.7,1.1]}},{"type":"Feature","geometry":{"type":"Point","coordinates":[-79.415246,43.773557]},"properties":{"line":"336","mode":"bus","color":"#0059a9","colorDark":"#00294f","band":0,"off":[1.7,1.1]}},{"type":"Feature","geometry":{"type":"Point","coordinates":[-79.415246,43.773557]},"properties":{"line":"339","mode":"bus","color":"#0059a9","colorDark":"#00294f","band":0,"off":[5.1,1.1]}},{"type":"Feature","geometry":{"type":"Point","coordinates":[-79.602639,43.729542]},"properties":{"name":"Humber College Station - Subway Platform","band":0,"modes":"metro,bus","arr":["6","37"],"off":[0,-0.8]}},{"type":"Feature","geometry":{"type":"Point","coordinates":[-79.602639,43.729542]},"properties":{"name":"Humber College Station","band":0,"modes":"metro,bus","arr":["6","37"],"off":[0,-4.1]}},{"type":"Feature","geometry":{"type":"Point","coordinates":[-79.602639,43.729542]},"properties":{"name":"Humber College Bus Terminal","band":0,"modes":"metro,bus","arr":["6","37"],"off":[0,-6.3]}},{"type":"Feature","geometry":{"type":"Point","coordinates":[-79.602639,43.729542]},"properties":{"line":"6","mode":"tram","color":"#808080","colorDark":"#464646","band":0,"metro":1,"off":[-1.7,1.1]}},{"type":"Feature","geometry":{"type":"Point","coordinates":[-79.602639,43.729542]},"properties":{"line":"37","mode":"bus","color":"#0059a9","colorDark":"#00294f","band":0,"off":[1.7,1.1]}},{"type":"Feature","geometry":{"type":"Point","coordinates":[-79.621264,43.724583]},"properties":{"name":"Humberwood Blvd Loop at View Green Cres","band":0,"modes":"bus","arr":["906","996"],"off":[0,-0.8]}},{"type":"Feature","geometry":{"type":"Point","coordinates":[-79.621264,43.724583]},"properties":{"line":"906","mode":"bus","color":"#0059a9","colorDark":"#00294f","band":0,"off":[-1.7,1.1]}},{"type":"Feature","geometry":{"type":"Point","coordinates":[-79.621264,43.724583]},"properties":{"line":"996","mode":"bus","color":"#0059a9","colorDark":"#00294f","band":0,"off":[1.7,1.1]}},{"type":"Feature","geometry":{"type":"Point","coordinates":[-79.603508,43.716055]},"properties":{"name":"Woodbine Race Track Loop (Main Entrance)","band":0,"modes":"bus","arr":["336"],"off":[0,-0.8]}},{"type":"Feature","geometry":{"type":"Point","coordinates":[-79.603508,43.716055]},"properties":{"line":"336","mode":"bus","color":"#0059a9","colorDark":"#00294f","band":0,"off":[0,1.1]}},{"type":"Feature","geometry":{"type":"Point","coordinates":[-79.524094,43.644868]},"properties":{"name":"Islington Station at Bus Bay 13","band":0,"modes":"bus","arr":["37","50","110","937"],"off":[0,-0.8]}},{"type":"Feature","geometry":{"type":"Point","coordinates":[-79.524094,43.644868]},"properties":{"name":"Islington Station at Bus Bay 12","band":0,"modes":"bus","arr":["37","50","110","937"],"off":[0,-3]}},{"type":"Feature","geometry":{"type":"Point","coordinates":[-79.524094,43.644868]},"properties":{"name":"Islington Station at Bus Bay 11","band":0,"modes":"bus","arr":["37","50","110","937"],"off":[0,-5.2]}},{"type":"Feature","geometry":{"type":"Point","coordinates":[-79.524094,43.644868]},"properties":{"line":"37","mode":"bus","color":"#0059a9","colorDark":"#00294f","band":0,"off":[-5.1,1.1]}},{"type":"Feature","geometry":{"type":"Point","coordinates":[-79.524094,43.644868]},"properties":{"line":"50","mode":"bus","color":"#0059a9","colorDark":"#00294f","band":0,"off":[-1.7,1.1]}},{"type":"Feature","geometry":{"type":"Point","coordinates":[-79.524094,43.644868]},"properties":{"line":"110","mode":"bus","color":"#0059a9","colorDark":"#00294f","band":0,"off":[1.7,1.1]}},{"type":"Feature","geometry":{"type":"Point","coordinates":[-79.524094,43.644868]},"properties":{"line":"937","mode":"bus","color":"#0059a9","colorDark":"#00294f","band":0,"off":[5.1,1.1]}},{"type":"Feature","geometry":{"type":"Point","coordinates":[-79.263348,43.721496]},"properties":{"name":"Kennedy Station at Bus Bay 4","band":0,"modes":"bus","arr":["38","43","86","133","154","343","386"],"off":[0,-0.8]}},{"type":"Feature","geometry":{"type":"Point","coordinates":[-79.263348,43.721496]},"properties":{"name":"Kennedy Station at Bus Bay 16 (Platform B)","band":0,"modes":"bus","arr":["38","43","86","133","154","343","386"],"off":[0,-3]}},{"type":"Feature","geometry":{"type":"Point","coordinates":[-79.263348,43.721496]},"properties":{"name":"Kennedy Station at Bus Bay 12 (Platform B)","band":0,"modes":"bus","arr":["38","43","86","133","154","343","386"],"off":[0,-6.3]}},{"type":"Feature","geometry":{"type":"Point","coordinates":[-79.263348,43.721496]},"properties":{"line":"38","mode":"bus","color":"#0059a9","colorDark":"#00294f","band":0,"off":[-6.8,1.1]}},{"type":"Feature","geometry":{"type":"Point","coordinates":[-79.263348,43.721496]},"properties":{"line":"43","mode":"bus","color":"#0059a9","colorDark":"#00294f","band":0,"off":[-3.4,1.1]}},{"type":"Feature","geometry":{"type":"Point","coordinates":[-79.263348,43.721496]},"properties":{"line":"86","mode":"bus","color":"#0059a9","colorDark":"#00294f","band":0,"off":[0,1.1]}},{"type":"Feature","geometry":{"type":"Point","coordinates":[-79.263348,43.721496]},"properties":{"line":"133","mode":"bus","color":"#0059a9","colorDark":"#00294f","band":0,"off":[3.4,1.1]}},{"type":"Feature","geometry":{"type":"Point","coordinates":[-79.263348,43.721496]},"properties":{"line":"154","mode":"bus","color":"#0059a9","colorDark":"#00294f","band":0,"off":[6.8,1.1]}},{"type":"Feature","geometry":{"type":"Point","coordinates":[-79.263348,43.721496]},"properties":{"line":"343","mode":"bus","color":"#0059a9","colorDark":"#00294f","band":0,"off":[-1.7,3.1]}},{"type":"Feature","geometry":{"type":"Point","coordinates":[-79.263348,43.721496]},"properties":{"line":"386","mode":"bus","color":"#0059a9","colorDark":"#00294f","band":0,"off":[1.7,3.1]}},{"type":"Feature","geometry":{"type":"Point","coordinates":[-79.130346,43.780784]},"properties":{"name":"Rouge Hill Go Station Loop at Lawrence Ave East","band":0,"modes":"bus","arr":["38","85","200","385","395"],"off":[0,-0.8]}},{"type":"Feature","geometry":{"type":"Point","coordinates":[-79.130346,43.780784]},"properties":{"name":"Rouge Hill GO Station Loop","band":0,"modes":"bus","arr":["38","85","200","385","395"],"off":[0,-4.1]}},{"type":"Feature","geometry":{"type":"Point","coordinates":[-79.130346,43.780784]},"properties":{"line":"38","mode":"bus","color":"#0059a9","colorDark":"#00294f","band":0,"off":[-6.8,1.1]}},{"type":"Feature","geometry":{"type":"Point","coordinates":[-79.130346,43.780784]},"properties":{"line":"85","mode":"bus","color":"#0059a9","colorDark":"#00294f","band":0,"off":[-3.4,1.1]}},{"type":"Feature","geometry":{"type":"Point","coordinates":[-79.130346,43.780784]},"properties":{"line":"200","mode":"bus","color":"#0059a9","colorDark":"#00294f","band":0,"off":[0,1.1]}},{"type":"Feature","geometry":{"type":"Point","coordinates":[-79.130346,43.780784]},"properties":{"line":"385","mode":"bus","color":"#0059a9","colorDark":"#00294f","band":0,"off":[3.4,1.1]}},{"type":"Feature","geometry":{"type":"Point","coordinates":[-79.130346,43.780784]},"properties":{"line":"395","mode":"bus","color":"#0059a9","colorDark":"#00294f","band":0,"off":[6.8,1.1]}},{"type":"Feature","geometry":{"type":"Point","coordinates":[-79.202685,43.820323]},"properties":{"name":"Morningview Trail at Sewells Rd","band":0,"modes":"bus","arr":["39","131"],"off":[0,-0.8]}},{"type":"Feature","geometry":{"type":"Point","coordinates":[-79.202685,43.820323]},"properties":{"name":"Morningview Trail at Old Finch Ave","band":0,"modes":"bus","arr":["39","131"],"off":[0,-3]}},{"type":"Feature","geometry":{"type":"Point","coordinates":[-79.202685,43.820323]},"properties":{"name":"Littles Rd at Sewells Rd North Side","band":0,"modes":"bus","arr":["39","131"],"off":[0,-5.2]}},{"type":"Feature","geometry":{"type":"Point","coordinates":[-79.202685,43.820323]},"properties":{"line":"39","mode":"bus","color":"#0059a9","colorDark":"#00294f","band":0,"off":[-1.7,1.1]}},{"type":"Feature","geometry":{"type":"Point","coordinates":[-79.202685,43.820323]},"properties":{"line":"131","mode":"bus","color":"#0059a9","colorDark":"#00294f","band":0,"off":[1.7,1.1]}},{"type":"Feature","geometry":{"type":"Point","coordinates":[-79.221446,43.81949]},"properties":{"name":"Morningside Ave at Staines Rd North Side","band":0,"modes":"bus","arr":["53","116","133","953"],"off":[0,-0.8]}},{"type":"Feature","geometry":{"type":"Point","coordinates":[-79.221446,43.81949]},"properties":{"name":"Morningside Ave at Finch Ave East","band":0,"modes":"bus","arr":["53","116","133","953"],"off":[0,-4.1]}},{"type":"Feature","geometry":{"type":"Point","coordinates":[-79.221446,43.81949]},"properties":{"name":"Finch Ave East at Morningside Ave West Side","band":0,"modes":"bus","arr":["53","116","133","953"],"off":[0,-6.3]}},{"type":"Feature","geometry":{"type":"Point","coordinates":[-79.221446,43.81949]},"properties":{"line":"53","mode":"bus","color":"#0059a9","colorDark":"#00294f","band":0,"off":[-5.1,1.1]}},{"type":"Feature","geometry":{"type":"Point","coordinates":[-79.221446,43.81949]},"properties":{"line":"116","mode":"bus","color":"#0059a9","colorDark":"#00294f","band":0,"off":[-1.7,1.1]}},{"type":"Feature","geometry":{"type":"Point","coordinates":[-79.221446,43.81949]},"properties":{"line":"133","mode":"bus","color":"#0059a9","colorDark":"#00294f","band":0,"off":[1.7,1.1]}},{"type":"Feature","geometry":{"type":"Point","coordinates":[-79.221446,43.81949]},"properties":{"line":"953","mode":"bus","color":"#0059a9","colorDark":"#00294f","band":0,"off":[5.1,1.1]}},{"type":"Feature","geometry":{"type":"Point","coordinates":[-79.535814,43.645631]},"properties":{"name":"Kipling Station at Bus Bay 9","band":0,"modes":"bus","arr":["40","44","45","49"],"off":[0,-0.8]}},{"type":"Feature","geometry":{"type":"Point","coordinates":[-79.535814,43.645631]},"properties":{"name":"Kipling Station at Bus Bay 6","band":0,"modes":"bus","arr":["40","44","45","49"],"off":[0,-3]}},{"type":"Feature","geometry":{"type":"Point","coordinates":[-79.535814,43.645631]},"properties":{"name":"Kipling Station at Bus Bay 5","band":0,"modes":"bus","arr":["40","44","45","49"],"off":[0,-5.2]}},{"type":"Feature","geometry":{"type":"Point","coordinates":[-79.535814,43.645631]},"properties":{"line":"40","mode":"bus","color":"#0059a9","colorDark":"#00294f","band":0,"off":[-5.1,1.1]}},{"type":"Feature","geometry":{"type":"Point","coordinates":[-79.535814,43.645631]},"properties":{"line":"44","mode":"bus","color":"#0059a9","colorDark":"#00294f","band":0,"off":[-1.7,1.1]}},{"type":"Feature","geometry":{"type":"Point","coordinates":[-79.535814,43.645631]},"properties":{"line":"45","mode":"bus","color":"#0059a9","colorDark":"#00294f","band":0,"off":[1.7,1.1]}},{"type":"Feature","geometry":{"type":"Point","coordinates":[-79.535814,43.645631]},"properties":{"line":"49","mode":"bus","color":"#0059a9","colorDark":"#00294f","band":0,"off":[5.1,1.1]}},{"type":"Feature","geometry":{"type":"Point","coordinates":[-79.447733,43.653025]},"properties":{"name":"Keele Station at Bus Bay 5","band":0,"modes":"bus","arr":["40","89","168","340","989"],"off":[0,-0.8]}},{"type":"Feature","geometry":{"type":"Point","coordinates":[-79.447733,43.653025]},"properties":{"name":"Dundas West Station at Bus Bay 2","band":0,"modes":"bus","arr":["40","89","168","340","989"],"off":[0,-3]}},{"type":"Feature","geometry":{"type":"Point","coordinates":[-79.447733,43.653025]},"properties":{"name":"Dundas West Station at Bus Bay 1","band":0,"modes":"bus","arr":["40","89","168","340","989"],"off":[0,-5.2]}},{"type":"Feature","geometry":{"type":"Point","coordinates":[-79.447733,43.653025]},"properties":{"line":"40","mode":"bus","color":"#0059a9","colorDark":"#00294f","band":0,"off":[-6.8,1.1]}},{"type":"Feature","geometry":{"type":"Point","coordinates":[-79.447733,43.653025]},"properties":{"line":"89","mode":"bus","color":"#0059a9","colorDark":"#00294f","band":0,"off":[-3.4,1.1]}},{"type":"Feature","geometry":{"type":"Point","coordinates":[-79.447733,43.653025]},"properties":{"line":"168","mode":"bus","color":"#0059a9","colorDark":"#00294f","band":0,"off":[0,1.1]}},{"type":"Feature","geometry":{"type":"Point","coordinates":[-79.447733,43.653025]},"properties":{"line":"340","mode":"bus","color":"#0059a9","colorDark":"#00294f","band":0,"off":[3.4,1.1]}},{"type":"Feature","geometry":{"type":"Point","coordinates":[-79.447733,43.653025]},"properties":{"line":"989","mode":"bus","color":"#0059a9","colorDark":"#00294f","band":0,"off":[6.8,1.1]}},{"type":"Feature","geometry":{"type":"Point","coordinates":[-79.414821,43.788946]},"properties":{"name":"Finch Station at Bus Bay 2","band":0,"modes":"bus","arr":["42","53","60","960"],"off":[0,-0.8]}},{"type":"Feature","geometry":{"type":"Point","coordinates":[-79.414821,43.788946]},"properties":{"name":"Finch Station at Bus Bay 11","band":0,"modes":"bus","arr":["42","53","60","960"],"off":[0,-3]}},{"type":"Feature","geometry":{"type":"Point","coordinates":[-79.414821,43.788946]},"properties":{"name":"Finch Station at Bus Bay 1","band":0,"modes":"bus","arr":["42","53","60","960"],"off":[0,-5.2]}},{"type":"Feature","geometry":{"type":"Point","coordinates":[-79.414821,43.788946]},"properties":{"line":"42","mode":"bus","color":"#0059a9","colorDark":"#00294f","band":0,"off":[-5.1,1.1]}},{"type":"Feature","geometry":{"type":"Point","coordinates":[-79.414821,43.788946]},"properties":{"line":"53","mode":"bus","color":"#0059a9","colorDark":"#00294f","band":0,"off":[-1.7,1.1]}},{"type":"Feature","geometry":{"type":"Point","coordinates":[-79.414821,43.788946]},"properties":{"line":"60","mode":"bus","color":"#0059a9","colorDark":"#00294f","band":0,"off":[1.7,1.1]}},{"type":"Feature","geometry":{"type":"Point","coordinates":[-79.414821,43.788946]},"properties":{"line":"960","mode":"bus","color":"#0059a9","colorDark":"#00294f","band":0,"off":[5.1,1.1]}},{"type":"Feature","geometry":{"type":"Point","coordinates":[-79.251626,43.824299]},"properties":{"name":"80 Dynamic Dr","band":0,"modes":"bus","arr":["42"],"off":[0,-0.8]}},{"type":"Feature","geometry":{"type":"Point","coordinates":[-79.251626,43.824299]},"properties":{"line":"42","mode":"bus","color":"#0059a9","colorDark":"#00294f","band":0,"off":[0,1.1]}},{"type":"Feature","geometry":{"type":"Point","coordinates":[-79.299827,43.825063]},"properties":{"name":"Steeles Ave East at Milliken Go Station","band":0,"modes":"bus","arr":["43","57","343"],"off":[0,-0.8]}},{"type":"Feature","geometry":{"type":"Point","coordinates":[-79.299827,43.825063]},"properties":{"name":"Midland Ave at Steeles Ave East South Side","band":0,"modes":"bus","arr":["43","57","343"],"off":[0,-4.1]}},{"type":"Feature","geometry":{"type":"Point","coordinates":[-79.299827,43.825063]},"properties":{"line":"43","mode":"bus","color":"#0059a9","colorDark":"#00294f","band":0,"off":[-3.4,1.1]}},{"type":"Feature","geometry":{"type":"Point","coordinates":[-79.299827,43.825063]},"properties":{"line":"57","mode":"bus","color":"#0059a9","colorDark":"#00294f","band":0,"off":[0,1.1]}},{"type":"Feature","geometry":{"type":"Point","coordinates":[-79.299827,43.825063]},"properties":{"line":"343","mode":"bus","color":"#0059a9","colorDark":"#00294f","band":0,"off":[3.4,1.1]}},{"type":"Feature","geometry":{"type":"Point","coordinates":[-79.516814,43.594239]},"properties":{"name":"Colonel Samuel Smith Park Dr","band":0,"modes":"bus","arr":["44"],"off":[0,-0.8]}},{"type":"Feature","geometry":{"type":"Point","coordinates":[-79.516814,43.594239]},"properties":{"line":"44","mode":"bus","color":"#0059a9","colorDark":"#00294f","band":0,"off":[0,1.1]}},{"type":"Feature","geometry":{"type":"Point","coordinates":[-79.589697,43.759232]},"properties":{"name":"Kipling Ave at Steeles Ave West South Side","band":0,"modes":"bus","arr":["45","337"],"off":[0,-0.8]}},{"type":"Feature","geometry":{"type":"Point","coordinates":[-79.589697,43.759232]},"properties":{"name":"Kipling Ave at Steeles Ave West","band":0,"modes":"bus","arr":["45","337"],"off":[0,-4.1]}},{"type":"Feature","geometry":{"type":"Point","coordinates":[-79.589697,43.759232]},"properties":{"line":"45","mode":"bus","color":"#0059a9","colorDark":"#00294f","band":0,"off":[-1.7,1.1]}},{"type":"Feature","geometry":{"type":"Point","coordinates":[-79.589697,43.759232]},"properties":{"line":"337","mode":"bus","color":"#0059a9","colorDark":"#00294f","band":0,"off":[1.7,1.1]}},{"type":"Feature","geometry":{"type":"Point","coordinates":[-79.607887,43.756677]},"properties":{"name":"Steeles Ave West Loop at Martin Grove Rd","band":0,"modes":"bus","arr":["46","60","396","927"],"off":[0,-0.8]}},{"type":"Feature","geometry":{"type":"Point","coordinates":[-79.607887,43.756677]},"properties":{"line":"46","mode":"bus","color":"#0059a9","colorDark":"#00294f","band":0,"off":[-5.1,1.1]}},{"type":"Feature","geometry":{"type":"Point","coordinates":[-79.607887,43.756677]},"properties":{"line":"60","mode":"bus","color":"#0059a9","colorDark":"#00294f","band":0,"off":[-1.7,1.1]}},{"type":"Feature","geometry":{"type":"Point","coordinates":[-79.607887,43.756677]},"properties":{"line":"396","mode":"bus","color":"#0059a9","colorDark":"#00294f","band":0,"off":[1.7,1.1]}},{"type":"Feature","geometry":{"type":"Point","coordinates":[-79.607887,43.756677]},"properties":{"line":"927","mode":"bus","color":"#0059a9","colorDark":"#00294f","band":0,"off":[5.1,1.1]}},{"type":"Feature","geometry":{"type":"Point","coordinates":[-79.535786,43.629903]},"properties":{"name":"Kipling Station at Bus Bay 8","band":0,"modes":"bus","arr":["46","111","112"],"off":[0,-0.8]}},{"type":"Feature","geometry":{"type":"Point","coordinates":[-79.535786,43.629903]},"properties":{"name":"Kipling Station at Bus Bay 2","band":0,"modes":"bus","arr":["46","111","112"],"off":[0,-3]}},{"type":"Feature","geometry":{"type":"Point","coordinates":[-79.535786,43.629903]},"properties":{"name":"Kipling Station at Bus Bay 1","band":0,"modes":"bus","arr":["46","111","112"],"off":[0,-5.2]}},{"type":"Feature","geometry":{"type":"Point","coordinates":[-79.535786,43.629903]},"properties":{"line":"46","mode":"bus","color":"#0059a9","colorDark":"#00294f","band":0,"off":[-3.4,1.1]}},{"type":"Feature","geometry":{"type":"Point","coordinates":[-79.535786,43.629903]},"properties":{"line":"111","mode":"bus","color":"#0059a9","colorDark":"#00294f","band":0,"off":[0,1.1]}},{"type":"Feature","geometry":{"type":"Point","coordinates":[-79.535786,43.629903]},"properties":{"line":"112","mode":"bus","color":"#0059a9","colorDark":"#00294f","band":0,"off":[3.4,1.1]}},{"type":"Feature","geometry":{"type":"Point","coordinates":[-79.442255,43.659342]},"properties":{"name":"Lansdowne Ave at Wade Ave - Lansdowne Station","band":0,"modes":"bus","arr":["47"],"off":[0,-0.8]}},{"type":"Feature","geometry":{"type":"Point","coordinates":[-79.442255,43.659342]},"properties":{"line":"47","mode":"bus","color":"#0059a9","colorDark":"#00294f","band":0,"off":[0,1.1]}},{"type":"Feature","geometry":{"type":"Point","coordinates":[-79.590206,43.645426]},"properties":{"name":"Mill Rd at Rathburn Rd Loop","band":0,"modes":"bus","arr":["48"],"off":[0,-0.8]}},{"type":"Feature","geometry":{"type":"Point","coordinates":[-79.590206,43.645426]},"properties":{"line":"48","mode":"bus","color":"#0059a9","colorDark":"#00294f","band":0,"off":[0,1.1]}},{"type":"Feature","geometry":{"type":"Point","coordinates":[-79.580286,43.629624]},"properties":{"name":"Markland Dr (West) at Bloor St West North Side","band":0,"modes":"bus","arr":["49"],"off":[0,-0.8]}},{"type":"Feature","geometry":{"type":"Point","coordinates":[-79.580286,43.629624]},"properties":{"line":"49","mode":"bus","color":"#0059a9","colorDark":"#00294f","band":0,"off":[0,1.1]}},{"type":"Feature","geometry":{"type":"Point","coordinates":[-79.582909,43.640556]},"properties":{"name":"Mill Rd at Burnhamthorpe Loop","band":0,"modes":"bus","arr":["50"],"off":[0,-0.8]}},{"type":"Feature","geometry":{"type":"Point","coordinates":[-79.582909,43.640556]},"properties":{"line":"50","mode":"bus","color":"#0059a9","colorDark":"#00294f","band":0,"off":[0,1.1]}},{"type":"Feature","geometry":{"type":"Point","coordinates":[-79.367752,43.77044]},"properties":{"name":"Leslie Station at Bus Bay 3","band":0,"modes":"bus","arr":["51","151"],"off":[0,-0.8]}},{"type":"Feature","geometry":{"type":"Point","coordinates":[-79.367752,43.77044]},"properties":{"name":"Leslie Station at Bus Bay 2","band":0,"modes":"bus","arr":["51","151"],"off":[0,-3]}},{"type":"Feature","geometry":{"type":"Point","coordinates":[-79.367752,43.77044]},"properties":{"line":"51","mode":"bus","color":"#0059a9","colorDark":"#00294f","band":0,"off":[-1.7,1.1]}},{"type":"Feature","geometry":{"type":"Point","coordinates":[-79.367752,43.77044]},"properties":{"line":"151","mode":"bus","color":"#0059a9","colorDark":"#00294f","band":0,"off":[1.7,1.1]}},{"type":"Feature","geometry":{"type":"Point","coordinates":[-79.337892,43.680941]},"properties":{"name":"Donlands Station at Bus Bay 3","band":0,"modes":"bus","arr":["51","83"],"off":[0,-0.8]}},{"type":"Feature","geometry":{"type":"Point","coordinates":[-79.337892,43.680941]},"properties":{"name":"Donlands Station at Bus Bay 1","band":0,"modes":"bus","arr":["51","83"],"off":[0,-3]}},{"type":"Feature","geometry":{"type":"Point","coordinates":[-79.337892,43.680941]},"properties":{"line":"51","mode":"bus","color":"#0059a9","colorDark":"#00294f","band":0,"off":[-1.7,1.1]}},{"type":"Feature","geometry":{"type":"Point","coordinates":[-79.337892,43.680941]},"properties":{"line":"83","mode":"bus","color":"#0059a9","colorDark":"#00294f","band":0,"off":[1.7,1.1]}},{"type":"Feature","geometry":{"type":"Point","coordinates":[-79.640651,43.721692]},"properties":{"name":"Westwood Square Bus Terminal at Morning Star Dr","band":0,"modes":"bus","arr":["52"],"off":[0,-0.8]}},{"type":"Feature","geometry":{"type":"Point","coordinates":[-79.640651,43.721692]},"properties":{"line":"52","mode":"bus","color":"#0059a9","colorDark":"#00294f","band":0,"off":[0,1.1]}},{"type":"Feature","geometry":{"type":"Point","coordinates":[-79.402267,43.726873]},"properties":{"name":"Lawrence Station at Bus Bay 5","band":0,"modes":"bus","arr":["52","124","162"],"off":[0,-0.8]}},{"type":"Feature","geometry":{"type":"Point","coordinates":[-79.402267,43.726873]},"properties":{"name":"Lawrence Station at Bus Bay 4","band":0,"modes":"bus","arr":["52","124","162"],"off":[0,-3]}},{"type":"Feature","geometry":{"type":"Point","coordinates":[-79.402267,43.726873]},"properties":{"name":"Lawrence Station at Bus Bay 2","band":0,"modes":"bus","arr":["52","124","162"],"off":[0,-5.2]}},{"type":"Feature","geometry":{"type":"Point","coordinates":[-79.402267,43.726873]},"properties":{"line":"52","mode":"bus","color":"#0059a9","colorDark":"#00294f","band":0,"off":[-3.4,1.1]}},{"type":"Feature","geometry":{"type":"Point","coordinates":[-79.402267,43.726873]},"properties":{"line":"124","mode":"bus","color":"#0059a9","colorDark":"#00294f","band":0,"off":[0,1.1]}},{"type":"Feature","geometry":{"type":"Point","coordinates":[-79.402267,43.726873]},"properties":{"line":"162","mode":"bus","color":"#0059a9","colorDark":"#00294f","band":0,"off":[3.4,1.1]}},{"type":"Feature","geometry":{"type":"Point","coordinates":[-79.33763,43.723376]},"properties":{"name":"Don Valley Station at Bus Bay 4","band":0,"modes":"bus","arr":["54","72","100","954"],"off":[0,-0.8]}},{"type":"Feature","geometry":{"type":"Point","coordinates":[-79.33763,43.723376]},"properties":{"name":"Don Valley Station at Bus Bay 3","band":0,"modes":"bus","arr":["54","72","100","954"],"off":[0,-3]}},{"type":"Feature","geometry":{"type":"Point","coordinates":[-79.33763,43.723376]},"properties":{"name":"Don Valley Station at Bus Bay 2","band":0,"modes":"bus","arr":["54","72","100","954"],"off":[0,-5.2]}},{"type":"Feature","geometry":{"type":"Point","coordinates":[-79.33763,43.723376]},"properties":{"line":"54","mode":"bus","color":"#0059a9","colorDark":"#00294f","band":0,"off":[-5.1,1.1]}},{"type":"Feature","geometry":{"type":"Point","coordinates":[-79.33763,43.723376]},"properties":{"line":"72","mode":"bus","color":"#0059a9","colorDark":"#00294f","band":0,"off":[-1.7,1.1]}},{"type":"Feature","geometry":{"type":"Point","coordinates":[-79.33763,43.723376]},"properties":{"line":"100","mode":"bus","color":"#0059a9","colorDark":"#00294f","band":0,"off":[1.7,1.1]}},{"type":"Feature","geometry":{"type":"Point","coordinates":[-79.33763,43.723376]},"properties":{"line":"954","mode":"bus","color":"#0059a9","colorDark":"#00294f","band":0,"off":[5.1,1.1]}},{"type":"Feature","geometry":{"type":"Point","coordinates":[-79.123013,43.788645]},"properties":{"name":"Starspray Loop at Lawrence Ave East","band":0,"modes":"bus","arr":["54","354","954"],"off":[0,-0.8]}},{"type":"Feature","geometry":{"type":"Point","coordinates":[-79.123013,43.788645]},"properties":{"line":"54","mode":"bus","color":"#0059a9","colorDark":"#00294f","band":0,"off":[-3.4,1.1]}},{"type":"Feature","geometry":{"type":"Point","coordinates":[-79.123013,43.788645]},"properties":{"line":"354","mode":"bus","color":"#0059a9","colorDark":"#00294f","band":0,"off":[0,1.1]}},{"type":"Feature","geometry":{"type":"Point","coordinates":[-79.123013,43.788645]},"properties":{"line":"954","mode":"bus","color":"#0059a9","colorDark":"#00294f","band":0,"off":[3.4,1.1]}},{"type":"Feature","geometry":{"type":"Point","coordinates":[-79.502708,43.662684]},"properties":{"name":"Lundy Ave at Warren Cres","band":0,"modes":"bus","arr":["55"],"off":[0,-0.8]}},{"type":"Feature","geometry":{"type":"Point","coordinates":[-79.502708,43.662684]},"properties":{"line":"55","mode":"bus","color":"#0059a9","colorDark":"#00294f","band":0,"off":[0,1.1]}},{"type":"Feature","geometry":{"type":"Point","coordinates":[-79.532699,43.708002]},"properties":{"name":"Oak St at Weston Rd East Side","band":0,"modes":"bus","arr":["59","158"],"off":[0,-0.8]}},{"type":"Feature","geometry":{"type":"Point","coordinates":[-79.532699,43.708002]},"properties":{"name":"Oak St at Weston Rd","band":0,"modes":"bus","arr":["59","158"],"off":[0,-3]}},{"type":"Feature","geometry":{"type":"Point","coordinates":[-79.532699,43.708002]},"properties":{"line":"59","mode":"bus","color":"#0059a9","colorDark":"#00294f","band":0,"off":[-1.7,1.1]}},{"type":"Feature","geometry":{"type":"Point","coordinates":[-79.532699,43.708002]},"properties":{"line":"158","mode":"bus","color":"#0059a9","colorDark":"#00294f","band":0,"off":[1.7,1.1]}},{"type":"Feature","geometry":{"type":"Point","coordinates":[-79.443894,43.715585]},"properties":{"name":"Lawrence West Station at Bus Bay 2","band":0,"modes":"bus","arr":["59"],"off":[0,-0.8]}},{"type":"Feature","geometry":{"type":"Point","coordinates":[-79.443894,43.715585]},"properties":{"line":"59","mode":"bus","color":"#0059a9","colorDark":"#00294f","band":0,"off":[0,1.1]}},{"type":"Feature","geometry":{"type":"Point","coordinates":[-79.470251,43.786916]},"properties":{"name":"Steeles Ave West at Dufferin St","band":0,"modes":"bus","arr":["105","329"],"off":[0,-0.8]}},{"type":"Feature","geometry":{"type":"Point","coordinates":[-79.470251,43.786916]},"properties":{"name":"Dufferin St at Steeles Ave West South Side","band":0,"modes":"bus","arr":["105","329"],"off":[0,-3]}},{"type":"Feature","geometry":{"type":"Point","coordinates":[-79.470251,43.786916]},"properties":{"line":"105","mode":"bus","color":"#0059a9","colorDark":"#00294f","band":0,"off":[-1.7,1.1]}},{"type":"Feature","geometry":{"type":"Point","coordinates":[-79.470251,43.786916]},"properties":{"line":"329","mode":"bus","color":"#0059a9","colorDark":"#00294f","band":0,"off":[1.7,1.1]}},{"type":"Feature","geometry":{"type":"Point","coordinates":[-79.424261,43.743619]},"properties":{"name":"Bombay Loop at Avenue Rd","band":0,"modes":"bus","arr":["61"],"off":[0,-0.8]}},{"type":"Feature","geometry":{"type":"Point","coordinates":[-79.424261,43.743619]},"properties":{"line":"61","mode":"bus","color":"#0059a9","colorDark":"#00294f","band":0,"off":[0,1.1]}},{"type":"Feature","geometry":{"type":"Point","coordinates":[-79.399258,43.702573]},"properties":{"name":"Eglinton Station at Bus Bay 9","band":0,"modes":"bus","arr":["61","74","103"],"off":[0,-0.8]}},{"type":"Feature","geometry":{"type":"Point","coordinates":[-79.399258,43.702573]},"properties":{"name":"Eglinton Station at Bus Bay 8","band":0,"modes":"bus","arr":["61","74","103"],"off":[0,-3]}},{"type":"Feature","geometry":{"type":"Point","coordinates":[-79.399258,43.702573]},"properties":{"name":"Eglinton Station at Bus Bay 4","band":0,"modes":"bus","arr":["61","74","103"],"off":[0,-5.2]}},{"type":"Feature","geometry":{"type":"Point","coordinates":[-79.399258,43.702573]},"properties":{"line":"61","mode":"bus","color":"#0059a9","colorDark":"#00294f","band":0,"off":[-3.4,1.1]}},{"type":"Feature","geometry":{"type":"Point","coordinates":[-79.399258,43.702573]},"properties":{"line":"74","mode":"bus","color":"#0059a9","colorDark":"#00294f","band":0,"off":[0,1.1]}},{"type":"Feature","geometry":{"type":"Point","coordinates":[-79.399258,43.702573]},"properties":{"line":"103","mode":"bus","color":"#0059a9","colorDark":"#00294f","band":0,"off":[3.4,1.1]}},{"type":"Feature","geometry":{"type":"Point","coordinates":[-79.435866,43.70195]},"properties":{"name":"Cedarvale Station at Bus Bay 8","band":0,"modes":"bus","arr":["63","90","109","164"],"off":[0,-0.8]}},{"type":"Feature","geometry":{"type":"Point","coordinates":[-79.435866,43.70195]},"properties":{"name":"Cedarvale Station at Bus Bay 7","band":0,"modes":"bus","arr":["63","90","109","164"],"off":[0,-3]}},{"type":"Feature","geometry":{"type":"Point","coordinates":[-79.435866,43.70195]},"properties":{"name":"Cedarvale Station at Bus Bay 5","band":0,"modes":"bus","arr":["63","90","109","164"],"off":[0,-5.2]}},{"type":"Feature","geometry":{"type":"Point","coordinates":[-79.435866,43.70195]},"properties":{"line":"63","mode":"bus","color":"#0059a9","colorDark":"#00294f","band":0,"off":[-5.1,1.1]}},{"type":"Feature","geometry":{"type":"Point","coordinates":[-79.435866,43.70195]},"properties":{"line":"90","mode":"bus","color":"#0059a9","colorDark":"#00294f","band":0,"off":[-1.7,1.1]}},{"type":"Feature","geometry":{"type":"Point","coordinates":[-79.435866,43.70195]},"properties":{"line":"109","mode":"bus","color":"#0059a9","colorDark":"#00294f","band":0,"off":[1.7,1.1]}},{"type":"Feature","geometry":{"type":"Point","coordinates":[-79.435866,43.70195]},"properties":{"line":"164","mode":"bus","color":"#0059a9","colorDark":"#00294f","band":0,"off":[5.1,1.1]}},{"type":"Feature","geometry":{"type":"Point","coordinates":[-79.42645,43.663942]},"properties":{"name":"Ossington Station at Bus Bay 6","band":0,"modes":"bus","arr":["63","94"],"off":[0,-0.8]}},{"type":"Feature","geometry":{"type":"Point","coordinates":[-79.42645,43.663942]},"properties":{"name":"Ossington Station at Bus Bay 4","band":0,"modes":"bus","arr":["63","94"],"off":[0,-3]}},{"type":"Feature","geometry":{"type":"Point","coordinates":[-79.42645,43.663942]},"properties":{"name":"Ossington Station at Bus Bay 2","band":0,"modes":"bus","arr":["63","94"],"off":[0,-5.2]}},{"type":"Feature","geometry":{"type":"Point","coordinates":[-79.42645,43.663942]},"properties":{"line":"63","mode":"bus","color":"#0059a9","colorDark":"#00294f","band":0,"off":[-1.7,1.1]}},{"type":"Feature","geometry":{"type":"Point","coordinates":[-79.42645,43.663942]},"properties":{"line":"94","mode":"bus","color":"#0059a9","colorDark":"#00294f","band":0,"off":[1.7,1.1]}},{"type":"Feature","geometry":{"type":"Point","coordinates":[-79.301477,43.683939]},"properties":{"name":"Main Street Station at Bus Bay 5","band":0,"modes":"bus,tram","arr":["64","87","306"],"off":[0,-0.8]}},{"type":"Feature","geometry":{"type":"Point","coordinates":[-79.301477,43.683939]},"properties":{"name":"Main Street Station at Bus Bay 3","band":0,"modes":"bus,tram","arr":["64","87","306"],"off":[0,-3]}},{"type":"Feature","geometry":{"type":"Point","coordinates":[-79.301477,43.683939]},"properties":{"name":"Main St at Danforth Ave","band":0,"modes":"bus,tram","arr":["64","87","306"],"off":[0,-5.2]}},{"type":"Feature","geometry":{"type":"Point","coordinates":[-79.301477,43.683939]},"properties":{"line":"64","mode":"bus","color":"#0059a9","colorDark":"#00294f","band":0,"off":[-3.4,1.1]}},{"type":"Feature","geometry":{"type":"Point","coordinates":[-79.301477,43.683939]},"properties":{"line":"87","mode":"bus","color":"#0059a9","colorDark":"#00294f","band":0,"off":[0,1.1]}},{"type":"Feature","geometry":{"type":"Point","coordinates":[-79.301477,43.683939]},"properties":{"line":"306","mode":"tram","color":"#d6212b","colorDark":"#7c1116","band":0,"off":[3.4,1.1]}},{"type":"Feature","geometry":{"type":"Point","coordinates":[-79.295812,43.671113]},"properties":{"name":"Wineva Ave at Queen St East","band":0,"modes":"bus","arr":["64"],"off":[0,-0.8]}},{"type":"Feature","geometry":{"type":"Point","coordinates":[-79.295812,43.671113]},"properties":{"line":"64","mode":"bus","color":"#0059a9","colorDark":"#00294f","band":0,"off":[0,1.1]}},{"type":"Feature","geometry":{"type":"Point","coordinates":[-79.367376,43.671814]},"properties":{"name":"Parliament St at Howard St South Side","band":0,"modes":"bus","arr":["65","365"],"off":[0,-0.8]}},{"type":"Feature","geometry":{"type":"Point","coordinates":[-79.367376,43.671814]},"properties":{"name":"Parliament St at Bloor St East","band":0,"modes":"bus","arr":["65","365"],"off":[0,-4.1]}},{"type":"Feature","geometry":{"type":"Point","coordinates":[-79.367376,43.671814]},"properties":{"name":"Castle Frank Station at Bus Bay 1","band":0,"modes":"bus","arr":["65","365"],"off":[0,-6.3]}},{"type":"Feature","geometry":{"type":"Point","coordinates":[-79.367376,43.671814]},"properties":{"line":"65","mode":"bus","color":"#0059a9","colorDark":"#00294f","band":0,"off":[-1.7,1.1]}},{"type":"Feature","geometry":{"type":"Point","coordinates":[-79.367376,43.671814]},"properties":{"line":"365","mode":"bus","color":"#0059a9","colorDark":"#00294f","band":0,"off":[1.7,1.1]}},{"type":"Feature","geometry":{"type":"Point","coordinates":[-79.366452,43.644595]},"properties":{"name":"Lower Jarvis St at Queens Quay East North Side","band":0,"modes":"bus","arr":["65","75","365"],"off":[0,-0.8]}},{"type":"Feature","geometry":{"type":"Point","coordinates":[-79.366452,43.644595]},"properties":{"name":"Dockside Dr at Queens Quay East","band":0,"modes":"bus","arr":["65","75","365"],"off":[0,-4.1]}},{"type":"Feature","geometry":{"type":"Point","coordinates":[-79.366452,43.644595]},"properties":{"line":"65","mode":"bus","color":"#0059a9","colorDark":"#00294f","band":0,"off":[-3.4,1.1]}},{"type":"Feature","geometry":{"type":"Point","coordinates":[-79.366452,43.644595]},"properties":{"line":"75","mode":"bus","color":"#0059a9","colorDark":"#00294f","band":0,"off":[0,1.1]}},{"type":"Feature","geometry":{"type":"Point","coordinates":[-79.366452,43.644595]},"properties":{"line":"365","mode":"bus","color":"#0059a9","colorDark":"#00294f","band":0,"off":[3.4,1.1]}},{"type":"Feature","geometry":{"type":"Point","coordinates":[-79.496511,43.650226]},"properties":{"name":"Old Mill Station at Bus Bay 2","band":0,"modes":"bus","arr":["66"],"off":[0,-0.8]}},{"type":"Feature","geometry":{"type":"Point","coordinates":[-79.496511,43.650226]},"properties":{"line":"66","mode":"bus","color":"#0059a9","colorDark":"#00294f","band":0,"off":[0,1.1]}},{"type":"Feature","geometry":{"type":"Point","coordinates":[-79.477561,43.624637]},"properties":{"name":"Marine Parade Dr at Silver Moon Dr","band":0,"modes":"bus","arr":["66"],"off":[0,-0.8]}},{"type":"Feature","geometry":{"type":"Point","coordinates":[-79.477561,43.624637]},"properties":{"line":"66","mode":"bus","color":"#0059a9","colorDark":"#00294f","band":0,"off":[0,1.1]}},{"type":"Feature","geometry":{"type":"Point","coordinates":[-79.310629,43.765192]},"properties":{"name":"Penworth Rd at Crosland Dr","band":0,"modes":"bus","arr":["67"],"off":[0,-0.8]}},{"type":"Feature","geometry":{"type":"Point","coordinates":[-79.310629,43.765192]},"properties":{"line":"67","mode":"bus","color":"#0059a9","colorDark":"#00294f","band":0,"off":[0,1.1]}},{"type":"Feature","geometry":{"type":"Point","coordinates":[-79.337464,43.8946]},"properties":{"name":"Angus Glen Community Centre Loop at Major Mackenzie Dr East","band":0,"modes":"bus","arr":["68"],"off":[0,-0.8]}},{"type":"Feature","geometry":{"type":"Point","coordinates":[-79.337464,43.8946]},"properties":{"line":"68","mode":"bus","color":"#0059a9","colorDark":"#00294f","band":0,"off":[0,1.1]}},{"type":"Feature","geometry":{"type":"Point","coordinates":[-79.280069,43.706416]},"properties":{"name":"Warden Station at Temporary Bus Bay 7","band":0,"modes":"bus","arr":["69","102","117","135","902"],"off":[0,-0.8]}},{"type":"Feature","geometry":{"type":"Point","coordinates":[-79.280069,43.706416]},"properties":{"name":"Warden Station at Temporary Bus Bay 4","band":0,"modes":"bus","arr":["69","102","117","135","902"],"off":[0,-4.1]}},{"type":"Feature","geometry":{"type":"Point","coordinates":[-79.280069,43.706416]},"properties":{"name":"Warden Station at Temporary Bus Bay 1","band":0,"modes":"bus","arr":["69","102","117","135","902"],"off":[0,-7.4]}},{"type":"Feature","geometry":{"type":"Point","coordinates":[-79.280069,43.706416]},"properties":{"line":"69","mode":"bus","color":"#0059a9","colorDark":"#00294f","band":0,"off":[-6.8,1.1]}},{"type":"Feature","geometry":{"type":"Point","coordinates":[-79.280069,43.706416]},"properties":{"line":"102","mode":"bus","color":"#0059a9","colorDark":"#00294f","band":0,"off":[-3.4,1.1]}},{"type":"Feature","geometry":{"type":"Point","coordinates":[-79.280069,43.706416]},"properties":{"line":"117","mode":"bus","color":"#0059a9","colorDark":"#00294f","band":0,"off":[0,1.1]}},{"type":"Feature","geometry":{"type":"Point","coordinates":[-79.280069,43.706416]},"properties":{"line":"135","mode":"bus","color":"#0059a9","colorDark":"#00294f","band":0,"off":[3.4,1.1]}},{"type":"Feature","geometry":{"type":"Point","coordinates":[-79.280069,43.706416]},"properties":{"line":"902","mode":"bus","color":"#0059a9","colorDark":"#00294f","band":0,"off":[6.8,1.1]}},{"type":"Feature","geometry":{"type":"Point","coordinates":[-79.233722,43.716877]},"properties":{"name":"Brooklawn Ave at Barkdene Hills","band":0,"modes":"bus","arr":["69"],"off":[0,-0.8]}},{"type":"Feature","geometry":{"type":"Point","coordinates":[-79.233722,43.716877]},"properties":{"line":"69","mode":"bus","color":"#0059a9","colorDark":"#00294f","band":0,"off":[0,1.1]}},{"type":"Feature","geometry":{"type":"Point","coordinates":[-79.298451,43.727182]},"properties":{"name":"Craigton Dr at Pharmacy Ave","band":0,"modes":"bus","arr":["70"],"off":[0,-0.8]}},{"type":"Feature","geometry":{"type":"Point","coordinates":[-79.298451,43.727182]},"properties":{"line":"70","mode":"bus","color":"#0059a9","colorDark":"#00294f","band":0,"off":[0,1.1]}},{"type":"Feature","geometry":{"type":"Point","coordinates":[-79.494725,43.693163]},"properties":{"name":"Mount Dennis Garage","band":0,"modes":"bus","arr":["71","171"],"off":[0,-0.8]}},{"type":"Feature","geometry":{"type":"Point","coordinates":[-79.494725,43.693163]},"properties":{"name":"Industry St at Ray Ave","band":0,"modes":"bus","arr":["71","171"],"off":[0,-3]}},{"type":"Feature","geometry":{"type":"Point","coordinates":[-79.494725,43.693163]},"properties":{"name":"109 Industry St","band":0,"modes":"bus","arr":["71","171"],"off":[0,-5.2]}},{"type":"Feature","geometry":{"type":"Point","coordinates":[-79.494725,43.693163]},"properties":{"line":"71","mode":"bus","color":"#0059a9","colorDark":"#00294f","band":0,"off":[-1.7,1.1]}},{"type":"Feature","geometry":{"type":"Point","coordinates":[-79.494725,43.693163]},"properties":{"line":"171","mode":"bus","color":"#0059a9","colorDark":"#00294f","band":0,"off":[1.7,1.1]}},{"type":"Feature","geometry":{"type":"Point","coordinates":[-79.473644,43.650427]},"properties":{"name":"Runnymede Station at Bus Bay 4","band":0,"modes":"bus","arr":["71","77","79"],"off":[0,-0.8]}},{"type":"Feature","geometry":{"type":"Point","coordinates":[-79.473644,43.650427]},"properties":{"name":"Runnymede Station at Bus Bay 3","band":0,"modes":"bus","arr":["71","77","79"],"off":[0,-3]}},{"type":"Feature","geometry":{"type":"Point","coordinates":[-79.473644,43.650427]},"properties":{"name":"Runnymede Station at Bus Bay 2","band":0,"modes":"bus","arr":["71","77","79"],"off":[0,-5.2]}},{"type":"Feature","geometry":{"type":"Point","coordinates":[-79.473644,43.650427]},"properties":{"line":"71","mode":"bus","color":"#0059a9","colorDark":"#00294f","band":0,"off":[-3.4,1.1]}},{"type":"Feature","geometry":{"type":"Point","coordinates":[-79.473644,43.650427]},"properties":{"line":"77","mode":"bus","color":"#0059a9","colorDark":"#00294f","band":0,"off":[0,1.1]}},{"type":"Feature","geometry":{"type":"Point","coordinates":[-79.473644,43.650427]},"properties":{"line":"79","mode":"bus","color":"#0059a9","colorDark":"#00294f","band":0,"off":[3.4,1.1]}},{"type":"Feature","geometry":{"type":"Point","coordinates":[-79.342149,43.649792]},"properties":{"name":"Commissioners St at Saulter St","band":0,"modes":"bus","arr":["72"],"off":[0,-0.8]}},{"type":"Feature","geometry":{"type":"Point","coordinates":[-79.342149,43.649792]},"properties":{"line":"72","mode":"bus","color":"#0059a9","colorDark":"#00294f","band":0,"off":[0,1.1]}},{"type":"Feature","geometry":{"type":"Point","coordinates":[-79.345397,43.706776]},"properties":{"name":"Thorncliffe Park Dr (East) at Overlea Blvd","band":0,"modes":"bus","arr":["156","403"],"off":[0,-0.8]}},{"type":"Feature","geometry":{"type":"Point","coordinates":[-79.345397,43.706776]},"properties":{"name":"East York Town Centre","band":0,"modes":"bus","arr":["156","403"],"off":[0,-4.1]}},{"type":"Feature","geometry":{"type":"Point","coordinates":[-79.345397,43.706776]},"properties":{"line":"156","mode":"bus","color":"#0059a9","colorDark":"#00294f","band":0,"off":[-1.7,1.1]}},{"type":"Feature","geometry":{"type":"Point","coordinates":[-79.345397,43.706776]},"properties":{"line":"403","mode":"bus","color":"#0059a9","colorDark":"#00294f","band":0,"off":[1.7,1.1]}},{"type":"Feature","geometry":{"type":"Point","coordinates":[-79.634744,43.746833]},"properties":{"name":"Claireport Cres (West) at Albion Rd","band":0,"modes":"bus","arr":["73"],"off":[0,-0.8]}},{"type":"Feature","geometry":{"type":"Point","coordinates":[-79.634744,43.746833]},"properties":{"line":"73","mode":"bus","color":"#0059a9","colorDark":"#00294f","band":0,"off":[0,1.1]}},{"type":"Feature","geometry":{"type":"Point","coordinates":[-79.537772,43.717042]},"properties":{"name":"Weston Rd at Albion Rd South Side","band":0,"modes":"bus","arr":["89"],"off":[0,-0.8]}},{"type":"Feature","geometry":{"type":"Point","coordinates":[-79.537772,43.717042]},"properties":{"line":"89","mode":"bus","color":"#0059a9","colorDark":"#00294f","band":0,"off":[0,1.1]}},{"type":"Feature","geometry":{"type":"Point","coordinates":[-79.511186,43.646438]},"properties":{"name":"Royal York Station at Bus Bay 1","band":0,"modes":"bus","arr":["73"],"off":[0,-0.8]}},{"type":"Feature","geometry":{"type":"Point","coordinates":[-79.511186,43.646438]},"properties":{"line":"73","mode":"bus","color":"#0059a9","colorDark":"#00294f","band":0,"off":[0,1.1]}},{"type":"Feature","geometry":{"type":"Point","coordinates":[-79.392435,43.690009]},"properties":{"name":"St Clair Station at Lower Platform Bus Bay 4","band":0,"modes":"bus","arr":["74","88","97"],"off":[0,-0.8]}},{"type":"Feature","geometry":{"type":"Point","coordinates":[-79.392435,43.690009]},"properties":{"name":"St Clair Station at Lower Platform Bus Bay 3","band":0,"modes":"bus","arr":["74","88","97"],"off":[0,-4.1]}},{"type":"Feature","geometry":{"type":"Point","coordinates":[-79.392435,43.690009]},"properties":{"name":"St Clair Station at Lower Platform Bus Bay 2","band":0,"modes":"bus","arr":["74","88","97"],"off":[0,-7.4]}},{"type":"Feature","geometry":{"type":"Point","coordinates":[-79.392435,43.690009]},"properties":{"line":"74","mode":"bus","color":"#0059a9","colorDark":"#00294f","band":0,"off":[-3.4,1.1]}},{"type":"Feature","geometry":{"type":"Point","coordinates":[-79.392435,43.690009]},"properties":{"line":"88","mode":"bus","color":"#0059a9","colorDark":"#00294f","band":0,"off":[0,1.1]}},{"type":"Feature","geometry":{"type":"Point","coordinates":[-79.392435,43.690009]},"properties":{"line":"97","mode":"bus","color":"#0059a9","colorDark":"#00294f","band":0,"off":[3.4,1.1]}},{"type":"Feature","geometry":{"type":"Point","coordinates":[-79.376437,43.672898]},"properties":{"name":"Sherbourne St at Bloor St East - Sherbourne Station","band":0,"modes":"bus","arr":["75","94"],"off":[0,-0.8]}},{"type":"Feature","geometry":{"type":"Point","coordinates":[-79.376437,43.672898]},"properties":{"name":"Castle Frank Station at Bus Bay 2","band":0,"modes":"bus","arr":["75","94"],"off":[0,-4.1]}},{"type":"Feature","geometry":{"type":"Point","coordinates":[-79.376437,43.672898]},"properties":{"line":"75","mode":"bus","color":"#0059a9","colorDark":"#00294f","band":0,"off":[-1.7,1.1]}},{"type":"Feature","geometry":{"type":"Point","coordinates":[-79.376437,43.672898]},"properties":{"line":"94","mode":"bus","color":"#0059a9","colorDark":"#00294f","band":0,"off":[1.7,1.1]}},{"type":"Feature","geometry":{"type":"Point","coordinates":[-79.489607,43.613278]},"properties":{"name":"Lake Shore Blvd West at Mimico Ave","band":0,"modes":"bus","arr":["76"],"off":[0,-0.8]}},{"type":"Feature","geometry":{"type":"Point","coordinates":[-79.489607,43.613278]},"properties":{"line":"76","mode":"bus","color":"#0059a9","colorDark":"#00294f","band":0,"off":[0,1.1]}},{"type":"Feature","geometry":{"type":"Point","coordinates":[-79.471136,43.638195]},"properties":{"name":"Windermere Pl at Windermere Ave","band":0,"modes":"bus","arr":["77"],"off":[0,-0.8]}},{"type":"Feature","geometry":{"type":"Point","coordinates":[-79.471136,43.638195]},"properties":{"line":"77","mode":"bus","color":"#0059a9","colorDark":"#00294f","band":0,"off":[0,1.1]}},{"type":"Feature","geometry":{"type":"Point","coordinates":[-79.405758,43.737655]},"properties":{"name":"York Mills Station at Bus Bay 7","band":0,"modes":"bus","arr":["78","95","115","395"],"off":[0,-0.8]}},{"type":"Feature","geometry":{"type":"Point","coordinates":[-79.405758,43.737655]},"properties":{"name":"York Mills Station at Bus Bay 5","band":0,"modes":"bus","arr":["78","95","115","395"],"off":[0,-3]}},{"type":"Feature","geometry":{"type":"Point","coordinates":[-79.405758,43.737655]},"properties":{"name":"York Mills Rd at Old York Mills Rd","band":0,"modes":"bus","arr":["78","95","115","395"],"off":[0,-5.2]}},{"type":"Feature","geometry":{"type":"Point","coordinates":[-79.405758,43.737655]},"properties":{"line":"78","mode":"bus","color":"#0059a9","colorDark":"#00294f","band":0,"off":[-5.1,1.1]}},{"type":"Feature","geometry":{"type":"Point","coordinates":[-79.405758,43.737655]},"properties":{"line":"95","mode":"bus","color":"#0059a9","colorDark":"#00294f","band":0,"off":[-1.7,1.1]}},{"type":"Feature","geometry":{"type":"Point","coordinates":[-79.405758,43.737655]},"properties":{"line":"115","mode":"bus","color":"#0059a9","colorDark":"#00294f","band":0,"off":[1.7,1.1]}},{"type":"Feature","geometry":{"type":"Point","coordinates":[-79.405758,43.737655]},"properties":{"line":"395","mode":"bus","color":"#0059a9","colorDark":"#00294f","band":0,"off":[5.1,1.1]}},{"type":"Feature","geometry":{"type":"Point","coordinates":[-79.389548,43.759951]},"properties":{"name":"Carluke Cres at Fifeshire Rd (West)","band":0,"modes":"bus","arr":["78"],"off":[0,-0.8]}},{"type":"Feature","geometry":{"type":"Point","coordinates":[-79.389548,43.759951]},"properties":{"line":"78","mode":"bus","color":"#0059a9","colorDark":"#00294f","band":0,"off":[0,1.1]}},{"type":"Feature","geometry":{"type":"Point","coordinates":[-79.508018,43.701329]},"properties":{"name":"Pine St at Lawrence Ave West","band":0,"modes":"bus","arr":["79"],"off":[0,-0.8]}},{"type":"Feature","geometry":{"type":"Point","coordinates":[-79.508018,43.701329]},"properties":{"line":"79","mode":"bus","color":"#0059a9","colorDark":"#00294f","band":0,"off":[0,1.1]}},{"type":"Feature","geometry":{"type":"Point","coordinates":[-79.38892,43.676831]},"properties":{"name":"Rosedale Station at Bus Bay 2","band":0,"modes":"bus","arr":["82"],"off":[0,-0.8]}},{"type":"Feature","geometry":{"type":"Point","coordinates":[-79.38892,43.676831]},"properties":{"line":"82","mode":"bus","color":"#0059a9","colorDark":"#00294f","band":0,"off":[0,1.1]}},{"type":"Feature","geometry":{"type":"Point","coordinates":[-79.377678,43.685695]},"properties":{"name":"Summerhill Ave at Maclennan Ave","band":0,"modes":"bus","arr":["82"],"off":[0,-0.8]}},{"type":"Feature","geometry":{"type":"Point","coordinates":[-79.377678,43.685695]},"properties":{"line":"82","mode":"bus","color":"#0059a9","colorDark":"#00294f","band":0,"off":[0,1.1]}},{"type":"Feature","geometry":{"type":"Point","coordinates":[-79.329611,43.655703]},"properties":{"name":"Lake Shore Garage Loop","band":0,"modes":"bus","arr":["83","114","325"],"off":[0,-0.8]}},{"type":"Feature","geometry":{"type":"Point","coordinates":[-79.329611,43.655703]},"properties":{"name":"545 Commissioners St East Side","band":0,"modes":"bus","arr":["83","114","325"],"off":[0,-3]}},{"type":"Feature","geometry":{"type":"Point","coordinates":[-79.329611,43.655703]},"properties":{"line":"83","mode":"bus","color":"#0059a9","colorDark":"#00294f","band":0,"off":[-3.4,1.1]}},{"type":"Feature","geometry":{"type":"Point","coordinates":[-79.329611,43.655703]},"properties":{"line":"114","mode":"bus","color":"#0059a9","colorDark":"#00294f","band":0,"off":[0,1.1]}},{"type":"Feature","geometry":{"type":"Point","coordinates":[-79.329611,43.655703]},"properties":{"line":"325","mode":"bus","color":"#0059a9","colorDark":"#00294f","band":0,"off":[3.4,1.1]}},{"type":"Feature","geometry":{"type":"Point","coordinates":[-79.538973,43.739087]},"properties":{"name":"Bradstock Rd at Weston Rd East Side","band":0,"modes":"bus","arr":["84","984"],"off":[0,-0.8]}},{"type":"Feature","geometry":{"type":"Point","coordinates":[-79.538973,43.739087]},"properties":{"line":"84","mode":"bus","color":"#0059a9","colorDark":"#00294f","band":0,"off":[-1.7,1.1]}},{"type":"Feature","geometry":{"type":"Point","coordinates":[-79.538973,43.739087]},"properties":{"line":"984","mode":"bus","color":"#0059a9","colorDark":"#00294f","band":0,"off":[1.7,1.1]}},{"type":"Feature","geometry":{"type":"Point","coordinates":[-79.533328,43.734771]},"properties":{"name":"Sheppard Ave West at Abraham Welsh Rd East Side","band":0,"modes":"bus","arr":["984"],"off":[0,-0.8]}},{"type":"Feature","geometry":{"type":"Point","coordinates":[-79.533328,43.734771]},"properties":{"line":"984","mode":"bus","color":"#0059a9","colorDark":"#00294f","band":0,"off":[0,1.1]}},{"type":"Feature","geometry":{"type":"Point","coordinates":[-79.411367,43.76569]},"properties":{"name":"Sheppard-Yonge Station at Bus Bay 5/5A","band":0,"modes":"bus","arr":["84","185","384","385"],"off":[0,-0.8]}},{"type":"Feature","geometry":{"type":"Point","coordinates":[-79.411367,43.76569]},"properties":{"name":"Sheppard-Yonge Station at Bus Bay 3/3A","band":0,"modes":"bus","arr":["84","185","384","385"],"off":[0,-4.1]}},{"type":"Feature","geometry":{"type":"Point","coordinates":[-79.411367,43.76569]},"properties":{"name":"Sheppard Ave East at Yonge St East Side","band":0,"modes":"bus","arr":["84","185","384","385"],"off":[0,-7.4]}},{"type":"Feature","geometry":{"type":"Point","coordinates":[-79.411367,43.76569]},"properties":{"line":"84","mode":"bus","color":"#0059a9","colorDark":"#00294f","band":0,"off":[-5.1,1.1]}},{"type":"Feature","geometry":{"type":"Point","coordinates":[-79.411367,43.76569]},"properties":{"line":"185","mode":"bus","color":"#0059a9","colorDark":"#00294f","band":0,"off":[-1.7,1.1]}},{"type":"Feature","geometry":{"type":"Point","coordinates":[-79.411367,43.76569]},"properties":{"line":"384","mode":"bus","color":"#0059a9","colorDark":"#00294f","band":0,"off":[1.7,1.1]}},{"type":"Feature","geometry":{"type":"Point","coordinates":[-79.411367,43.76569]},"properties":{"line":"385","mode":"bus","color":"#0059a9","colorDark":"#00294f","band":0,"off":[5.1,1.1]}},{"type":"Feature","geometry":{"type":"Point","coordinates":[-79.179871,43.819761]},"properties":{"name":"Toronto Zoo","band":0,"modes":"bus","arr":["86","200"],"off":[0,-0.8]}},{"type":"Feature","geometry":{"type":"Point","coordinates":[-79.179871,43.819761]},"properties":{"line":"86","mode":"bus","color":"#0059a9","colorDark":"#00294f","band":0,"off":[-1.7,1.1]}},{"type":"Feature","geometry":{"type":"Point","coordinates":[-79.179871,43.819761]},"properties":{"line":"200","mode":"bus","color":"#0059a9","colorDark":"#00294f","band":0,"off":[1.7,1.1]}},{"type":"Feature","geometry":{"type":"Point","coordinates":[-79.350941,43.712774]},"properties":{"name":"Wicksteed Ave at Leslie St","band":0,"modes":"bus","arr":["88","156"],"off":[0,-0.8]}},{"type":"Feature","geometry":{"type":"Point","coordinates":[-79.350941,43.712774]},"properties":{"line":"88","mode":"bus","color":"#0059a9","colorDark":"#00294f","band":0,"off":[-1.7,1.1]}},{"type":"Feature","geometry":{"type":"Point","coordinates":[-79.350941,43.712774]},"properties":{"line":"156","mode":"bus","color":"#0059a9","colorDark":"#00294f","band":0,"off":[1.7,1.1]}},{"type":"Feature","geometry":{"type":"Point","coordinates":[-79.324573,43.740547]},"properties":{"name":"Railside Rd (West) at Lawrence Ave East","band":0,"modes":"bus","arr":["91"],"off":[0,-0.8]}},{"type":"Feature","geometry":{"type":"Point","coordinates":[-79.324573,43.740547]},"properties":{"line":"91","mode":"bus","color":"#0059a9","colorDark":"#00294f","band":0,"off":[0,1.1]}},{"type":"Feature","geometry":{"type":"Point","coordinates":[-79.312392,43.686511]},"properties":{"name":"Woodbine Station at Bus Bay 3","band":0,"modes":"bus","arr":["91","92","93"],"off":[0,-0.8]}},{"type":"Feature","geometry":{"type":"Point","coordinates":[-79.312392,43.686511]},"properties":{"name":"Woodbine Station at Bus Bay 2","band":0,"modes":"bus","arr":["91","92","93"],"off":[0,-3]}},{"type":"Feature","geometry":{"type":"Point","coordinates":[-79.312392,43.686511]},"properties":{"line":"91","mode":"bus","color":"#0059a9","colorDark":"#00294f","band":0,"off":[-3.4,1.1]}},{"type":"Feature","geometry":{"type":"Point","coordinates":[-79.312392,43.686511]},"properties":{"line":"92","mode":"bus","color":"#0059a9","colorDark":"#00294f","band":0,"off":[0,1.1]}},{"type":"Feature","geometry":{"type":"Point","coordinates":[-79.312392,43.686511]},"properties":{"line":"93","mode":"bus","color":"#0059a9","colorDark":"#00294f","band":0,"off":[3.4,1.1]}},{"type":"Feature","geometry":{"type":"Point","coordinates":[-79.328265,43.704455]},"properties":{"name":"Parkview Hill Cres at Aspen Ave (North) East Side","band":0,"modes":"bus","arr":["93"],"off":[0,-0.8]}},{"type":"Feature","geometry":{"type":"Point","coordinates":[-79.328265,43.704455]},"properties":{"line":"93","mode":"bus","color":"#0059a9","colorDark":"#00294f","band":0,"off":[0,1.1]}},{"type":"Feature","geometry":{"type":"Point","coordinates":[-79.330177,43.760104]},"properties":{"name":"York Mills Rd at Valley Woods Rd","band":0,"modes":"bus","arr":["122","191"],"off":[0,-0.8]}},{"type":"Feature","geometry":{"type":"Point","coordinates":[-79.330177,43.760104]},"properties":{"name":"York Mills Rd at Fenside Dr","band":0,"modes":"bus","arr":["122","191"],"off":[0,-3]}},{"type":"Feature","geometry":{"type":"Point","coordinates":[-79.330177,43.760104]},"properties":{"line":"122","mode":"bus","color":"#0059a9","colorDark":"#00294f","band":0,"off":[-1.7,1.1]}},{"type":"Feature","geometry":{"type":"Point","coordinates":[-79.330177,43.760104]},"properties":{"line":"191","mode":"bus","color":"#0059a9","colorDark":"#00294f","band":0,"off":[1.7,1.1]}},{"type":"Feature","geometry":{"type":"Point","coordinates":[-79.149945,43.797761]},"properties":{"name":"Rylander Blvd at Kingston Rd","band":0,"modes":"bus","arr":["95"],"off":[0,-0.8]}},{"type":"Feature","geometry":{"type":"Point","coordinates":[-79.149945,43.797761]},"properties":{"line":"95","mode":"bus","color":"#0059a9","colorDark":"#00294f","band":0,"off":[0,1.1]}},{"type":"Feature","geometry":{"type":"Point","coordinates":[-79.339301,43.757574]},"properties":{"name":"York Mills Rd at Lochinvar Cres","band":0,"modes":"bus","arr":["191"],"off":[0,-0.8]}},{"type":"Feature","geometry":{"type":"Point","coordinates":[-79.339301,43.757574]},"properties":{"line":"191","mode":"bus","color":"#0059a9","colorDark":"#00294f","band":0,"off":[0,1.1]}},{"type":"Feature","geometry":{"type":"Point","coordinates":[-79.614227,43.750843]},"properties":{"name":"263 Carrier Dr","band":0,"modes":"bus","arr":["96"],"off":[0,-0.8]}},{"type":"Feature","geometry":{"type":"Point","coordinates":[-79.614227,43.750843]},"properties":{"line":"96","mode":"bus","color":"#0059a9","colorDark":"#00294f","band":0,"off":[0,1.1]}},{"type":"Feature","geometry":{"type":"Point","coordinates":[-79.406298,43.749341]},"properties":{"name":"York Mills Station at Bus Bay 6","band":0,"modes":"bus","arr":["96","122","165"],"off":[0,-0.8]}},{"type":"Feature","geometry":{"type":"Point","coordinates":[-79.406298,43.749341]},"properties":{"name":"York Mills Station at Bus Bay 3","band":0,"modes":"bus","arr":["96","122","165"],"off":[0,-3]}},{"type":"Feature","geometry":{"type":"Point","coordinates":[-79.406298,43.749341]},"properties":{"name":"York Mills Station at Bus Bay 2","band":0,"modes":"bus","arr":["96","122","165"],"off":[0,-5.2]}},{"type":"Feature","geometry":{"type":"Point","coordinates":[-79.406298,43.749341]},"properties":{"line":"96","mode":"bus","color":"#0059a9","colorDark":"#00294f","band":0,"off":[-3.4,1.1]}},{"type":"Feature","geometry":{"type":"Point","coordinates":[-79.406298,43.749341]},"properties":{"line":"122","mode":"bus","color":"#0059a9","colorDark":"#00294f","band":0,"off":[0,1.1]}},{"type":"Feature","geometry":{"type":"Point","coordinates":[-79.406298,43.749341]},"properties":{"line":"165","mode":"bus","color":"#0059a9","colorDark":"#00294f","band":0,"off":[3.4,1.1]}},{"type":"Feature","geometry":{"type":"Point","coordinates":[-79.419835,43.794804]},"properties":{"name":"Moore Park Ave at Yonge St West Side","band":0,"modes":"bus","arr":["97"],"off":[0,-0.8]}},{"type":"Feature","geometry":{"type":"Point","coordinates":[-79.419835,43.794804]},"properties":{"line":"97","mode":"bus","color":"#0059a9","colorDark":"#00294f","band":0,"off":[0,1.1]}},{"type":"Feature","geometry":{"type":"Point","coordinates":[-79.414902,43.779364]},"properties":{"name":"Finch Station at Bus Bay 4","band":0,"modes":"bus","arr":["125","336","339","953"],"off":[0,-0.8]}},{"type":"Feature","geometry":{"type":"Point","coordinates":[-79.414902,43.779364]},"properties":{"name":"Finch Station at Bus Bay 10","band":0,"modes":"bus","arr":["125","336","339","953"],"off":[0,-3]}},{"type":"Feature","geometry":{"type":"Point","coordinates":[-79.414902,43.779364]},"properties":{"name":"Finch Ave East at Yonge St East Side","band":0,"modes":"bus","arr":["125","336","339","953"],"off":[0,-5.2]}},{"type":"Feature","geometry":{"type":"Point","coordinates":[-79.414902,43.779364]},"properties":{"line":"125","mode":"bus","color":"#0059a9","colorDark":"#00294f","band":0,"off":[-5.1,1.1]}},{"type":"Feature","geometry":{"type":"Point","coordinates":[-79.414902,43.779364]},"properties":{"line":"336","mode":"bus","color":"#0059a9","colorDark":"#00294f","band":0,"off":[-1.7,1.1]}},{"type":"Feature","geometry":{"type":"Point","coordinates":[-79.414902,43.779364]},"properties":{"line":"339","mode":"bus","color":"#0059a9","colorDark":"#00294f","band":0,"off":[1.7,1.1]}},{"type":"Feature","geometry":{"type":"Point","coordinates":[-79.414902,43.779364]},"properties":{"line":"953","mode":"bus","color":"#0059a9","colorDark":"#00294f","band":0,"off":[5.1,1.1]}},{"type":"Feature","geometry":{"type":"Point","coordinates":[-79.435861,43.793125]},"properties":{"name":"Cactus Ave at Green Bush Rd West Side","band":0,"modes":"bus","arr":["98"],"off":[0,-0.8]}},{"type":"Feature","geometry":{"type":"Point","coordinates":[-79.435861,43.793125]},"properties":{"line":"98","mode":"bus","color":"#0059a9","colorDark":"#00294f","band":0,"off":[0,1.1]}},{"type":"Feature","geometry":{"type":"Point","coordinates":[-79.417955,43.798329]},"properties":{"name":"Steeles Ave East Loop","band":0,"modes":"bus","arr":["98","320"],"off":[0,-0.8]}},{"type":"Feature","geometry":{"type":"Point","coordinates":[-79.417955,43.798329]},"properties":{"line":"98","mode":"bus","color":"#0059a9","colorDark":"#00294f","band":0,"off":[-1.7,1.1]}},{"type":"Feature","geometry":{"type":"Point","coordinates":[-79.417955,43.798329]},"properties":{"line":"320","mode":"bus","color":"#0059a9","colorDark":"#00294f","band":0,"off":[1.7,1.1]}},{"type":"Feature","geometry":{"type":"Point","coordinates":[-79.531477,43.746379]},"properties":{"name":"Arrow Rd at Deerhide Cres (South)","band":0,"modes":"bus","arr":["99"],"off":[0,-0.8]}},{"type":"Feature","geometry":{"type":"Point","coordinates":[-79.531477,43.746379]},"properties":{"name":"Arrow Division Transportation Office","band":0,"modes":"bus","arr":["99"],"off":[0,-3]}},{"type":"Feature","geometry":{"type":"Point","coordinates":[-79.531477,43.746379]},"properties":{"line":"99","mode":"bus","color":"#0059a9","colorDark":"#00294f","band":0,"off":[0,1.1]}},{"type":"Feature","geometry":{"type":"Point","coordinates":[-79.357342,43.681968]},"properties":{"name":"Erindale Ave at Broadview Ave East Side","band":0,"modes":"bus","arr":["100","322","925"],"off":[0,-0.8]}},{"type":"Feature","geometry":{"type":"Point","coordinates":[-79.357342,43.681968]},"properties":{"name":"Broadview Station at Bus Bay 3","band":0,"modes":"bus","arr":["100","322","925"],"off":[0,-4.1]}},{"type":"Feature","geometry":{"type":"Point","coordinates":[-79.357342,43.681968]},"properties":{"name":"Broadview Station at Bus Bay 2","band":0,"modes":"bus","arr":["100","322","925"],"off":[0,-6.3]}},{"type":"Feature","geometry":{"type":"Point","coordinates":[-79.357342,43.681968]},"properties":{"line":"100","mode":"bus","color":"#0059a9","colorDark":"#00294f","band":0,"off":[-3.4,1.1]}},{"type":"Feature","geometry":{"type":"Point","coordinates":[-79.357342,43.681968]},"properties":{"line":"322","mode":"bus","color":"#0059a9","colorDark":"#00294f","band":0,"off":[0,1.1]}},{"type":"Feature","geometry":{"type":"Point","coordinates":[-79.357342,43.681968]},"properties":{"line":"925","mode":"bus","color":"#0059a9","colorDark":"#00294f","band":0,"off":[3.4,1.1]}},{"type":"Feature","geometry":{"type":"Point","coordinates":[-79.477841,43.733626]},"properties":{"name":"Locust Lodge Gardens at Stanley Greene Blvd","band":0,"modes":"bus","arr":["101"],"off":[0,-0.8]}},{"type":"Feature","geometry":{"type":"Point","coordinates":[-79.477841,43.733626]},"properties":{"line":"101","mode":"bus","color":"#0059a9","colorDark":"#00294f","band":0,"off":[0,1.1]}},{"type":"Feature","geometry":{"type":"Point","coordinates":[-79.268471,43.909772]},"properties":{"name":"Major Mackenzie Dr East at Markham Rd","band":0,"modes":"bus","arr":["102"],"off":[0,-0.8]}},{"type":"Feature","geometry":{"type":"Point","coordinates":[-79.268471,43.909772]},"properties":{"line":"102","mode":"bus","color":"#0059a9","colorDark":"#00294f","band":0,"off":[0,1.1]}},{"type":"Feature","geometry":{"type":"Point","coordinates":[-79.4002,43.734529]},"properties":{"name":"Doncliffe Loop at Glen Echo Rd","band":0,"modes":"bus","arr":["103"],"off":[0,-0.8]}},{"type":"Feature","geometry":{"type":"Point","coordinates":[-79.4002,43.734529]},"properties":{"line":"103","mode":"bus","color":"#0059a9","colorDark":"#00294f","band":0,"off":[0,1.1]}},{"type":"Feature","geometry":{"type":"Point","coordinates":[-79.462431,43.751549]},"properties":{"name":"Sheppard West Station at Bus Bay 3","band":0,"modes":"bus","arr":["104","105","106"],"off":[0,-0.8]}},{"type":"Feature","geometry":{"type":"Point","coordinates":[-79.462431,43.751549]},"properties":{"name":"Sheppard West Station at Bus Bay 11","band":0,"modes":"bus","arr":["104","105","106"],"off":[0,-3]}},{"type":"Feature","geometry":{"type":"Point","coordinates":[-79.462431,43.751549]},"properties":{"name":"Sheppard West Station at Bus Bay 10","band":0,"modes":"bus","arr":["104","105","106"],"off":[0,-5.2]}},{"type":"Feature","geometry":{"type":"Point","coordinates":[-79.462431,43.751549]},"properties":{"line":"104","mode":"bus","color":"#0059a9","colorDark":"#00294f","band":0,"off":[-3.4,1.1]}},{"type":"Feature","geometry":{"type":"Point","coordinates":[-79.462431,43.751549]},"properties":{"line":"105","mode":"bus","color":"#0059a9","colorDark":"#00294f","band":0,"off":[0,1.1]}},{"type":"Feature","geometry":{"type":"Point","coordinates":[-79.462431,43.751549]},"properties":{"line":"106","mode":"bus","color":"#0059a9","colorDark":"#00294f","band":0,"off":[3.4,1.1]}},{"type":"Feature","geometry":{"type":"Point","coordinates":[-79.509151,43.771875]},"properties":{"name":"Pioneer Village Station Bus Bay 6","band":0,"modes":"bus","arr":["106","108","166"],"off":[0,-0.8]}},{"type":"Feature","geometry":{"type":"Point","coordinates":[-79.509151,43.771875]},"properties":{"name":"Pioneer Village Station Bus Bay 2","band":0,"modes":"bus","arr":["106","108","166"],"off":[0,-3]}},{"type":"Feature","geometry":{"type":"Point","coordinates":[-79.509151,43.771875]},"properties":{"name":"Pioneer Village Station Bus Bay 12","band":0,"modes":"bus","arr":["106","108","166"],"off":[0,-5.2]}},{"type":"Feature","geometry":{"type":"Point","coordinates":[-79.509151,43.771875]},"properties":{"line":"106","mode":"bus","color":"#0059a9","colorDark":"#00294f","band":0,"off":[-3.4,1.1]}},{"type":"Feature","geometry":{"type":"Point","coordinates":[-79.509151,43.771875]},"properties":{"line":"108","mode":"bus","color":"#0059a9","colorDark":"#00294f","band":0,"off":[0,1.1]}},{"type":"Feature","geometry":{"type":"Point","coordinates":[-79.509151,43.771875]},"properties":{"line":"166","mode":"bus","color":"#0059a9","colorDark":"#00294f","band":0,"off":[3.4,1.1]}},{"type":"Feature","geometry":{"type":"Point","coordinates":[-79.462169,43.746867]},"properties":{"name":"Sheppard West Station at Bus Bay 8","band":0,"modes":"bus","arr":["107","108"],"off":[0,-0.8]}},{"type":"Feature","geometry":{"type":"Point","coordinates":[-79.462169,43.746867]},"properties":{"name":"Sheppard West Station at Bus Bay 5","band":0,"modes":"bus","arr":["107","108"],"off":[0,-3]}},{"type":"Feature","geometry":{"type":"Point","coordinates":[-79.462169,43.746867]},"properties":{"line":"107","mode":"bus","color":"#0059a9","colorDark":"#00294f","band":0,"off":[-1.7,1.1]}},{"type":"Feature","geometry":{"type":"Point","coordinates":[-79.462169,43.746867]},"properties":{"line":"108","mode":"bus","color":"#0059a9","colorDark":"#00294f","band":0,"off":[1.7,1.1]}},{"type":"Feature","geometry":{"type":"Point","coordinates":[-79.433419,43.731328]},"properties":{"name":"Neptune Dr at Bathurst St","band":0,"modes":"bus","arr":["109"],"off":[0,-0.8]}},{"type":"Feature","geometry":{"type":"Point","coordinates":[-79.433419,43.731328]},"properties":{"line":"109","mode":"bus","color":"#0059a9","colorDark":"#00294f","band":0,"off":[0,1.1]}},{"type":"Feature","geometry":{"type":"Point","coordinates":[-79.543709,43.592123]},"properties":{"name":"Long Branch Loop","band":0,"modes":"bus,tram","arr":["110","123","315","507"],"off":[0,-0.8]}},{"type":"Feature","geometry":{"type":"Point","coordinates":[-79.543709,43.592123]},"properties":{"line":"110","mode":"bus","color":"#0059a9","colorDark":"#00294f","band":0,"off":[-5.1,1.1]}},{"type":"Feature","geometry":{"type":"Point","coordinates":[-79.543709,43.592123]},"properties":{"line":"123","mode":"bus","color":"#0059a9","colorDark":"#00294f","band":0,"off":[-1.7,1.1]}},{"type":"Feature","geometry":{"type":"Point","coordinates":[-79.543709,43.592123]},"properties":{"line":"315","mode":"bus","color":"#0059a9","colorDark":"#00294f","band":0,"off":[1.7,1.1]}},{"type":"Feature","geometry":{"type":"Point","coordinates":[-79.543709,43.592123]},"properties":{"line":"507","mode":"tram","color":"#d6212b","colorDark":"#7c1116","band":0,"off":[5.1,1.1]}},{"type":"Feature","geometry":{"type":"Point","coordinates":[-79.568557,43.675782]},"properties":{"name":"Willowridge Rd at Richgrove Dr","band":0,"modes":"bus","arr":["111"],"off":[0,-0.8]}},{"type":"Feature","geometry":{"type":"Point","coordinates":[-79.568557,43.675782]},"properties":{"line":"111","mode":"bus","color":"#0059a9","colorDark":"#00294f","band":0,"off":[0,1.1]}},{"type":"Feature","geometry":{"type":"Point","coordinates":[-79.590951,43.677192]},"properties":{"name":"International Blvd at Carlingview Dr East Side","band":0,"modes":"bus","arr":["112"],"off":[0,-0.8]}},{"type":"Feature","geometry":{"type":"Point","coordinates":[-79.590951,43.677192]},"properties":{"name":"Carlingview Dr at Renforth Dr","band":0,"modes":"bus","arr":["112"],"off":[0,-4.1]}},{"type":"Feature","geometry":{"type":"Point","coordinates":[-79.590951,43.677192]},"properties":{"line":"112","mode":"bus","color":"#0059a9","colorDark":"#00294f","band":0,"off":[0,1.1]}},{"type":"Feature","geometry":{"type":"Point","coordinates":[-79.364608,43.762617]},"properties":{"name":"Davean Dr at Woodsworth Rd West Side","band":0,"modes":"bus","arr":["115"],"off":[0,-0.8]}},{"type":"Feature","geometry":{"type":"Point","coordinates":[-79.364608,43.762617]},"properties":{"line":"115","mode":"bus","color":"#0059a9","colorDark":"#00294f","band":0,"off":[0,1.1]}},{"type":"Feature","geometry":{"type":"Point","coordinates":[-79.263491,43.735271]},"properties":{"name":"Kennedy Station at Bus Bay 3","band":0,"modes":"bus","arr":["116","129","201","903","904","939"],"off":[0,-0.8]}},{"type":"Feature","geometry":{"type":"Point","coordinates":[-79.263491,43.735271]},"properties":{"name":"Kennedy Station at Bus Bay 15 (Platform B)","band":0,"modes":"bus","arr":["116","129","201","903","904","939"],"off":[0,-3]}},{"type":"Feature","geometry":{"type":"Point","coordinates":[-79.263491,43.735271]},"properties":{"name":"Kennedy Station at Bus Bay 11","band":0,"modes":"bus","arr":["116","129","201","903","904","939"],"off":[0,-6.3]}},{"type":"Feature","geometry":{"type":"Point","coordinates":[-79.263491,43.735271]},"properties":{"line":"116","mode":"bus","color":"#0059a9","colorDark":"#00294f","band":0,"off":[-6.8,1.1]}},{"type":"Feature","geometry":{"type":"Point","coordinates":[-79.263491,43.735271]},"properties":{"line":"129","mode":"bus","color":"#0059a9","colorDark":"#00294f","band":0,"off":[-3.4,1.1]}},{"type":"Feature","geometry":{"type":"Point","coordinates":[-79.263491,43.735271]},"properties":{"line":"201","mode":"bus","color":"#0059a9","colorDark":"#00294f","band":0,"off":[0,1.1]}},{"type":"Feature","geometry":{"type":"Point","coordinates":[-79.263491,43.735271]},"properties":{"line":"903","mode":"bus","color":"#0059a9","colorDark":"#00294f","band":0,"off":[3.4,1.1]}},{"type":"Feature","geometry":{"type":"Point","coordinates":[-79.263491,43.735271]},"properties":{"line":"904","mode":"bus","color":"#0059a9","colorDark":"#00294f","band":0,"off":[6.8,1.1]}},{"type":"Feature","geometry":{"type":"Point","coordinates":[-79.263491,43.735271]},"properties":{"line":"939","mode":"bus","color":"#0059a9","colorDark":"#00294f","band":0,"off":[0,3.1]}},{"type":"Feature","geometry":{"type":"Point","coordinates":[-79.28862,43.692413]},"properties":{"name":"Victoria Park Station at Bus Bay 3","band":0,"modes":"bus","arr":["117"],"off":[0,-0.8]}},{"type":"Feature","geometry":{"type":"Point","coordinates":[-79.28862,43.692413]},"properties":{"line":"117","mode":"bus","color":"#0059a9","colorDark":"#00294f","band":0,"off":[0,1.1]}},{"type":"Feature","geometry":{"type":"Point","coordinates":[-79.559432,43.737071]},"properties":{"name":"Thistle Down Blvd at Barkwin Dr West Side","band":0,"modes":"bus","arr":["118"],"off":[0,-0.8]}},{"type":"Feature","geometry":{"type":"Point","coordinates":[-79.559432,43.737071]},"properties":{"line":"118","mode":"bus","color":"#0059a9","colorDark":"#00294f","band":0,"off":[0,1.1]}},{"type":"Feature","geometry":{"type":"Point","coordinates":[-79.450722,43.73977]},"properties":{"name":"Wilson Station at Bus Bay 8","band":0,"modes":"bus","arr":["118","119","120"],"off":[0,-0.8]}},{"type":"Feature","geometry":{"type":"Point","coordinates":[-79.450722,43.73977]},"properties":{"name":"Wilson Station at Bus Bay 6","band":0,"modes":"bus","arr":["118","119","120"],"off":[0,-3]}},{"type":"Feature","geometry":{"type":"Point","coordinates":[-79.450722,43.73977]},"properties":{"name":"Wilson Station at Bus Bay 5","band":0,"modes":"bus","arr":["118","119","120"],"off":[0,-5.2]}},{"type":"Feature","geometry":{"type":"Point","coordinates":[-79.450722,43.73977]},"properties":{"line":"118","mode":"bus","color":"#0059a9","colorDark":"#00294f","band":0,"off":[-3.4,1.1]}},{"type":"Feature","geometry":{"type":"Point","coordinates":[-79.450722,43.73977]},"properties":{"line":"119","mode":"bus","color":"#0059a9","colorDark":"#00294f","band":0,"off":[0,1.1]}},{"type":"Feature","geometry":{"type":"Point","coordinates":[-79.450722,43.73977]},"properties":{"line":"120","mode":"bus","color":"#0059a9","colorDark":"#00294f","band":0,"off":[3.4,1.1]}},{"type":"Feature","geometry":{"type":"Point","coordinates":[-79.553016,43.751636]},"properties":{"name":"Milvan Dr at Penn Drive S North Side","band":0,"modes":"bus","arr":["119","166"],"off":[0,-0.8]}},{"type":"Feature","geometry":{"type":"Point","coordinates":[-79.553016,43.751636]},"properties":{"name":"Milvan Dr at Penn Dr (South)","band":0,"modes":"bus","arr":["119","166"],"off":[0,-3]}},{"type":"Feature","geometry":{"type":"Point","coordinates":[-79.553016,43.751636]},"properties":{"line":"119","mode":"bus","color":"#0059a9","colorDark":"#00294f","band":0,"off":[-1.7,1.1]}},{"type":"Feature","geometry":{"type":"Point","coordinates":[-79.553016,43.751636]},"properties":{"line":"166","mode":"bus","color":"#0059a9","colorDark":"#00294f","band":0,"off":[1.7,1.1]}},{"type":"Feature","geometry":{"type":"Point","coordinates":[-79.501214,43.740852]},"properties":{"name":"Northover St at Sheppard Ave West South Side","band":0,"modes":"bus","arr":["120"],"off":[0,-0.8]}},{"type":"Feature","geometry":{"type":"Point","coordinates":[-79.501214,43.740852]},"properties":{"line":"120","mode":"bus","color":"#0059a9","colorDark":"#00294f","band":0,"off":[0,1.1]}},{"type":"Feature","geometry":{"type":"Point","coordinates":[-79.535649,43.639767]},"properties":{"name":"Kipling Station at Bus Bay 7","band":0,"modes":"bus","arr":["123","149","900","927"],"off":[0,-0.8]}},{"type":"Feature","geometry":{"type":"Point","coordinates":[-79.535649,43.639767]},"properties":{"name":"Kipling Station at Bus Bay 4","band":0,"modes":"bus","arr":["123","149","900","927"],"off":[0,-3]}},{"type":"Feature","geometry":{"type":"Point","coordinates":[-79.535649,43.639767]},"properties":{"name":"Kipling Station at Bus Bay 3","band":0,"modes":"bus","arr":["123","149","900","927"],"off":[0,-5.2]}},{"type":"Feature","geometry":{"type":"Point","coordinates":[-79.535649,43.639767]},"properties":{"line":"123","mode":"bus","color":"#0059a9","colorDark":"#00294f","band":0,"off":[-5.1,1.1]}},{"type":"Feature","geometry":{"type":"Point","coordinates":[-79.535649,43.639767]},"properties":{"line":"149","mode":"bus","color":"#0059a9","colorDark":"#00294f","band":0,"off":[-1.7,1.1]}},{"type":"Feature","geometry":{"type":"Point","coordinates":[-79.535649,43.639767]},"properties":{"line":"900","mode":"bus","color":"#0059a9","colorDark":"#00294f","band":0,"off":[1.7,1.1]}},{"type":"Feature","geometry":{"type":"Point","coordinates":[-79.535649,43.639767]},"properties":{"line":"927","mode":"bus","color":"#0059a9","colorDark":"#00294f","band":0,"off":[5.1,1.1]}},{"type":"Feature","geometry":{"type":"Point","coordinates":[-79.451785,43.779444]},"properties":{"name":"Antibes Dr (South) at Torresdale Ave East Side","band":0,"modes":"bus","arr":["125"],"off":[0,-0.8]}},{"type":"Feature","geometry":{"type":"Point","coordinates":[-79.451785,43.779444]},"properties":{"line":"125","mode":"bus","color":"#0059a9","colorDark":"#00294f","band":0,"off":[0,1.1]}},{"type":"Feature","geometry":{"type":"Point","coordinates":[-79.463494,43.674074]},"properties":{"name":"Townsley Loop at Tonwsley St","band":0,"modes":"bus","arr":["127"],"off":[0,-0.8]}},{"type":"Feature","geometry":{"type":"Point","coordinates":[-79.463494,43.674074]},"properties":{"line":"127","mode":"bus","color":"#0059a9","colorDark":"#00294f","band":0,"off":[0,1.1]}},{"type":"Feature","geometry":{"type":"Point","coordinates":[-79.304829,43.900709]},"properties":{"name":"Major Mackenzie Dr East at Ridgecrest Rd","band":0,"modes":"bus","arr":["129"],"off":[0,-0.8]}},{"type":"Feature","geometry":{"type":"Point","coordinates":[-79.304829,43.900709]},"properties":{"line":"129","mode":"bus","color":"#0059a9","colorDark":"#00294f","band":0,"off":[0,1.1]}},{"type":"Feature","geometry":{"type":"Point","coordinates":[-79.27174,43.83375]},"properties":{"name":"Middlefield Rd Loop at Steeles Ave East","band":0,"modes":"bus","arr":["130","316"],"off":[0,-0.8]}},{"type":"Feature","geometry":{"type":"Point","coordinates":[-79.27174,43.83375]},"properties":{"name":"McCowan Rd Loop at Steeles Ave East","band":0,"modes":"bus","arr":["130","316"],"off":[0,-4.1]}},{"type":"Feature","geometry":{"type":"Point","coordinates":[-79.27174,43.83375]},"properties":{"line":"130","mode":"bus","color":"#0059a9","colorDark":"#00294f","band":0,"off":[-1.7,1.1]}},{"type":"Feature","geometry":{"type":"Point","coordinates":[-79.27174,43.83375]},"properties":{"line":"316","mode":"bus","color":"#0059a9","colorDark":"#00294f","band":0,"off":[1.7,1.1]}},{"type":"Feature","geometry":{"type":"Point","coordinates":[-79.213462,43.814362]},"properties":{"name":"Sewells Rd at Hupfield Trail West Side","band":0,"modes":"bus","arr":["132"],"off":[0,-0.8]}},{"type":"Feature","geometry":{"type":"Point","coordinates":[-79.213462,43.814362]},"properties":{"line":"132","mode":"bus","color":"#0059a9","colorDark":"#00294f","band":0,"off":[0,1.1]}},{"type":"Feature","geometry":{"type":"Point","coordinates":[-79.225859,43.812373]},"properties":{"name":"Neilson Rd at Crow Trail","band":0,"modes":"bus","arr":["339"],"off":[0,-0.8]}},{"type":"Feature","geometry":{"type":"Point","coordinates":[-79.225859,43.812373]},"properties":{"line":"339","mode":"bus","color":"#0059a9","colorDark":"#00294f","band":0,"off":[0,1.1]}},{"type":"Feature","geometry":{"type":"Point","coordinates":[-79.235985,43.818283]},"properties":{"name":"Newgale Gate at Finchdene Sq West Side","band":0,"modes":"bus","arr":["134","334","339","353"],"off":[0,-0.8]}},{"type":"Feature","geometry":{"type":"Point","coordinates":[-79.235985,43.818283]},"properties":{"name":"Newgale Gate at Finchdene Sq","band":0,"modes":"bus","arr":["134","334","339","353"],"off":[0,-4.1]}},{"type":"Feature","geometry":{"type":"Point","coordinates":[-79.235985,43.818283]},"properties":{"name":"Finchdene Sq (East) at Finchdene Sq (South)","band":0,"modes":"bus","arr":["134","334","339","353"],"off":[0,-6.3]}},{"type":"Feature","geometry":{"type":"Point","coordinates":[-79.235985,43.818283]},"properties":{"line":"134","mode":"bus","color":"#0059a9","colorDark":"#00294f","band":0,"off":[-5.1,1.1]}},{"type":"Feature","geometry":{"type":"Point","coordinates":[-79.235985,43.818283]},"properties":{"line":"334","mode":"bus","color":"#0059a9","colorDark":"#00294f","band":0,"off":[-1.7,1.1]}},{"type":"Feature","geometry":{"type":"Point","coordinates":[-79.235985,43.818283]},"properties":{"line":"339","mode":"bus","color":"#0059a9","colorDark":"#00294f","band":0,"off":[1.7,1.1]}},{"type":"Feature","geometry":{"type":"Point","coordinates":[-79.235985,43.818283]},"properties":{"line":"353","mode":"bus","color":"#0059a9","colorDark":"#00294f","band":0,"off":[5.1,1.1]}},{"type":"Feature","geometry":{"type":"Point","coordinates":[-79.258465,43.770687]},"properties":{"name":"Scarborough Centre Station at Bus Bay 2","band":0,"modes":"bus","arr":["134","996"],"off":[0,-0.8]}},{"type":"Feature","geometry":{"type":"Point","coordinates":[-79.258465,43.770687]},"properties":{"name":"Scarborough Centre Station at Bus Bay 11","band":0,"modes":"bus","arr":["134","996"],"off":[0,-4.1]}},{"type":"Feature","geometry":{"type":"Point","coordinates":[-79.258465,43.770687]},"properties":{"line":"134","mode":"bus","color":"#0059a9","colorDark":"#00294f","band":0,"off":[-1.7,1.1]}},{"type":"Feature","geometry":{"type":"Point","coordinates":[-79.258465,43.770687]},"properties":{"line":"996","mode":"bus","color":"#0059a9","colorDark":"#00294f","band":0,"off":[1.7,1.1]}},{"type":"Feature","geometry":{"type":"Point","coordinates":[-79.173436,43.79042]},"properties":{"name":"Morrish Rd at Ellesmere Rd","band":0,"modes":"bus","arr":["154"],"off":[0,-0.8]}},{"type":"Feature","geometry":{"type":"Point","coordinates":[-79.173436,43.79042]},"properties":{"line":"154","mode":"bus","color":"#0059a9","colorDark":"#00294f","band":0,"off":[0,1.1]}},{"type":"Feature","geometry":{"type":"Point","coordinates":[-79.474949,43.690673]},"properties":{"name":"Keelesdale Station at Bus Bay 4","band":0,"modes":"bus","arr":["158"],"off":[0,-0.8]}},{"type":"Feature","geometry":{"type":"Point","coordinates":[-79.474949,43.690673]},"properties":{"line":"158","mode":"bus","color":"#0059a9","colorDark":"#00294f","band":0,"off":[0,1.1]}},{"type":"Feature","geometry":{"type":"Point","coordinates":[-79.448364,43.802903]},"properties":{"name":"Bathurst St at Clark Ave West South Side","band":0,"modes":"bus","arr":["160"],"off":[0,-0.8]}},{"type":"Feature","geometry":{"type":"Point","coordinates":[-79.448364,43.802903]},"properties":{"line":"160","mode":"bus","color":"#0059a9","colorDark":"#00294f","band":0,"off":[0,1.1]}},{"type":"Feature","geometry":{"type":"Point","coordinates":[-79.450906,43.735267]},"properties":{"name":"Wilson Station at Lower Bus Bay 8","band":0,"modes":"bus","arr":["160","184"],"off":[0,-0.8]}},{"type":"Feature","geometry":{"type":"Point","coordinates":[-79.450906,43.735267]},"properties":{"name":"Wilson Station at Lower Bus Bay 4","band":0,"modes":"bus","arr":["160","184"],"off":[0,-3]}},{"type":"Feature","geometry":{"type":"Point","coordinates":[-79.450906,43.735267]},"properties":{"line":"160","mode":"bus","color":"#0059a9","colorDark":"#00294f","band":0,"off":[-1.7,1.1]}},{"type":"Feature","geometry":{"type":"Point","coordinates":[-79.450906,43.735267]},"properties":{"line":"184","mode":"bus","color":"#0059a9","colorDark":"#00294f","band":0,"off":[1.7,1.1]}},{"type":"Feature","geometry":{"type":"Point","coordinates":[-79.426747,43.660625]},"properties":{"name":"Ossington Station at Bus Bay 3","band":0,"modes":"bus","arr":["161"],"off":[0,-0.8]}},{"type":"Feature","geometry":{"type":"Point","coordinates":[-79.426747,43.660625]},"properties":{"line":"161","mode":"bus","color":"#0059a9","colorDark":"#00294f","band":0,"off":[0,1.1]}},{"type":"Feature","geometry":{"type":"Point","coordinates":[-79.337804,43.719377]},"properties":{"name":"Don Valley Station at Temporary Bus Bay 5","band":0,"modes":"bus","arr":["162","191"],"off":[0,-0.8]}},{"type":"Feature","geometry":{"type":"Point","coordinates":[-79.337804,43.719377]},"properties":{"line":"162","mode":"bus","color":"#0059a9","colorDark":"#00294f","band":0,"off":[-1.7,1.1]}},{"type":"Feature","geometry":{"type":"Point","coordinates":[-79.337804,43.719377]},"properties":{"line":"191","mode":"bus","color":"#0059a9","colorDark":"#00294f","band":0,"off":[1.7,1.1]}},{"type":"Feature","geometry":{"type":"Point","coordinates":[-79.545776,43.764768]},"properties":{"name":"Ormont Dr at Weston Rd","band":0,"modes":"bus","arr":["165"],"off":[0,-0.8]}},{"type":"Feature","geometry":{"type":"Point","coordinates":[-79.545776,43.764768]},"properties":{"line":"165","mode":"bus","color":"#0059a9","colorDark":"#00294f","band":0,"off":[0,1.1]}},{"type":"Feature","geometry":{"type":"Point","coordinates":[-79.543437,43.771141]},"properties":{"name":"Old Weston Rd at Steeles Ave West","band":0,"modes":"bus","arr":["989"],"off":[0,-0.8]}},{"type":"Feature","geometry":{"type":"Point","coordinates":[-79.543437,43.771141]},"properties":{"line":"989","mode":"bus","color":"#0059a9","colorDark":"#00294f","band":0,"off":[0,1.1]}},{"type":"Feature","geometry":{"type":"Point","coordinates":[-79.346659,43.780163]},"properties":{"name":"Don Mills Station at Bus Bay 15","band":0,"modes":"bus","arr":["169","185","904","985"],"off":[0,-0.8]}},{"type":"Feature","geometry":{"type":"Point","coordinates":[-79.346659,43.780163]},"properties":{"name":"Don Mills Station at Bus Bay 14","band":0,"modes":"bus","arr":["169","185","904","985"],"off":[0,-3]}},{"type":"Feature","geometry":{"type":"Point","coordinates":[-79.346659,43.780163]},"properties":{"name":"Don Mills Station at Bus Bay 10","band":0,"modes":"bus","arr":["169","185","904","985"],"off":[0,-5.2]}},{"type":"Feature","geometry":{"type":"Point","coordinates":[-79.346659,43.780163]},"properties":{"line":"169","mode":"bus","color":"#0059a9","colorDark":"#00294f","band":0,"off":[-5.1,1.1]}},{"type":"Feature","geometry":{"type":"Point","coordinates":[-79.346659,43.780163]},"properties":{"line":"185","mode":"bus","color":"#0059a9","colorDark":"#00294f","band":0,"off":[-1.7,1.1]}},{"type":"Feature","geometry":{"type":"Point","coordinates":[-79.346659,43.780163]},"properties":{"line":"904","mode":"bus","color":"#0059a9","colorDark":"#00294f","band":0,"off":[1.7,1.1]}},{"type":"Feature","geometry":{"type":"Point","coordinates":[-79.346659,43.780163]},"properties":{"line":"985","mode":"bus","color":"#0059a9","colorDark":"#00294f","band":0,"off":[5.1,1.1]}},{"type":"Feature","geometry":{"type":"Point","coordinates":[-79.495259,43.676247]},"properties":{"name":"Alliance Ave at Jane St","band":0,"modes":"bus","arr":["171"],"off":[0,-0.8]}},{"type":"Feature","geometry":{"type":"Point","coordinates":[-79.495259,43.676247]},"properties":{"line":"171","mode":"bus","color":"#0059a9","colorDark":"#00294f","band":0,"off":[0,1.1]}},{"type":"Feature","geometry":{"type":"Point","coordinates":[-79.467874,43.736581]},"properties":{"name":"Ancaster Rd at Powell Rd South Side","band":0,"modes":"bus","arr":["184"],"off":[0,-0.8]}},{"type":"Feature","geometry":{"type":"Point","coordinates":[-79.467874,43.736581]},"properties":{"line":"184","mode":"bus","color":"#0059a9","colorDark":"#00294f","band":0,"off":[0,1.1]}},{"type":"Feature","geometry":{"type":"Point","coordinates":[-79.497207,43.666448]},"properties":{"name":"2672 St Clair Ave West","band":0,"modes":"bus","arr":["189"],"off":[0,-0.8]}},{"type":"Feature","geometry":{"type":"Point","coordinates":[-79.497207,43.666448]},"properties":{"line":"189","mode":"bus","color":"#0059a9","colorDark":"#00294f","band":0,"off":[0,1.1]}},{"type":"Feature","geometry":{"type":"Point","coordinates":[-79.464662,43.654646]},"properties":{"name":"Keele St at Bloor St West - Keele Station","band":0,"modes":"bus","arr":["189","203","341"],"off":[0,-0.8]}},{"type":"Feature","geometry":{"type":"Point","coordinates":[-79.464662,43.654646]},"properties":{"name":"High Park Station at High Park Ave","band":0,"modes":"bus","arr":["189","203","341"],"off":[0,-4.1]}},{"type":"Feature","geometry":{"type":"Point","coordinates":[-79.464662,43.654646]},"properties":{"name":"High Park Station at Bus Bay 2","band":0,"modes":"bus","arr":["189","203","341"],"off":[0,-6.3]}},{"type":"Feature","geometry":{"type":"Point","coordinates":[-79.464662,43.654646]},"properties":{"line":"189","mode":"bus","color":"#0059a9","colorDark":"#00294f","band":0,"off":[-3.4,1.1]}},{"type":"Feature","geometry":{"type":"Point","coordinates":[-79.464662,43.654646]},"properties":{"line":"203","mode":"bus","color":"#0059a9","colorDark":"#00294f","band":0,"off":[0,1.1]}},{"type":"Feature","geometry":{"type":"Point","coordinates":[-79.464662,43.654646]},"properties":{"line":"341","mode":"bus","color":"#0059a9","colorDark":"#00294f","band":0,"off":[3.4,1.1]}},{"type":"Feature","geometry":{"type":"Point","coordinates":[-79.471674,43.671878]},"properties":{"name":"Gunns Loop at St Clair Ave West","band":0,"modes":"tram,bus","arr":["312","340","512"],"off":[0,-0.8]}},{"type":"Feature","geometry":{"type":"Point","coordinates":[-79.471674,43.671878]},"properties":{"line":"312","mode":"tram","color":"#d6212b","colorDark":"#7c1116","band":0,"off":[-3.4,1.1]}},{"type":"Feature","geometry":{"type":"Point","coordinates":[-79.471674,43.671878]},"properties":{"line":"340","mode":"bus","color":"#0059a9","colorDark":"#00294f","band":0,"off":[0,1.1]}},{"type":"Feature","geometry":{"type":"Point","coordinates":[-79.471674,43.671878]},"properties":{"line":"512","mode":"tram","color":"#d6212b","colorDark":"#7c1116","band":0,"off":[3.4,1.1]}},{"type":"Feature","geometry":{"type":"Point","coordinates":[-79.228584,43.712869]},"properties":{"name":"Scarborough Bluffs Beach Loop at Bluffers Park","band":0,"modes":"bus","arr":["201"],"off":[0,-0.8]}},{"type":"Feature","geometry":{"type":"Point","coordinates":[-79.228584,43.712869]},"properties":{"line":"201","mode":"bus","color":"#0059a9","colorDark":"#00294f","band":0,"off":[0,1.1]}},{"type":"Feature","geometry":{"type":"Point","coordinates":[-79.344416,43.637007]},"properties":{"name":"Cherry Beach Loop at Clarke Beach","band":0,"modes":"bus","arr":["202"],"off":[0,-0.8]}},{"type":"Feature","geometry":{"type":"Point","coordinates":[-79.344416,43.637007]},"properties":{"line":"202","mode":"bus","color":"#0059a9","colorDark":"#00294f","band":0,"off":[0,1.1]}},{"type":"Feature","geometry":{"type":"Point","coordinates":[-79.46149,43.644107]},"properties":{"name":"High Park Loop","band":0,"modes":"bus,tram","arr":["203","506"],"off":[0,-0.8]}},{"type":"Feature","geometry":{"type":"Point","coordinates":[-79.46149,43.644107]},"properties":{"name":"Colborne Lodge Dr at Centre Rd","band":0,"modes":"bus,tram","arr":["203","506"],"off":[0,-1.9]}},{"type":"Feature","geometry":{"type":"Point","coordinates":[-79.46149,43.644107]},"properties":{"line":"203","mode":"bus","color":"#0059a9","colorDark":"#00294f","band":0,"off":[-1.7,1.1]}},{"type":"Feature","geometry":{"type":"Point","coordinates":[-79.46149,43.644107]},"properties":{"line":"506","mode":"tram","color":"#d6212b","colorDark":"#7c1116","band":0,"off":[1.7,1.1]}},{"type":"Feature","geometry":{"type":"Point","coordinates":[-79.618252,43.688157]},"properties":{"name":"Toronto Pearson Airport - Viscount Station","band":0,"modes":"bus","arr":["300","352","900","906","952"],"off":[0,-0.8]}},{"type":"Feature","geometry":{"type":"Point","coordinates":[-79.618252,43.688157]},"properties":{"name":"Pearson Airport Terminal 3 (Arrivals Level Columns C8-C12)","band":0,"modes":"bus","arr":["300","352","900","906","952"],"off":[0,-4.1]}},{"type":"Feature","geometry":{"type":"Point","coordinates":[-79.618252,43.688157]},"properties":{"line":"300","mode":"bus","color":"#0059a9","colorDark":"#00294f","band":0,"off":[-6.8,1.1]}},{"type":"Feature","geometry":{"type":"Point","coordinates":[-79.618252,43.688157]},"properties":{"line":"352","mode":"bus","color":"#0059a9","colorDark":"#00294f","band":0,"off":[-3.4,1.1]}},{"type":"Feature","geometry":{"type":"Point","coordinates":[-79.618252,43.688157]},"properties":{"line":"900","mode":"bus","color":"#0059a9","colorDark":"#00294f","band":0,"off":[0,1.1]}},{"type":"Feature","geometry":{"type":"Point","coordinates":[-79.618252,43.688157]},"properties":{"line":"906","mode":"bus","color":"#0059a9","colorDark":"#00294f","band":0,"off":[3.4,1.1]}},{"type":"Feature","geometry":{"type":"Point","coordinates":[-79.618252,43.688157]},"properties":{"line":"952","mode":"bus","color":"#0059a9","colorDark":"#00294f","band":0,"off":[6.8,1.1]}},{"type":"Feature","geometry":{"type":"Point","coordinates":[-79.611087,43.681868]},"properties":{"name":"Pearson Airport Terminal 1 (Ground Level Column R4)","band":0,"modes":"bus","arr":["300","352","900","952"],"off":[0,-0.8]}},{"type":"Feature","geometry":{"type":"Point","coordinates":[-79.611087,43.681868]},"properties":{"line":"300","mode":"bus","color":"#0059a9","colorDark":"#00294f","band":0,"off":[-5.1,1.1]}},{"type":"Feature","geometry":{"type":"Point","coordinates":[-79.611087,43.681868]},"properties":{"line":"352","mode":"bus","color":"#0059a9","colorDark":"#00294f","band":0,"off":[-1.7,1.1]}},{"type":"Feature","geometry":{"type":"Point","coordinates":[-79.611087,43.681868]},"properties":{"line":"900","mode":"bus","color":"#0059a9","colorDark":"#00294f","band":0,"off":[1.7,1.1]}},{"type":"Feature","geometry":{"type":"Point","coordinates":[-79.611087,43.681868]},"properties":{"line":"952","mode":"bus","color":"#0059a9","colorDark":"#00294f","band":0,"off":[5.1,1.1]}},{"type":"Feature","geometry":{"type":"Point","coordinates":[-79.41518,43.636437]},"properties":{"name":"Exhibition Loop at Manitoba Dr","band":0,"modes":"bus,tram","arr":["307","329","363","509","511"],"off":[0,-0.8]}},{"type":"Feature","geometry":{"type":"Point","coordinates":[-79.41518,43.636437]},"properties":{"name":"Exhibition Loop","band":0,"modes":"bus,tram","arr":["307","329","363","509","511"],"off":[0,-3]}},{"type":"Feature","geometry":{"type":"Point","coordinates":[-79.41518,43.636437]},"properties":{"line":"307","mode":"bus","color":"#0059a9","colorDark":"#00294f","band":0,"off":[-6.8,1.1]}},{"type":"Feature","geometry":{"type":"Point","coordinates":[-79.41518,43.636437]},"properties":{"line":"329","mode":"bus","color":"#0059a9","colorDark":"#00294f","band":0,"off":[-3.4,1.1]}},{"type":"Feature","geometry":{"type":"Point","coordinates":[-79.41518,43.636437]},"properties":{"line":"363","mode":"bus","color":"#0059a9","colorDark":"#00294f","band":0,"off":[0,1.1]}},{"type":"Feature","geometry":{"type":"Point","coordinates":[-79.41518,43.636437]},"properties":{"line":"509","mode":"tram","color":"#d6212b","colorDark":"#7c1116","band":0,"off":[3.4,1.1]}},{"type":"Feature","geometry":{"type":"Point","coordinates":[-79.41518,43.636437]},"properties":{"line":"511","mode":"tram","color":"#d6212b","colorDark":"#7c1116","band":0,"off":[6.8,1.1]}},{"type":"Feature","geometry":{"type":"Point","coordinates":[-79.436636,43.696584]},"properties":{"name":"Eglinton Ave West at Everden Rd (Eglinton West Sta","band":0,"modes":"bus","arr":["363"],"off":[0,-0.8]}},{"type":"Feature","geometry":{"type":"Point","coordinates":[-79.436636,43.696584]},"properties":{"name":"Cedarvale Station at Bus Bay 2","band":0,"modes":"bus","arr":["363"],"off":[0,-4.1]}},{"type":"Feature","geometry":{"type":"Point","coordinates":[-79.436636,43.696584]},"properties":{"line":"363","mode":"bus","color":"#0059a9","colorDark":"#00294f","band":0,"off":[0,1.1]}},{"type":"Feature","geometry":{"type":"Point","coordinates":[-79.576507,43.764114]},"properties":{"name":"Steeles Ave West Loop at Islington Ave","band":0,"modes":"bus","arr":["337","384","937"],"off":[0,-0.8]}},{"type":"Feature","geometry":{"type":"Point","coordinates":[-79.576507,43.764114]},"properties":{"line":"337","mode":"bus","color":"#0059a9","colorDark":"#00294f","band":0,"off":[-3.4,1.1]}},{"type":"Feature","geometry":{"type":"Point","coordinates":[-79.576507,43.764114]},"properties":{"line":"384","mode":"bus","color":"#0059a9","colorDark":"#00294f","band":0,"off":[0,1.1]}},{"type":"Feature","geometry":{"type":"Point","coordinates":[-79.576507,43.764114]},"properties":{"line":"937","mode":"bus","color":"#0059a9","colorDark":"#00294f","band":0,"off":[3.4,1.1]}},{"type":"Feature","geometry":{"type":"Point","coordinates":[-79.506534,43.600756]},"properties":{"name":"Eighth St at Lake Shore Blvd West North Side","band":0,"modes":"bus","arr":["337"],"off":[0,-0.8]}},{"type":"Feature","geometry":{"type":"Point","coordinates":[-79.506534,43.600756]},"properties":{"line":"337","mode":"bus","color":"#0059a9","colorDark":"#00294f","band":0,"off":[0,1.1]}},{"type":"Feature","geometry":{"type":"Point","coordinates":[-79.452287,43.66219]},"properties":{"name":"Edna Ave at Dundas St West","band":0,"modes":"tram,bus","arr":["304","305","340","505"],"off":[0,-0.8]}},{"type":"Feature","geometry":{"type":"Point","coordinates":[-79.452287,43.66219]},"properties":{"name":"Dundas West Station at Bay 5","band":0,"modes":"tram,bus","arr":["304","305","340","505"],"off":[0,-3]}},{"type":"Feature","geometry":{"type":"Point","coordinates":[-79.452287,43.66219]},"properties":{"name":"Dundas St West at Bloor St West","band":0,"modes":"tram,bus","arr":["304","305","340","505"],"off":[0,-5.2]}},{"type":"Feature","geometry":{"type":"Point","coordinates":[-79.452287,43.66219]},"properties":{"line":"304","mode":"tram","color":"#d6212b","colorDark":"#7c1116","band":0,"off":[-5.1,1.1]}},{"type":"Feature","geometry":{"type":"Point","coordinates":[-79.452287,43.66219]},"properties":{"line":"305","mode":"tram","color":"#d6212b","colorDark":"#7c1116","band":0,"off":[-1.7,1.1]}},{"type":"Feature","geometry":{"type":"Point","coordinates":[-79.452287,43.66219]},"properties":{"line":"340","mode":"bus","color":"#0059a9","colorDark":"#00294f","band":0,"off":[1.7,1.1]}},{"type":"Feature","geometry":{"type":"Point","coordinates":[-79.452287,43.66219]},"properties":{"line":"505","mode":"tram","color":"#d6212b","colorDark":"#7c1116","band":0,"off":[5.1,1.1]}},{"type":"Feature","geometry":{"type":"Point","coordinates":[-79.457452,43.65588]},"properties":{"name":"66 Keele St","band":0,"modes":"bus","arr":["341"],"off":[0,-0.8]}},{"type":"Feature","geometry":{"type":"Point","coordinates":[-79.457452,43.65588]},"properties":{"line":"341","mode":"bus","color":"#0059a9","colorDark":"#00294f","band":0,"off":[0,1.1]}},{"type":"Feature","geometry":{"type":"Point","coordinates":[-79.411271,43.755391]},"properties":{"name":"Sheppard-Yonge Station at Bus Bay 6/6A","band":0,"modes":"metro,bus","arr":["4","385","984"],"off":[0,-0.8]}},{"type":"Feature","geometry":{"type":"Point","coordinates":[-79.411271,43.755391]},"properties":{"name":"Sheppard-Yonge Station","band":0,"modes":"metro,bus","arr":["4","385","984"],"off":[0,-4.1]}},{"type":"Feature","geometry":{"type":"Point","coordinates":[-79.411271,43.755391]},"properties":{"name":"Sheppard Ave East at Yonge St","band":0,"modes":"metro,bus","arr":["4","385","984"],"off":[0,-6.3]}},{"type":"Feature","geometry":{"type":"Point","coordinates":[-79.411271,43.755391]},"properties":{"line":"4","mode":"tram","color":"#B300B3","colorDark":"#620062","band":0,"metro":1,"off":[-3.4,1.1]}},{"type":"Feature","geometry":{"type":"Point","coordinates":[-79.411271,43.755391]},"properties":{"line":"385","mode":"bus","color":"#0059a9","colorDark":"#00294f","band":0,"off":[0,1.1]}},{"type":"Feature","geometry":{"type":"Point","coordinates":[-79.411271,43.755391]},"properties":{"line":"984","mode":"bus","color":"#0059a9","colorDark":"#00294f","band":0,"off":[3.4,1.1]}},{"type":"Feature","geometry":{"type":"Point","coordinates":[-79.170819,43.809172]},"properties":{"name":"Meadowvale Loop at Sheppard Ave East","band":0,"modes":"bus","arr":["386","985","986"],"off":[0,-0.8]}},{"type":"Feature","geometry":{"type":"Point","coordinates":[-79.170819,43.809172]},"properties":{"line":"386","mode":"bus","color":"#0059a9","colorDark":"#00294f","band":0,"off":[-3.4,1.1]}},{"type":"Feature","geometry":{"type":"Point","coordinates":[-79.170819,43.809172]},"properties":{"line":"985","mode":"bus","color":"#0059a9","colorDark":"#00294f","band":0,"off":[0,1.1]}},{"type":"Feature","geometry":{"type":"Point","coordinates":[-79.170819,43.809172]},"properties":{"line":"986","mode":"bus","color":"#0059a9","colorDark":"#00294f","band":0,"off":[3.4,1.1]}},{"type":"Feature","geometry":{"type":"Point","coordinates":[-79.405931,43.743503]},"properties":{"name":"York Mills Station at Bus Bay 8","band":0,"modes":"bus","arr":["396","995"],"off":[0,-0.8]}},{"type":"Feature","geometry":{"type":"Point","coordinates":[-79.405931,43.743503]},"properties":{"name":"York Mills Rd at Yonge St East Side","band":0,"modes":"bus","arr":["396","995"],"off":[0,-3]}},{"type":"Feature","geometry":{"type":"Point","coordinates":[-79.405931,43.743503]},"properties":{"name":"York Mills Rd at Yonge St","band":0,"modes":"bus","arr":["396","995"],"off":[0,-5.2]}},{"type":"Feature","geometry":{"type":"Point","coordinates":[-79.405931,43.743503]},"properties":{"line":"396","mode":"bus","color":"#0059a9","colorDark":"#00294f","band":0,"off":[-1.7,1.1]}},{"type":"Feature","geometry":{"type":"Point","coordinates":[-79.405931,43.743503]},"properties":{"line":"995","mode":"bus","color":"#0059a9","colorDark":"#00294f","band":0,"off":[1.7,1.1]}},{"type":"Feature","geometry":{"type":"Point","coordinates":[-79.488142,43.723559]},"properties":{"name":"Humber River Hospital","band":0,"modes":"bus","arr":["400"],"off":[0,-0.8]}},{"type":"Feature","geometry":{"type":"Point","coordinates":[-79.488142,43.723559]},"properties":{"line":"400","mode":"bus","color":"#0059a9","colorDark":"#00294f","band":0,"off":[0,1.1]}},{"type":"Feature","geometry":{"type":"Point","coordinates":[-79.433223,43.73797]},"properties":{"name":"270 Wilson Ave - No Frills","band":0,"modes":"bus","arr":["400"],"off":[0,-0.8]}},{"type":"Feature","geometry":{"type":"Point","coordinates":[-79.433223,43.73797]},"properties":{"line":"400","mode":"bus","color":"#0059a9","colorDark":"#00294f","band":0,"off":[0,1.1]}},{"type":"Feature","geometry":{"type":"Point","coordinates":[-79.434105,43.655969]},"properties":{"name":"Dufferin Mall","band":0,"modes":"bus","arr":["402"],"off":[0,-0.8]}},{"type":"Feature","geometry":{"type":"Point","coordinates":[-79.434105,43.655969]},"properties":{"line":"402","mode":"bus","color":"#0059a9","colorDark":"#00294f","band":0,"off":[0,1.1]}},{"type":"Feature","geometry":{"type":"Point","coordinates":[-79.345589,43.733828]},"properties":{"name":"1050 Don Mills Rd - Shops On Don Mills","band":0,"modes":"bus","arr":["403"],"off":[0,-0.8]}},{"type":"Feature","geometry":{"type":"Point","coordinates":[-79.345589,43.733828]},"properties":{"line":"403","mode":"bus","color":"#0059a9","colorDark":"#00294f","band":0,"off":[0,1.1]}},{"type":"Feature","geometry":{"type":"Point","coordinates":[-79.32313,43.682648]},"properties":{"name":"Coxwell Station","band":0,"modes":"bus","arr":["404"],"off":[0,-0.8]}},{"type":"Feature","geometry":{"type":"Point","coordinates":[-79.32313,43.682648]},"properties":{"line":"404","mode":"bus","color":"#0059a9","colorDark":"#00294f","band":0,"off":[0,1.1]}},{"type":"Feature","geometry":{"type":"Point","coordinates":[-79.552446,43.680683]},"properties":{"name":"1540 Kipling Ave - Richview Residence - Kipling Building","band":0,"modes":"bus","arr":["405"],"off":[0,-0.8]}},{"type":"Feature","geometry":{"type":"Point","coordinates":[-79.552446,43.680683]},"properties":{"line":"405","mode":"bus","color":"#0059a9","colorDark":"#00294f","band":0,"off":[0,1.1]}},{"type":"Feature","geometry":{"type":"Point","coordinates":[-79.507803,43.689578]},"properties":{"name":"170 Emmett Ave - West Park Healthcare Centre - Main Entrance","band":0,"modes":"bus","arr":["405"],"off":[0,-0.8]}},{"type":"Feature","geometry":{"type":"Point","coordinates":[-79.507803,43.689578]},"properties":{"line":"405","mode":"bus","color":"#0059a9","colorDark":"#00294f","band":0,"off":[0,1.1]}},{"type":"Feature","geometry":{"type":"Point","coordinates":[-79.197532,43.754507]},"properties":{"name":"130 Westlake Rd - Guildwood Station","band":0,"modes":"bus","arr":["406"],"off":[0,-0.8]}},{"type":"Feature","geometry":{"type":"Point","coordinates":[-79.197532,43.754507]},"properties":{"line":"406","mode":"bus","color":"#0059a9","colorDark":"#00294f","band":0,"off":[0,1.1]}},{"type":"Feature","geometry":{"type":"Point","coordinates":[-79.242302,43.835741]},"properties":{"name":"Morningside Ave at Passmore Ave - Amazon Fulfillment Centre","band":0,"modes":"bus","arr":["902"],"off":[0,-0.8]}},{"type":"Feature","geometry":{"type":"Point","coordinates":[-79.242302,43.835741]},"properties":{"line":"902","mode":"bus","color":"#0059a9","colorDark":"#00294f","band":0,"off":[0,1.1]}},{"type":"Feature","geometry":{"type":"Point","coordinates":[-79.229602,43.786078]},"properties":{"name":"Centennial College Bus Terminal","band":0,"modes":"bus","arr":["903"],"off":[0,-0.8]}},{"type":"Feature","geometry":{"type":"Point","coordinates":[-79.229602,43.786078]},"properties":{"line":"903","mode":"bus","color":"#0059a9","colorDark":"#00294f","band":0,"off":[0,1.1]}},{"type":"Feature","geometry":{"type":"Point","coordinates":[-79.264366,43.728787]},"properties":{"name":"Kennedy Station at Bus Bay 5","band":0,"modes":"metro,bus","arr":["2","5","905","986"],"off":[0,-0.8]}},{"type":"Feature","geometry":{"type":"Point","coordinates":[-79.264366,43.728787]},"properties":{"name":"Kennedy Station - Subway Platform","band":0,"modes":"metro,bus","arr":["2","5","905","986"],"off":[0,-3]}},{"type":"Feature","geometry":{"type":"Point","coordinates":[-79.264366,43.728787]},"properties":{"name":"Kennedy Station","band":0,"modes":"metro,bus","arr":["2","5","905","986"],"off":[0,-5.2]}},{"type":"Feature","geometry":{"type":"Point","coordinates":[-79.264366,43.728787]},"properties":{"line":"2","mode":"tram","color":"#008000","colorDark":"#004600","band":0,"metro":1,"off":[-5.1,1.1]}},{"type":"Feature","geometry":{"type":"Point","coordinates":[-79.264366,43.728787]},"properties":{"line":"5","mode":"tram","color":"#FF8000","colorDark":"#8c4600","band":0,"metro":1,"off":[-1.7,1.1]}},{"type":"Feature","geometry":{"type":"Point","coordinates":[-79.264366,43.728787]},"properties":{"line":"905","mode":"bus","color":"#0059a9","colorDark":"#00294f","band":0,"off":[1.7,1.1]}},{"type":"Feature","geometry":{"type":"Point","coordinates":[-79.264366,43.728787]},"properties":{"line":"986","mode":"bus","color":"#0059a9","colorDark":"#00294f","band":0,"off":[5.1,1.1]}},{"type":"Feature","geometry":{"type":"Point","coordinates":[-79.185568,43.78435]},"properties":{"name":"University of Toronto Scarborough","band":0,"modes":"bus","arr":["905","995"],"off":[0,-0.8]}},{"type":"Feature","geometry":{"type":"Point","coordinates":[-79.185568,43.78435]},"properties":{"line":"905","mode":"bus","color":"#0059a9","colorDark":"#00294f","band":0,"off":[-1.7,1.1]}},{"type":"Feature","geometry":{"type":"Point","coordinates":[-79.185568,43.78435]},"properties":{"line":"995","mode":"bus","color":"#0059a9","colorDark":"#00294f","band":0,"off":[1.7,1.1]}},{"type":"Feature","geometry":{"type":"Point","coordinates":[-79.509368,43.777734]},"properties":{"name":"Pioneer Village Station Bus Bay 9","band":0,"modes":"bus","arr":["935"],"off":[0,-0.8]}},{"type":"Feature","geometry":{"type":"Point","coordinates":[-79.509368,43.777734]},"properties":{"line":"935","mode":"bus","color":"#0059a9","colorDark":"#00294f","band":0,"off":[0,1.1]}},{"type":"Feature","geometry":{"type":"Point","coordinates":[-79.483614,43.648397]},"properties":{"name":"Jane Station at Bus Bay 4","band":0,"modes":"bus","arr":["935"],"off":[0,-0.8]}},{"type":"Feature","geometry":{"type":"Point","coordinates":[-79.483614,43.648397]},"properties":{"line":"935","mode":"bus","color":"#0059a9","colorDark":"#00294f","band":0,"off":[0,1.1]}},{"type":"Feature","geometry":{"type":"Point","coordinates":[-79.490967,43.761965]},"properties":{"name":"Finch West Station Bus Bay 4","band":0,"modes":"metro,bus","arr":["6","939"],"off":[0,-0.8]}},{"type":"Feature","geometry":{"type":"Point","coordinates":[-79.490967,43.761965]},"properties":{"name":"Finch West Station - Subway Platform","band":0,"modes":"metro,bus","arr":["6","939"],"off":[0,-3]}},{"type":"Feature","geometry":{"type":"Point","coordinates":[-79.490967,43.761965]},"properties":{"name":"Finch West Station","band":0,"modes":"metro,bus","arr":["6","939"],"off":[0,-5.2]}},{"type":"Feature","geometry":{"type":"Point","coordinates":[-79.490967,43.761965]},"properties":{"line":"6","mode":"tram","color":"#808080","colorDark":"#464646","band":0,"metro":1,"off":[-1.7,1.1]}},{"type":"Feature","geometry":{"type":"Point","coordinates":[-79.490967,43.761965]},"properties":{"line":"939","mode":"bus","color":"#0059a9","colorDark":"#00294f","band":0,"off":[1.7,1.1]}},{"type":"Feature","geometry":{"type":"Point","coordinates":[-79.402223,43.723557]},"properties":{"name":"Lawrence Station at Bus Bay 1","band":0,"modes":"bus","arr":["952"],"off":[0,-0.8]}},{"type":"Feature","geometry":{"type":"Point","coordinates":[-79.402223,43.723557]},"properties":{"line":"952","mode":"bus","color":"#0059a9","colorDark":"#00294f","band":0,"off":[0,1.1]}},{"type":"Feature","geometry":{"type":"Point","coordinates":[-79.624921,43.752764]},"properties":{"name":"Signal Hill Ave at Steeles Ave West","band":0,"modes":"bus","arr":["960"],"off":[0,-0.8]}},{"type":"Feature","geometry":{"type":"Point","coordinates":[-79.624921,43.752764]},"properties":{"line":"960","mode":"bus","color":"#0059a9","colorDark":"#00294f","band":0,"off":[0,1.1]}},{"type":"Feature","geometry":{"type":"Point","coordinates":[-79.478718,43.630998]},"properties":{"name":"Humber Loop at the Queensway","band":0,"modes":"tram","arr":["301","501","507"],"off":[0,-0.8]}},{"type":"Feature","geometry":{"type":"Point","coordinates":[-79.478718,43.630998]},"properties":{"line":"301","mode":"tram","color":"#d6212b","colorDark":"#7c1116","band":0,"off":[-3.4,1.1]}},{"type":"Feature","geometry":{"type":"Point","coordinates":[-79.478718,43.630998]},"properties":{"line":"501","mode":"tram","color":"#d6212b","colorDark":"#7c1116","band":0,"off":[0,1.1]}},{"type":"Feature","geometry":{"type":"Point","coordinates":[-79.478718,43.630998]},"properties":{"line":"507","mode":"tram","color":"#d6212b","colorDark":"#7c1116","band":0,"off":[3.4,1.1]}},{"type":"Feature","geometry":{"type":"Point","coordinates":[-79.282556,43.67368]},"properties":{"name":"Queen St East at Neville Park Blvd","band":0,"modes":"tram","arr":["301","501"],"off":[0,-0.8]}},{"type":"Feature","geometry":{"type":"Point","coordinates":[-79.282556,43.67368]},"properties":{"line":"301","mode":"tram","color":"#d6212b","colorDark":"#7c1116","band":0,"off":[-1.7,1.1]}},{"type":"Feature","geometry":{"type":"Point","coordinates":[-79.282556,43.67368]},"properties":{"line":"501","mode":"tram","color":"#d6212b","colorDark":"#7c1116","band":0,"off":[1.7,1.1]}},{"type":"Feature","geometry":{"type":"Point","coordinates":[-79.358169,43.677453]},"properties":{"name":"Broadview Station at Bay 6","band":0,"modes":"tram","arr":["304","305","505"],"off":[0,-0.8]}},{"type":"Feature","geometry":{"type":"Point","coordinates":[-79.358169,43.677453]},"properties":{"name":"Broadview Ave at Danforth Ave","band":0,"modes":"tram","arr":["304","305","505"],"off":[0,-3]}},{"type":"Feature","geometry":{"type":"Point","coordinates":[-79.358169,43.677453]},"properties":{"line":"304","mode":"tram","color":"#d6212b","colorDark":"#7c1116","band":0,"off":[-3.4,1.1]}},{"type":"Feature","geometry":{"type":"Point","coordinates":[-79.358169,43.677453]},"properties":{"line":"305","mode":"tram","color":"#d6212b","colorDark":"#7c1116","band":0,"off":[0,1.1]}},{"type":"Feature","geometry":{"type":"Point","coordinates":[-79.358169,43.677453]},"properties":{"line":"505","mode":"tram","color":"#d6212b","colorDark":"#7c1116","band":0,"off":[3.4,1.1]}},{"type":"Feature","geometry":{"type":"Point","coordinates":[-79.457441,43.64786]},"properties":{"name":"Howard Park Ave at Parkside Dr East Side","band":0,"modes":"tram","arr":["306"],"off":[0,-0.8]}},{"type":"Feature","geometry":{"type":"Point","coordinates":[-79.457441,43.64786]},"properties":{"name":"Howard Park Ave at Parkside Dr","band":0,"modes":"tram","arr":["306"],"off":[0,-4.1]}},{"type":"Feature","geometry":{"type":"Point","coordinates":[-79.457441,43.64786]},"properties":{"line":"306","mode":"tram","color":"#d6212b","colorDark":"#7c1116","band":0,"off":[0,1.1]}},{"type":"Feature","geometry":{"type":"Point","coordinates":[-79.381413,43.64936]},"properties":{"name":"York St at King St West North Side","band":0,"modes":"tram","arr":["310","503","509","510"],"off":[0,-0.8]}},{"type":"Feature","geometry":{"type":"Point","coordinates":[-79.381413,43.64936]},"properties":{"name":"Union Station Streetcar Platform","band":0,"modes":"tram","arr":["310","503","509","510"],"off":[0,-3]}},{"type":"Feature","geometry":{"type":"Point","coordinates":[-79.381413,43.64936]},"properties":{"line":"310","mode":"tram","color":"#d6212b","colorDark":"#7c1116","band":0,"off":[-5.1,1.1]}},{"type":"Feature","geometry":{"type":"Point","coordinates":[-79.381413,43.64936]},"properties":{"line":"503","mode":"tram","color":"#d6212b","colorDark":"#7c1116","band":0,"off":[-1.7,1.1]}},{"type":"Feature","geometry":{"type":"Point","coordinates":[-79.381413,43.64936]},"properties":{"line":"509","mode":"tram","color":"#d6212b","colorDark":"#7c1116","band":0,"off":[1.7,1.1]}},{"type":"Feature","geometry":{"type":"Point","coordinates":[-79.381413,43.64936]},"properties":{"line":"510","mode":"tram","color":"#d6212b","colorDark":"#7c1116","band":0,"off":[5.1,1.1]}},{"type":"Feature","geometry":{"type":"Point","coordinates":[-79.392425,43.685327]},"properties":{"name":"St Clair Station at Bay 2","band":0,"modes":"tram","arr":["312","512"],"off":[0,-0.8]}},{"type":"Feature","geometry":{"type":"Point","coordinates":[-79.392425,43.685327]},"properties":{"name":"St Clair Station at Bay 1","band":0,"modes":"tram","arr":["312","512"],"off":[0,-3]}},{"type":"Feature","geometry":{"type":"Point","coordinates":[-79.392425,43.685327]},"properties":{"line":"312","mode":"tram","color":"#d6212b","colorDark":"#7c1116","band":0,"off":[-1.7,1.1]}},{"type":"Feature","geometry":{"type":"Point","coordinates":[-79.392425,43.685327]},"properties":{"line":"512","mode":"tram","color":"#d6212b","colorDark":"#7c1116","band":0,"off":[1.7,1.1]}},{"type":"Feature","geometry":{"type":"Point","coordinates":[-79.452517,43.659074]},"properties":{"name":"Dundas West Station at Bay 4","band":0,"modes":"tram","arr":["504"],"off":[0,-0.8]}},{"type":"Feature","geometry":{"type":"Point","coordinates":[-79.452517,43.659074]},"properties":{"line":"504","mode":"tram","color":"#d6212b","colorDark":"#7c1116","band":0,"off":[0,1.1]}},{"type":"Feature","geometry":{"type":"Point","coordinates":[-79.356986,43.650818]},"properties":{"name":"Distillery Loop","band":0,"modes":"tram","arr":["504"],"off":[0,-0.8]}},{"type":"Feature","geometry":{"type":"Point","coordinates":[-79.356986,43.650818]},"properties":{"line":"504","mode":"tram","color":"#d6212b","colorDark":"#7c1116","band":0,"off":[0,1.1]}},{"type":"Feature","geometry":{"type":"Point","coordinates":[-79.3018,43.689769]},"properties":{"name":"Main Street Station at Bay 7","band":0,"modes":"tram","arr":["506"],"off":[0,-0.8]}},{"type":"Feature","geometry":{"type":"Point","coordinates":[-79.3018,43.689769]},"properties":{"line":"506","mode":"tram","color":"#d6212b","colorDark":"#7c1116","band":0,"off":[0,1.1]}},{"type":"Feature","geometry":{"type":"Point","coordinates":[-79.415694,43.785168]},"properties":{"name":"Finch Station - Subway Platform","band":0,"modes":"metro","arr":["1"],"off":[0,-0.8]}},{"type":"Feature","geometry":{"type":"Point","coordinates":[-79.415694,43.785168]},"properties":{"name":"Finch Station","band":0,"modes":"metro","arr":["1"],"off":[0,-3]}},{"type":"Feature","geometry":{"type":"Point","coordinates":[-79.415694,43.785168]},"properties":{"line":"1","mode":"tram","color":"#D5C82B","colorDark":"#756e18","band":0,"metro":1,"off":[0,1.1]}},{"type":"Feature","geometry":{"type":"Point","coordinates":[-79.52741,43.793792]},"properties":{"name":"Vaughan Metropolitan Centre Station - Subway Platform","band":0,"modes":"metro","arr":["1"],"off":[0,-0.8]}},{"type":"Feature","geometry":{"type":"Point","coordinates":[-79.52741,43.793792]},"properties":{"name":"Vaughan Metropolitan Centre Station","band":0,"modes":"metro","arr":["1"],"off":[0,-4.1]}},{"type":"Feature","geometry":{"type":"Point","coordinates":[-79.52741,43.793792]},"properties":{"line":"1","mode":"tram","color":"#D5C82B","colorDark":"#756e18","band":0,"metro":1,"off":[0,1.1]}},{"type":"Feature","geometry":{"type":"Point","coordinates":[-79.535362,43.635767]},"properties":{"name":"Kipling Station - Subway Platform","band":0,"modes":"metro","arr":["2"],"off":[0,-0.8]}},{"type":"Feature","geometry":{"type":"Point","coordinates":[-79.535362,43.635767]},"properties":{"name":"Kipling Station","band":0,"modes":"metro","arr":["2"],"off":[0,-3]}},{"type":"Feature","geometry":{"type":"Point","coordinates":[-79.535362,43.635767]},"properties":{"line":"2","mode":"tram","color":"#008000","colorDark":"#004600","band":0,"metro":1,"off":[0,1.1]}},{"type":"Feature","geometry":{"type":"Point","coordinates":[-79.347223,43.776293]},"properties":{"name":"Don Mills Station - Subway Platform","band":0,"modes":"metro","arr":["4"],"off":[0,-0.8]}},{"type":"Feature","geometry":{"type":"Point","coordinates":[-79.347223,43.776293]},"properties":{"name":"Don Mills Station","band":0,"modes":"metro","arr":["4"],"off":[0,-3]}},{"type":"Feature","geometry":{"type":"Point","coordinates":[-79.347223,43.776293]},"properties":{"line":"4","mode":"tram","color":"#B300B3","colorDark":"#620062","band":0,"metro":1,"off":[0,1.1]}},{"type":"Feature","geometry":{"type":"Point","coordinates":[-79.409806,43.761912]},"properties":{"name":"Sheppard-Yonge Station - Subway Platform","band":0,"modes":"metro","arr":["4"],"off":[0,-0.8]}},{"type":"Feature","geometry":{"type":"Point","coordinates":[-79.409806,43.761912]},"properties":{"line":"4","mode":"tram","color":"#B300B3","colorDark":"#620062","band":0,"metro":1,"off":[0,1.1]}},{"type":"Feature","geometry":{"type":"Point","coordinates":[-79.48642,43.689249]},"properties":{"name":"Mount Dennis Station","band":0,"modes":"metro","arr":["5"],"off":[0,-0.8]}},{"type":"Feature","geometry":{"type":"Point","coordinates":[-79.48642,43.689249]},"properties":{"line":"5","mode":"tram","color":"#FF8000","colorDark":"#8c4600","band":0,"metro":1,"off":[0,1.1]}},{"type":"Feature","geometry":{"type":"Point","coordinates":[-79.444521,43.791691]},"properties":{"name":"Steeles Ave West at Bathurst St East Side","band":1,"modes":"bus","arr":["7","307"],"off":[0,-0.8]}},{"type":"Feature","geometry":{"type":"Point","coordinates":[-79.444521,43.791691]},"properties":{"name":"Greenwin Village Rd at Bathurst St","band":1,"modes":"bus","arr":["7","307"],"off":[0,-4.1]}},{"type":"Feature","geometry":{"type":"Point","coordinates":[-79.444521,43.791691]},"properties":{"line":"7","mode":"bus","color":"#0059a9","colorDark":"#00294f","band":1,"off":[-1.7,1.1]}},{"type":"Feature","geometry":{"type":"Point","coordinates":[-79.444521,43.791691]},"properties":{"line":"307","mode":"bus","color":"#0059a9","colorDark":"#00294f","band":1,"off":[1.7,1.1]}},{"type":"Feature","geometry":{"type":"Point","coordinates":[-79.411156,43.666305]},"properties":{"name":"Bathurst Station at Bus Bay 3","band":1,"modes":"bus,tram","arr":["7","511"],"off":[0,-0.8]}},{"type":"Feature","geometry":{"type":"Point","coordinates":[-79.411156,43.666305]},"properties":{"name":"Bathurst Station at Bay 6","band":1,"modes":"bus,tram","arr":["7","511"],"off":[0,-3]}},{"type":"Feature","geometry":{"type":"Point","coordinates":[-79.411156,43.666305]},"properties":{"line":"7","mode":"bus","color":"#0059a9","colorDark":"#00294f","band":1,"off":[-1.7,1.1]}},{"type":"Feature","geometry":{"type":"Point","coordinates":[-79.411156,43.666305]},"properties":{"line":"511","mode":"tram","color":"#d6212b","colorDark":"#7c1116","band":1,"off":[1.7,1.1]}},{"type":"Feature","geometry":{"type":"Point","coordinates":[-79.280212,43.713137]},"properties":{"name":"Warden Station at Temporary Bus Bay 8","band":1,"modes":"bus","arr":["8","9","16","17","68"],"off":[0,-0.8]}},{"type":"Feature","geometry":{"type":"Point","coordinates":[-79.280212,43.713137]},"properties":{"name":"Warden Station at Temporary Bus Bay 5","band":1,"modes":"bus","arr":["8","9","16","17","68"],"off":[0,-4.1]}},{"type":"Feature","geometry":{"type":"Point","coordinates":[-79.280212,43.713137]},"properties":{"name":"Warden Station at Temporary Bus Bay 3","band":1,"modes":"bus","arr":["8","9","16","17","68"],"off":[0,-7.4]}},{"type":"Feature","geometry":{"type":"Point","coordinates":[-79.280212,43.713137]},"properties":{"line":"8","mode":"bus","color":"#0059a9","colorDark":"#00294f","band":1,"off":[-6.8,1.1]}},{"type":"Feature","geometry":{"type":"Point","coordinates":[-79.280212,43.713137]},"properties":{"line":"9","mode":"bus","color":"#0059a9","colorDark":"#00294f","band":1,"off":[-3.4,1.1]}},{"type":"Feature","geometry":{"type":"Point","coordinates":[-79.280212,43.713137]},"properties":{"line":"16","mode":"bus","color":"#0059a9","colorDark":"#00294f","band":1,"off":[0,1.1]}},{"type":"Feature","geometry":{"type":"Point","coordinates":[-79.280212,43.713137]},"properties":{"line":"17","mode":"bus","color":"#0059a9","colorDark":"#00294f","band":1,"off":[3.4,1.1]}},{"type":"Feature","geometry":{"type":"Point","coordinates":[-79.280212,43.713137]},"properties":{"line":"68","mode":"bus","color":"#0059a9","colorDark":"#00294f","band":1,"off":[6.8,1.1]}},{"type":"Feature","geometry":{"type":"Point","coordinates":[-79.354904,43.665298]},"properties":{"name":"Jack Layton Way at St Matthews Rd","band":1,"modes":"bus","arr":["8","62","121"],"off":[0,-0.8]}},{"type":"Feature","geometry":{"type":"Point","coordinates":[-79.354904,43.665298]},"properties":{"name":"Gerrard St East at St Matthews Rd","band":1,"modes":"bus","arr":["8","62","121"],"off":[0,-3]}},{"type":"Feature","geometry":{"type":"Point","coordinates":[-79.354904,43.665298]},"properties":{"line":"8","mode":"bus","color":"#0059a9","colorDark":"#00294f","band":1,"off":[-3.4,1.1]}},{"type":"Feature","geometry":{"type":"Point","coordinates":[-79.354904,43.665298]},"properties":{"line":"62","mode":"bus","color":"#0059a9","colorDark":"#00294f","band":1,"off":[0,1.1]}},{"type":"Feature","geometry":{"type":"Point","coordinates":[-79.354904,43.665298]},"properties":{"line":"121","mode":"bus","color":"#0059a9","colorDark":"#00294f","band":1,"off":[3.4,1.1]}},{"type":"Feature","geometry":{"type":"Point","coordinates":[-79.358566,43.673206]},"properties":{"name":"Broadview Station at Bus Bay 5","band":1,"modes":"bus","arr":["25","87","322"],"off":[0,-0.8]}},{"type":"Feature","geometry":{"type":"Point","coordinates":[-79.358566,43.673206]},"properties":{"name":"Broadview Station at Bus Bay 4","band":1,"modes":"bus","arr":["25","87","322"],"off":[0,-3]}},{"type":"Feature","geometry":{"type":"Point","coordinates":[-79.358566,43.673206]},"properties":{"name":"Broadview Ave at Erindale Ave","band":1,"modes":"bus","arr":["25","87","322"],"off":[0,-5.2]}},{"type":"Feature","geometry":{"type":"Point","coordinates":[-79.358566,43.673206]},"properties":{"line":"25","mode":"bus","color":"#0059a9","colorDark":"#00294f","band":1,"off":[-3.4,1.1]}},{"type":"Feature","geometry":{"type":"Point","coordinates":[-79.358566,43.673206]},"properties":{"line":"87","mode":"bus","color":"#0059a9","colorDark":"#00294f","band":1,"off":[0,1.1]}},{"type":"Feature","geometry":{"type":"Point","coordinates":[-79.358566,43.673206]},"properties":{"line":"322","mode":"bus","color":"#0059a9","colorDark":"#00294f","band":1,"off":[3.4,1.1]}},{"type":"Feature","geometry":{"type":"Point","coordinates":[-79.258221,43.776635]},"properties":{"name":"Scarborough Centre Station at Bus Bay 9","band":1,"modes":"bus","arr":["9","16","130","132","169","406"],"off":[0,-0.8]}},{"type":"Feature","geometry":{"type":"Point","coordinates":[-79.258221,43.776635]},"properties":{"name":"Scarborough Centre Station at Bus Bay 12","band":1,"modes":"bus","arr":["9","16","130","132","169","406"],"off":[0,-4.1]}},{"type":"Feature","geometry":{"type":"Point","coordinates":[-79.258221,43.776635]},"properties":{"name":"Scarborough Centre Station at Bus Bay 10","band":1,"modes":"bus","arr":["9","16","130","132","169","406"],"off":[0,-7.4]}},{"type":"Feature","geometry":{"type":"Point","coordinates":[-79.258221,43.776635]},"properties":{"line":"9","mode":"bus","color":"#0059a9","colorDark":"#00294f","band":1,"off":[-6.8,1.1]}},{"type":"Feature","geometry":{"type":"Point","coordinates":[-79.258221,43.776635]},"properties":{"line":"16","mode":"bus","color":"#0059a9","colorDark":"#00294f","band":1,"off":[-3.4,1.1]}},{"type":"Feature","geometry":{"type":"Point","coordinates":[-79.258221,43.776635]},"properties":{"line":"130","mode":"bus","color":"#0059a9","colorDark":"#00294f","band":1,"off":[0,1.1]}},{"type":"Feature","geometry":{"type":"Point","coordinates":[-79.258221,43.776635]},"properties":{"line":"132","mode":"bus","color":"#0059a9","colorDark":"#00294f","band":1,"off":[3.4,1.1]}},{"type":"Feature","geometry":{"type":"Point","coordinates":[-79.258221,43.776635]},"properties":{"line":"169","mode":"bus","color":"#0059a9","colorDark":"#00294f","band":1,"off":[6.8,1.1]}},{"type":"Feature","geometry":{"type":"Point","coordinates":[-79.258221,43.776635]},"properties":{"line":"406","mode":"bus","color":"#0059a9","colorDark":"#00294f","band":1,"off":[0,3.1]}},{"type":"Feature","geometry":{"type":"Point","coordinates":[-79.346303,43.772129]},"properties":{"name":"Don Mills Station at Bus Bay 9","band":1,"modes":"bus","arr":["10","85","167"],"off":[0,-0.8]}},{"type":"Feature","geometry":{"type":"Point","coordinates":[-79.346303,43.772129]},"properties":{"name":"Don Mills Station at Bus Bay 13","band":1,"modes":"bus","arr":["10","85","167"],"off":[0,-3]}},{"type":"Feature","geometry":{"type":"Point","coordinates":[-79.346303,43.772129]},"properties":{"name":"Don Mills Station at Bus Bay 11","band":1,"modes":"bus","arr":["10","85","167"],"off":[0,-5.2]}},{"type":"Feature","geometry":{"type":"Point","coordinates":[-79.346303,43.772129]},"properties":{"line":"10","mode":"bus","color":"#0059a9","colorDark":"#00294f","band":1,"off":[-3.4,1.1]}},{"type":"Feature","geometry":{"type":"Point","coordinates":[-79.346303,43.772129]},"properties":{"line":"85","mode":"bus","color":"#0059a9","colorDark":"#00294f","band":1,"off":[0,1.1]}},{"type":"Feature","geometry":{"type":"Point","coordinates":[-79.346303,43.772129]},"properties":{"line":"167","mode":"bus","color":"#0059a9","colorDark":"#00294f","band":1,"off":[3.4,1.1]}},{"type":"Feature","geometry":{"type":"Point","coordinates":[-79.33489,43.787721]},"properties":{"name":"Brian Ave at Van Horne Ave","band":1,"modes":"bus","arr":["10"],"off":[0,-0.8]}},{"type":"Feature","geometry":{"type":"Point","coordinates":[-79.33489,43.787721]},"properties":{"line":"10","mode":"bus","color":"#0059a9","colorDark":"#00294f","band":1,"off":[0,1.1]}},{"type":"Feature","geometry":{"type":"Point","coordinates":[-79.3974,43.80342]},"properties":{"name":"Steeles Ave East Loop at Bayview Ave","band":1,"modes":"bus","arr":["11"],"off":[0,-0.8]}},{"type":"Feature","geometry":{"type":"Point","coordinates":[-79.3974,43.80342]},"properties":{"line":"11","mode":"bus","color":"#0059a9","colorDark":"#00294f","band":1,"off":[0,1.1]}},{"type":"Feature","geometry":{"type":"Point","coordinates":[-79.376414,43.722226]},"properties":{"name":"Raab Blvd at Hospital Rd West Side (K & L Wings)","band":1,"modes":"bus","arr":["124","352"],"off":[0,-0.8]}},{"type":"Feature","geometry":{"type":"Point","coordinates":[-79.376414,43.722226]},"properties":{"name":"Hospital Rd at Wellness Way East Side - Sunnybrook Main Entr","band":1,"modes":"bus","arr":["124","352"],"off":[0,-4.1]}},{"type":"Feature","geometry":{"type":"Point","coordinates":[-79.376414,43.722226]},"properties":{"line":"124","mode":"bus","color":"#0059a9","colorDark":"#00294f","band":1,"off":[-1.7,1.1]}},{"type":"Feature","geometry":{"type":"Point","coordinates":[-79.376414,43.722226]},"properties":{"line":"352","mode":"bus","color":"#0059a9","colorDark":"#00294f","band":1,"off":[1.7,1.1]}},{"type":"Feature","geometry":{"type":"Point","coordinates":[-79.396942,43.697715]},"properties":{"name":"Davisville Station at Bus Bay 5","band":1,"modes":"bus","arr":["11","14","28"],"off":[0,-0.8]}},{"type":"Feature","geometry":{"type":"Point","coordinates":[-79.396942,43.697715]},"properties":{"name":"Davisville Station at Bus Bay 3","band":1,"modes":"bus","arr":["11","14","28"],"off":[0,-3]}},{"type":"Feature","geometry":{"type":"Point","coordinates":[-79.396942,43.697715]},"properties":{"line":"11","mode":"bus","color":"#0059a9","colorDark":"#00294f","band":1,"off":[-3.4,1.1]}},{"type":"Feature","geometry":{"type":"Point","coordinates":[-79.396942,43.697715]},"properties":{"line":"14","mode":"bus","color":"#0059a9","colorDark":"#00294f","band":1,"off":[0,1.1]}},{"type":"Feature","geometry":{"type":"Point","coordinates":[-79.396942,43.697715]},"properties":{"line":"28","mode":"bus","color":"#0059a9","colorDark":"#00294f","band":1,"off":[3.4,1.1]}},{"type":"Feature","geometry":{"type":"Point","coordinates":[-79.288715,43.695166]},"properties":{"name":"Victoria Park Station at Bus Bay 6","band":1,"modes":"bus","arr":["12","24","67","924"],"off":[0,-0.8]}},{"type":"Feature","geometry":{"type":"Point","coordinates":[-79.288715,43.695166]},"properties":{"name":"Victoria Park Station at Bus Bay 4","band":1,"modes":"bus","arr":["12","24","67","924"],"off":[0,-3]}},{"type":"Feature","geometry":{"type":"Point","coordinates":[-79.288715,43.695166]},"properties":{"name":"Victoria Park Station at Bus Bay 2","band":1,"modes":"bus","arr":["12","24","67","924"],"off":[0,-5.2]}},{"type":"Feature","geometry":{"type":"Point","coordinates":[-79.288715,43.695166]},"properties":{"line":"12","mode":"bus","color":"#0059a9","colorDark":"#00294f","band":1,"off":[-5.1,1.1]}},{"type":"Feature","geometry":{"type":"Point","coordinates":[-79.288715,43.695166]},"properties":{"line":"24","mode":"bus","color":"#0059a9","colorDark":"#00294f","band":1,"off":[-1.7,1.1]}},{"type":"Feature","geometry":{"type":"Point","coordinates":[-79.288715,43.695166]},"properties":{"line":"67","mode":"bus","color":"#0059a9","colorDark":"#00294f","band":1,"off":[1.7,1.1]}},{"type":"Feature","geometry":{"type":"Point","coordinates":[-79.288715,43.695166]},"properties":{"line":"924","mode":"bus","color":"#0059a9","colorDark":"#00294f","band":1,"off":[5.1,1.1]}},{"type":"Feature","geometry":{"type":"Point","coordinates":[-79.193305,43.788937]},"properties":{"name":"Military Trail at Morningside Ave","band":1,"modes":"bus","arr":["12"],"off":[0,-0.8]}},{"type":"Feature","geometry":{"type":"Point","coordinates":[-79.193305,43.788937]},"properties":{"line":"12","mode":"bus","color":"#0059a9","colorDark":"#00294f","band":1,"off":[0,1.1]}},{"type":"Feature","geometry":{"type":"Point","coordinates":[-79.284266,43.681317]},"properties":{"name":"Bingham Loop","band":1,"modes":"bus,tram","arr":["316","322","324","404","503"],"off":[0,-0.8]}},{"type":"Feature","geometry":{"type":"Point","coordinates":[-79.284266,43.681317]},"properties":{"name":"1091 Kingston Rd - Henley Gardens","band":1,"modes":"bus,tram","arr":["316","322","324","404","503"],"off":[0,-1.9]}},{"type":"Feature","geometry":{"type":"Point","coordinates":[-79.284266,43.681317]},"properties":{"line":"316","mode":"bus","color":"#0059a9","colorDark":"#00294f","band":1,"off":[-6.8,1.1]}},{"type":"Feature","geometry":{"type":"Point","coordinates":[-79.284266,43.681317]},"properties":{"line":"322","mode":"bus","color":"#0059a9","colorDark":"#00294f","band":1,"off":[-3.4,1.1]}},{"type":"Feature","geometry":{"type":"Point","coordinates":[-79.284266,43.681317]},"properties":{"line":"324","mode":"bus","color":"#0059a9","colorDark":"#00294f","band":1,"off":[0,1.1]}},{"type":"Feature","geometry":{"type":"Point","coordinates":[-79.284266,43.681317]},"properties":{"line":"404","mode":"bus","color":"#0059a9","colorDark":"#00294f","band":1,"off":[3.4,1.1]}},{"type":"Feature","geometry":{"type":"Point","coordinates":[-79.284266,43.681317]},"properties":{"line":"503","mode":"tram","color":"#d6212b","colorDark":"#7c1116","band":1,"off":[6.8,1.1]}},{"type":"Feature","geometry":{"type":"Point","coordinates":[-79.399243,43.707593]},"properties":{"name":"Eglinton Station at Bus Bay 3","band":1,"modes":"bus","arr":["13","354"],"off":[0,-0.8]}},{"type":"Feature","geometry":{"type":"Point","coordinates":[-79.399243,43.707593]},"properties":{"name":"Eglinton Ave West at Yonge St West Side","band":1,"modes":"bus","arr":["13","354"],"off":[0,-3]}},{"type":"Feature","geometry":{"type":"Point","coordinates":[-79.399243,43.707593]},"properties":{"name":"Duplex Ave at Eglinton Ave West","band":1,"modes":"bus","arr":["13","354"],"off":[0,-6.3]}},{"type":"Feature","geometry":{"type":"Point","coordinates":[-79.399243,43.707593]},"properties":{"line":"13","mode":"bus","color":"#0059a9","colorDark":"#00294f","band":1,"off":[-1.7,1.1]}},{"type":"Feature","geometry":{"type":"Point","coordinates":[-79.399243,43.707593]},"properties":{"line":"354","mode":"bus","color":"#0059a9","colorDark":"#00294f","band":1,"off":[1.7,1.1]}},{"type":"Feature","geometry":{"type":"Point","coordinates":[-79.390227,43.661064]},"properties":{"name":"Queen's Park Cres East at College St North Side","band":1,"modes":"bus","arr":["13"],"off":[0,-0.8]}},{"type":"Feature","geometry":{"type":"Point","coordinates":[-79.390227,43.661064]},"properties":{"line":"13","mode":"bus","color":"#0059a9","colorDark":"#00294f","band":1,"off":[0,1.1]}},{"type":"Feature","geometry":{"type":"Point","coordinates":[-79.464365,43.704743]},"properties":{"name":"Glencairn Ave at Caledonia Rd East Side","band":1,"modes":"bus","arr":["14"],"off":[0,-0.8]}},{"type":"Feature","geometry":{"type":"Point","coordinates":[-79.464365,43.704743]},"properties":{"line":"14","mode":"bus","color":"#0059a9","colorDark":"#00294f","band":1,"off":[0,1.1]}},{"type":"Feature","geometry":{"type":"Point","coordinates":[-79.558018,43.609988]},"properties":{"name":"Sherway Gardens Rd at Sherway Gate Mall)","band":1,"modes":"bus","arr":["15","80"],"off":[0,-0.8]}},{"type":"Feature","geometry":{"type":"Point","coordinates":[-79.558018,43.609988]},"properties":{"name":"Sherway Gardens Rd at Sherway Gate (Mall) West Side","band":1,"modes":"bus","arr":["15","80"],"off":[0,-4.1]}},{"type":"Feature","geometry":{"type":"Point","coordinates":[-79.558018,43.609988]},"properties":{"line":"15","mode":"bus","color":"#0059a9","colorDark":"#00294f","band":1,"off":[-1.7,1.1]}},{"type":"Feature","geometry":{"type":"Point","coordinates":[-79.558018,43.609988]},"properties":{"line":"80","mode":"bus","color":"#0059a9","colorDark":"#00294f","band":1,"off":[1.7,1.1]}},{"type":"Feature","geometry":{"type":"Point","coordinates":[-79.511172,43.649191]},"properties":{"name":"Royal York Station at Bus Bay 3","band":1,"modes":"bus","arr":["15","48","76","315"],"off":[0,-0.8]}},{"type":"Feature","geometry":{"type":"Point","coordinates":[-79.511172,43.649191]},"properties":{"name":"Royal York Station at Bus Bay 2","band":1,"modes":"bus","arr":["15","48","76","315"],"off":[0,-3]}},{"type":"Feature","geometry":{"type":"Point","coordinates":[-79.511172,43.649191]},"properties":{"name":"Royal York Rd at Bloor St West","band":1,"modes":"bus","arr":["15","48","76","315"],"off":[0,-5.2]}},{"type":"Feature","geometry":{"type":"Point","coordinates":[-79.511172,43.649191]},"properties":{"line":"15","mode":"bus","color":"#0059a9","colorDark":"#00294f","band":1,"off":[-5.1,1.1]}},{"type":"Feature","geometry":{"type":"Point","coordinates":[-79.511172,43.649191]},"properties":{"line":"48","mode":"bus","color":"#0059a9","colorDark":"#00294f","band":1,"off":[-1.7,1.1]}},{"type":"Feature","geometry":{"type":"Point","coordinates":[-79.511172,43.649191]},"properties":{"line":"76","mode":"bus","color":"#0059a9","colorDark":"#00294f","band":1,"off":[1.7,1.1]}},{"type":"Feature","geometry":{"type":"Point","coordinates":[-79.511172,43.649191]},"properties":{"line":"315","mode":"bus","color":"#0059a9","colorDark":"#00294f","band":1,"off":[5.1,1.1]}},{"type":"Feature","geometry":{"type":"Point","coordinates":[-79.325039,43.821002]},"properties":{"name":"Warden Loop at Steeles Ave East","band":1,"modes":"bus","arr":["17","324"],"off":[0,-0.8]}},{"type":"Feature","geometry":{"type":"Point","coordinates":[-79.325039,43.821002]},"properties":{"line":"17","mode":"bus","color":"#0059a9","colorDark":"#00294f","band":1,"off":[-1.7,1.1]}},{"type":"Feature","geometry":{"type":"Point","coordinates":[-79.325039,43.821002]},"properties":{"line":"324","mode":"bus","color":"#0059a9","colorDark":"#00294f","band":1,"off":[1.7,1.1]}},{"type":"Feature","geometry":{"type":"Point","coordinates":[-79.448692,43.725904]},"properties":{"name":"Yorkdale Rd at GO Terminal - Yorkdale Station","band":1,"modes":"bus","arr":["18"],"off":[0,-0.8]}},{"type":"Feature","geometry":{"type":"Point","coordinates":[-79.448692,43.725904]},"properties":{"line":"18","mode":"bus","color":"#0059a9","colorDark":"#00294f","band":1,"off":[0,1.1]}},{"type":"Feature","geometry":{"type":"Point","coordinates":[-79.46541,43.69212]},"properties":{"name":"Caledonia Station at Bus Bay 3","band":1,"modes":"bus","arr":["18","47"],"off":[0,-0.8]}},{"type":"Feature","geometry":{"type":"Point","coordinates":[-79.46541,43.69212]},"properties":{"name":"Caledonia Station at Bus Bay 1","band":1,"modes":"bus","arr":["18","47"],"off":[0,-3]}},{"type":"Feature","geometry":{"type":"Point","coordinates":[-79.46541,43.69212]},"properties":{"line":"18","mode":"bus","color":"#0059a9","colorDark":"#00294f","band":1,"off":[-1.7,1.1]}},{"type":"Feature","geometry":{"type":"Point","coordinates":[-79.46541,43.69212]},"properties":{"line":"47","mode":"bus","color":"#0059a9","colorDark":"#00294f","band":1,"off":[1.7,1.1]}},{"type":"Feature","geometry":{"type":"Point","coordinates":[-79.402017,43.675451]},"properties":{"name":"Davenport Rd at Dupont St","band":1,"modes":"bus","arr":["19"],"off":[0,-0.8]}},{"type":"Feature","geometry":{"type":"Point","coordinates":[-79.402017,43.675451]},"properties":{"line":"19","mode":"bus","color":"#0059a9","colorDark":"#00294f","band":1,"off":[0,1.1]}},{"type":"Feature","geometry":{"type":"Point","coordinates":[-79.378604,43.645512]},"properties":{"name":"Union Station Streetcar Platform","band":1,"modes":"bus,tram","arr":["19","114","121","202","310","509","510"],"off":[0,-0.8]}},{"type":"Feature","geometry":{"type":"Point","coordinates":[-79.378604,43.645512]},"properties":{"name":"Front St West at Bay St","band":1,"modes":"bus,tram","arr":["19","114","121","202","310","509","510"],"off":[0,-3]}},{"type":"Feature","geometry":{"type":"Point","coordinates":[-79.378604,43.645512]},"properties":{"name":"1 Front St West - Union Station","band":1,"modes":"bus,tram","arr":["19","114","121","202","310","509","510"],"off":[0,-5.2]}},{"type":"Feature","geometry":{"type":"Point","coordinates":[-79.378604,43.645512]},"properties":{"line":"19","mode":"bus","color":"#0059a9","colorDark":"#00294f","band":1,"off":[-6.8,1.1]}},{"type":"Feature","geometry":{"type":"Point","coordinates":[-79.378604,43.645512]},"properties":{"line":"114","mode":"bus","color":"#0059a9","colorDark":"#00294f","band":1,"off":[-3.4,1.1]}},{"type":"Feature","geometry":{"type":"Point","coordinates":[-79.378604,43.645512]},"properties":{"line":"121","mode":"bus","color":"#0059a9","colorDark":"#00294f","band":1,"off":[0,1.1]}},{"type":"Feature","geometry":{"type":"Point","coordinates":[-79.378604,43.645512]},"properties":{"line":"202","mode":"bus","color":"#0059a9","colorDark":"#00294f","band":1,"off":[3.4,1.1]}},{"type":"Feature","geometry":{"type":"Point","coordinates":[-79.378604,43.645512]},"properties":{"line":"310","mode":"tram","color":"#d6212b","colorDark":"#7c1116","band":1,"off":[6.8,1.1]}},{"type":"Feature","geometry":{"type":"Point","coordinates":[-79.378604,43.645512]},"properties":{"line":"509","mode":"tram","color":"#d6212b","colorDark":"#7c1116","band":1,"off":[-1.7,3.1]}},{"type":"Feature","geometry":{"type":"Point","coordinates":[-79.378604,43.645512]},"properties":{"line":"510","mode":"tram","color":"#d6212b","colorDark":"#7c1116","band":1,"off":[1.7,3.1]}},{"type":"Feature","geometry":{"type":"Point","coordinates":[-79.301669,43.691672]},"properties":{"name":"Main Street Station at Bus Bay 4","band":1,"modes":"bus","arr":["20","23","62","113","135"],"off":[0,-0.8]}},{"type":"Feature","geometry":{"type":"Point","coordinates":[-79.301669,43.691672]},"properties":{"name":"Main Street Station at Bus Bay 2","band":1,"modes":"bus","arr":["20","23","62","113","135"],"off":[0,-3]}},{"type":"Feature","geometry":{"type":"Point","coordinates":[-79.301669,43.691672]},"properties":{"name":"Main Street Station at Bus Bay 1","band":1,"modes":"bus","arr":["20","23","62","113","135"],"off":[0,-5.2]}},{"type":"Feature","geometry":{"type":"Point","coordinates":[-79.301669,43.691672]},"properties":{"line":"20","mode":"bus","color":"#0059a9","colorDark":"#00294f","band":1,"off":[-6.8,1.1]}},{"type":"Feature","geometry":{"type":"Point","coordinates":[-79.301669,43.691672]},"properties":{"line":"23","mode":"bus","color":"#0059a9","colorDark":"#00294f","band":1,"off":[-3.4,1.1]}},{"type":"Feature","geometry":{"type":"Point","coordinates":[-79.301669,43.691672]},"properties":{"line":"62","mode":"bus","color":"#0059a9","colorDark":"#00294f","band":1,"off":[0,1.1]}},{"type":"Feature","geometry":{"type":"Point","coordinates":[-79.301669,43.691672]},"properties":{"line":"113","mode":"bus","color":"#0059a9","colorDark":"#00294f","band":1,"off":[3.4,1.1]}},{"type":"Feature","geometry":{"type":"Point","coordinates":[-79.301669,43.691672]},"properties":{"line":"135","mode":"bus","color":"#0059a9","colorDark":"#00294f","band":1,"off":[6.8,1.1]}},{"type":"Feature","geometry":{"type":"Point","coordinates":[-79.263298,43.739301]},"properties":{"name":"Kennedy Station at Bus Bay 2","band":1,"modes":"bus","arr":["20","21","34","57","113","131"],"off":[0,-0.8]}},{"type":"Feature","geometry":{"type":"Point","coordinates":[-79.263298,43.739301]},"properties":{"name":"Kennedy Station at Bus Bay 14 (Platform B)","band":1,"modes":"bus","arr":["20","21","34","57","113","131"],"off":[0,-3]}},{"type":"Feature","geometry":{"type":"Point","coordinates":[-79.263298,43.739301]},"properties":{"name":"Kennedy Station at Bus Bay 13 (Platform B)","band":1,"modes":"bus","arr":["20","21","34","57","113","131"],"off":[0,-6.3]}},{"type":"Feature","geometry":{"type":"Point","coordinates":[-79.263298,43.739301]},"properties":{"line":"20","mode":"bus","color":"#0059a9","colorDark":"#00294f","band":1,"off":[-6.8,1.1]}},{"type":"Feature","geometry":{"type":"Point","coordinates":[-79.263298,43.739301]},"properties":{"line":"21","mode":"bus","color":"#0059a9","colorDark":"#00294f","band":1,"off":[-3.4,1.1]}},{"type":"Feature","geometry":{"type":"Point","coordinates":[-79.263298,43.739301]},"properties":{"line":"34","mode":"bus","color":"#0059a9","colorDark":"#00294f","band":1,"off":[0,1.1]}},{"type":"Feature","geometry":{"type":"Point","coordinates":[-79.263298,43.739301]},"properties":{"line":"57","mode":"bus","color":"#0059a9","colorDark":"#00294f","band":1,"off":[3.4,1.1]}},{"type":"Feature","geometry":{"type":"Point","coordinates":[-79.263298,43.739301]},"properties":{"line":"113","mode":"bus","color":"#0059a9","colorDark":"#00294f","band":1,"off":[6.8,1.1]}},{"type":"Feature","geometry":{"type":"Point","coordinates":[-79.263298,43.739301]},"properties":{"line":"131","mode":"bus","color":"#0059a9","colorDark":"#00294f","band":1,"off":[0,3.1]}},{"type":"Feature","geometry":{"type":"Point","coordinates":[-79.274999,43.694096]},"properties":{"name":"3450 Danforth Ave","band":1,"modes":"bus","arr":["300"],"off":[0,-0.8]}},{"type":"Feature","geometry":{"type":"Point","coordinates":[-79.274999,43.694096]},"properties":{"line":"300","mode":"bus","color":"#0059a9","colorDark":"#00294f","band":1,"off":[0,1.1]}},{"type":"Feature","geometry":{"type":"Point","coordinates":[-79.287196,43.828633]},"properties":{"name":"Brimley Rd at Steeles Ave East North Side","band":1,"modes":"bus","arr":["21"],"off":[0,-0.8]}},{"type":"Feature","geometry":{"type":"Point","coordinates":[-79.287196,43.828633]},"properties":{"name":"Brimley Rd at Steeles Ave East","band":1,"modes":"bus","arr":["21"],"off":[0,-4.1]}},{"type":"Feature","geometry":{"type":"Point","coordinates":[-79.287196,43.828633]},"properties":{"line":"21","mode":"bus","color":"#0059a9","colorDark":"#00294f","band":1,"off":[0,1.1]}},{"type":"Feature","geometry":{"type":"Point","coordinates":[-79.323042,43.684188]},"properties":{"name":"Coxwell Station at Bus Bay 4","band":1,"modes":"bus","arr":["22","70","404"],"off":[0,-0.8]}},{"type":"Feature","geometry":{"type":"Point","coordinates":[-79.323042,43.684188]},"properties":{"name":"Coxwell Station at Bus Bay 1","band":1,"modes":"bus","arr":["22","70","404"],"off":[0,-3]}},{"type":"Feature","geometry":{"type":"Point","coordinates":[-79.323042,43.684188]},"properties":{"name":"Coxwell Station","band":1,"modes":"bus","arr":["22","70","404"],"off":[0,-5.2]}},{"type":"Feature","geometry":{"type":"Point","coordinates":[-79.323042,43.684188]},"properties":{"line":"22","mode":"bus","color":"#0059a9","colorDark":"#00294f","band":1,"off":[-3.4,1.1]}},{"type":"Feature","geometry":{"type":"Point","coordinates":[-79.323042,43.684188]},"properties":{"line":"70","mode":"bus","color":"#0059a9","colorDark":"#00294f","band":1,"off":[0,1.1]}},{"type":"Feature","geometry":{"type":"Point","coordinates":[-79.323042,43.684188]},"properties":{"line":"404","mode":"bus","color":"#0059a9","colorDark":"#00294f","band":1,"off":[3.4,1.1]}},{"type":"Feature","geometry":{"type":"Point","coordinates":[-79.312629,43.666895]},"properties":{"name":"Eastern Ave at Queen St East South Side","band":1,"modes":"bus","arr":["22","31"],"off":[0,-0.8]}},{"type":"Feature","geometry":{"type":"Point","coordinates":[-79.312629,43.666895]},"properties":{"name":"Eastern Ave at Queen St East","band":1,"modes":"bus","arr":["22","31"],"off":[0,-4.1]}},{"type":"Feature","geometry":{"type":"Point","coordinates":[-79.312629,43.666895]},"properties":{"line":"22","mode":"bus","color":"#0059a9","colorDark":"#00294f","band":1,"off":[-1.7,1.1]}},{"type":"Feature","geometry":{"type":"Point","coordinates":[-79.312629,43.666895]},"properties":{"line":"31","mode":"bus","color":"#0059a9","colorDark":"#00294f","band":1,"off":[1.7,1.1]}},{"type":"Feature","geometry":{"type":"Point","coordinates":[-79.305585,43.704588]},"properties":{"name":"195 Rexleigh Dr","band":1,"modes":"bus","arr":["23"],"off":[0,-0.8]}},{"type":"Feature","geometry":{"type":"Point","coordinates":[-79.305585,43.704588]},"properties":{"line":"23","mode":"bus","color":"#0059a9","colorDark":"#00294f","band":1,"off":[0,1.1]}},{"type":"Feature","geometry":{"type":"Point","coordinates":[-79.339202,43.817416]},"properties":{"name":"Victoria Park Ave Loop at Steeles Ave East","band":1,"modes":"bus","arr":["24","167","924"],"off":[0,-0.8]}},{"type":"Feature","geometry":{"type":"Point","coordinates":[-79.339202,43.817416]},"properties":{"name":"Esna Park Dr Loop at Steeles Ave East","band":1,"modes":"bus","arr":["24","167","924"],"off":[0,-4.1]}},{"type":"Feature","geometry":{"type":"Point","coordinates":[-79.339202,43.817416]},"properties":{"line":"24","mode":"bus","color":"#0059a9","colorDark":"#00294f","band":1,"off":[-3.4,1.1]}},{"type":"Feature","geometry":{"type":"Point","coordinates":[-79.339202,43.817416]},"properties":{"line":"167","mode":"bus","color":"#0059a9","colorDark":"#00294f","band":1,"off":[0,1.1]}},{"type":"Feature","geometry":{"type":"Point","coordinates":[-79.339202,43.817416]},"properties":{"line":"924","mode":"bus","color":"#0059a9","colorDark":"#00294f","band":1,"off":[3.4,1.1]}},{"type":"Feature","geometry":{"type":"Point","coordinates":[-79.358612,43.809172]},"properties":{"name":"Freshmeadow Dr at Don Mills Rd","band":1,"modes":"bus","arr":["25","151","325","925"],"off":[0,-0.8]}},{"type":"Feature","geometry":{"type":"Point","coordinates":[-79.358612,43.809172]},"properties":{"line":"25","mode":"bus","color":"#0059a9","colorDark":"#00294f","band":1,"off":[-5.1,1.1]}},{"type":"Feature","geometry":{"type":"Point","coordinates":[-79.358612,43.809172]},"properties":{"line":"151","mode":"bus","color":"#0059a9","colorDark":"#00294f","band":1,"off":[-1.7,1.1]}},{"type":"Feature","geometry":{"type":"Point","coordinates":[-79.358612,43.809172]},"properties":{"line":"325","mode":"bus","color":"#0059a9","colorDark":"#00294f","band":1,"off":[1.7,1.1]}},{"type":"Feature","geometry":{"type":"Point","coordinates":[-79.358612,43.809172]},"properties":{"line":"925","mode":"bus","color":"#0059a9","colorDark":"#00294f","band":1,"off":[5.1,1.1]}},{"type":"Feature","geometry":{"type":"Point","coordinates":[-79.483771,43.651149]},"properties":{"name":"Jane Station at Bus Bay 5","band":1,"modes":"bus","arr":["26","27","55","149","335"],"off":[0,-0.8]}},{"type":"Feature","geometry":{"type":"Point","coordinates":[-79.483771,43.651149]},"properties":{"name":"Jane Station at Bus Bay 3","band":1,"modes":"bus","arr":["26","27","55","149","335"],"off":[0,-3]}},{"type":"Feature","geometry":{"type":"Point","coordinates":[-79.483771,43.651149]},"properties":{"name":"Jane Station at Bus Bay 2","band":1,"modes":"bus","arr":["26","27","55","149","335"],"off":[0,-5.2]}},{"type":"Feature","geometry":{"type":"Point","coordinates":[-79.483771,43.651149]},"properties":{"line":"26","mode":"bus","color":"#0059a9","colorDark":"#00294f","band":1,"off":[-6.8,1.1]}},{"type":"Feature","geometry":{"type":"Point","coordinates":[-79.483771,43.651149]},"properties":{"line":"27","mode":"bus","color":"#0059a9","colorDark":"#00294f","band":1,"off":[-3.4,1.1]}},{"type":"Feature","geometry":{"type":"Point","coordinates":[-79.483771,43.651149]},"properties":{"line":"55","mode":"bus","color":"#0059a9","colorDark":"#00294f","band":1,"off":[0,1.1]}},{"type":"Feature","geometry":{"type":"Point","coordinates":[-79.483771,43.651149]},"properties":{"line":"149","mode":"bus","color":"#0059a9","colorDark":"#00294f","band":1,"off":[3.4,1.1]}},{"type":"Feature","geometry":{"type":"Point","coordinates":[-79.483771,43.651149]},"properties":{"line":"335","mode":"bus","color":"#0059a9","colorDark":"#00294f","band":1,"off":[6.8,1.1]}},{"type":"Feature","geometry":{"type":"Point","coordinates":[-79.401841,43.667724]},"properties":{"name":"St George Station at Bus Bay 2","band":1,"modes":"bus,tram","arr":["26","127","310","510"],"off":[0,-0.8]}},{"type":"Feature","geometry":{"type":"Point","coordinates":[-79.401841,43.667724]},"properties":{"name":"Spadina Station Streetcar Platform","band":1,"modes":"bus,tram","arr":["26","127","310","510"],"off":[0,-3]}},{"type":"Feature","geometry":{"type":"Point","coordinates":[-79.401841,43.667724]},"properties":{"name":"Spadina Station at Bus Bay 4","band":1,"modes":"bus,tram","arr":["26","127","310","510"],"off":[0,-5.2]}},{"type":"Feature","geometry":{"type":"Point","coordinates":[-79.401841,43.667724]},"properties":{"line":"26","mode":"bus","color":"#0059a9","colorDark":"#00294f","band":1,"off":[-5.1,1.1]}},{"type":"Feature","geometry":{"type":"Point","coordinates":[-79.401841,43.667724]},"properties":{"line":"127","mode":"bus","color":"#0059a9","colorDark":"#00294f","band":1,"off":[-1.7,1.1]}},{"type":"Feature","geometry":{"type":"Point","coordinates":[-79.401841,43.667724]},"properties":{"line":"310","mode":"tram","color":"#d6212b","colorDark":"#7c1116","band":1,"off":[1.7,1.1]}},{"type":"Feature","geometry":{"type":"Point","coordinates":[-79.401841,43.667724]},"properties":{"line":"510","mode":"tram","color":"#d6212b","colorDark":"#7c1116","band":1,"off":[5.1,1.1]}},{"type":"Feature","geometry":{"type":"Point","coordinates":[-79.487969,43.685071]},"properties":{"name":"Mount Dennis Station at Bus Bay 8","band":1,"modes":"bus","arr":["27","32","34","164","334"],"off":[0,-0.8]}},{"type":"Feature","geometry":{"type":"Point","coordinates":[-79.487969,43.685071]},"properties":{"name":"Mount Dennis Station at Bus Bay 2","band":1,"modes":"bus","arr":["27","32","34","164","334"],"off":[0,-3]}},{"type":"Feature","geometry":{"type":"Point","coordinates":[-79.487969,43.685071]},"properties":{"name":"Mount Dennis Station at Bus Bay 13","band":1,"modes":"bus","arr":["27","32","34","164","334"],"off":[0,-5.2]}},{"type":"Feature","geometry":{"type":"Point","coordinates":[-79.487969,43.685071]},"properties":{"line":"27","mode":"bus","color":"#0059a9","colorDark":"#00294f","band":1,"off":[-6.8,1.1]}},{"type":"Feature","geometry":{"type":"Point","coordinates":[-79.487969,43.685071]},"properties":{"line":"32","mode":"bus","color":"#0059a9","colorDark":"#00294f","band":1,"off":[-3.4,1.1]}},{"type":"Feature","geometry":{"type":"Point","coordinates":[-79.487969,43.685071]},"properties":{"line":"34","mode":"bus","color":"#0059a9","colorDark":"#00294f","band":1,"off":[0,1.1]}},{"type":"Feature","geometry":{"type":"Point","coordinates":[-79.487969,43.685071]},"properties":{"line":"164","mode":"bus","color":"#0059a9","colorDark":"#00294f","band":1,"off":[3.4,1.1]}},{"type":"Feature","geometry":{"type":"Point","coordinates":[-79.487969,43.685071]},"properties":{"line":"334","mode":"bus","color":"#0059a9","colorDark":"#00294f","band":1,"off":[6.8,1.1]}},{"type":"Feature","geometry":{"type":"Point","coordinates":[-79.364811,43.683799]},"properties":{"name":"550 Bayview Ave - Evergreen Brick Works","band":1,"modes":"bus","arr":["28"],"off":[0,-0.8]}},{"type":"Feature","geometry":{"type":"Point","coordinates":[-79.364811,43.683799]},"properties":{"line":"28","mode":"bus","color":"#0059a9","colorDark":"#00294f","band":1,"off":[0,1.1]}},{"type":"Feature","geometry":{"type":"Point","coordinates":[-79.45082,43.730936]},"properties":{"name":"Wilson Station at Lower Bus Bay 2","band":1,"modes":"bus","arr":["29","101","104","929"],"off":[0,-0.8]}},{"type":"Feature","geometry":{"type":"Point","coordinates":[-79.45082,43.730936]},"properties":{"name":"Wilson Station at Bus Bay 7","band":1,"modes":"bus","arr":["29","101","104","929"],"off":[0,-3]}},{"type":"Feature","geometry":{"type":"Point","coordinates":[-79.45082,43.730936]},"properties":{"name":"Wilson Station at Bus Bay 1A","band":1,"modes":"bus","arr":["29","101","104","929"],"off":[0,-5.2]}},{"type":"Feature","geometry":{"type":"Point","coordinates":[-79.45082,43.730936]},"properties":{"line":"29","mode":"bus","color":"#0059a9","colorDark":"#00294f","band":1,"off":[-5.1,1.1]}},{"type":"Feature","geometry":{"type":"Point","coordinates":[-79.45082,43.730936]},"properties":{"line":"101","mode":"bus","color":"#0059a9","colorDark":"#00294f","band":1,"off":[-1.7,1.1]}},{"type":"Feature","geometry":{"type":"Point","coordinates":[-79.45082,43.730936]},"properties":{"line":"104","mode":"bus","color":"#0059a9","colorDark":"#00294f","band":1,"off":[1.7,1.1]}},{"type":"Feature","geometry":{"type":"Point","coordinates":[-79.45082,43.730936]},"properties":{"line":"929","mode":"bus","color":"#0059a9","colorDark":"#00294f","band":1,"off":[5.1,1.1]}},{"type":"Feature","geometry":{"type":"Point","coordinates":[-79.425888,43.63444]},"properties":{"name":"Dufferin Gate Loop","band":1,"modes":"bus","arr":["29","929"],"off":[0,-0.8]}},{"type":"Feature","geometry":{"type":"Point","coordinates":[-79.425888,43.63444]},"properties":{"line":"29","mode":"bus","color":"#0059a9","colorDark":"#00294f","band":1,"off":[-1.7,1.1]}},{"type":"Feature","geometry":{"type":"Point","coordinates":[-79.425888,43.63444]},"properties":{"line":"929","mode":"bus","color":"#0059a9","colorDark":"#00294f","band":1,"off":[1.7,1.1]}},{"type":"Feature","geometry":{"type":"Point","coordinates":[-79.482397,43.665817]},"properties":{"name":"Runnymede Loop at Dundas St West","band":1,"modes":"bus","arr":["30"],"off":[0,-0.8]}},{"type":"Feature","geometry":{"type":"Point","coordinates":[-79.482397,43.665817]},"properties":{"line":"30","mode":"bus","color":"#0059a9","colorDark":"#00294f","band":1,"off":[0,1.1]}},{"type":"Feature","geometry":{"type":"Point","coordinates":[-79.46715,43.654136]},"properties":{"name":"High Park Station at High Park Ave","band":1,"modes":"bus","arr":["30","189","203"],"off":[0,-0.8]}},{"type":"Feature","geometry":{"type":"Point","coordinates":[-79.46715,43.654136]},"properties":{"name":"High Park Station at Bus Bay 2","band":1,"modes":"bus","arr":["30","189","203"],"off":[0,-3]}},{"type":"Feature","geometry":{"type":"Point","coordinates":[-79.46715,43.654136]},"properties":{"name":"High Park Station at Bus Bay 1","band":1,"modes":"bus","arr":["30","189","203"],"off":[0,-5.2]}},{"type":"Feature","geometry":{"type":"Point","coordinates":[-79.46715,43.654136]},"properties":{"line":"30","mode":"bus","color":"#0059a9","colorDark":"#00294f","band":1,"off":[-3.4,1.1]}},{"type":"Feature","geometry":{"type":"Point","coordinates":[-79.46715,43.654136]},"properties":{"line":"189","mode":"bus","color":"#0059a9","colorDark":"#00294f","band":1,"off":[0,1.1]}},{"type":"Feature","geometry":{"type":"Point","coordinates":[-79.46715,43.654136]},"properties":{"line":"203","mode":"bus","color":"#0059a9","colorDark":"#00294f","band":1,"off":[3.4,1.1]}},{"type":"Feature","geometry":{"type":"Point","coordinates":[-79.330413,43.68254]},"properties":{"name":"Greenwood Station at Bus Bay 2","band":1,"modes":"bus","arr":["31"],"off":[0,-0.8]}},{"type":"Feature","geometry":{"type":"Point","coordinates":[-79.330413,43.68254]},"properties":{"line":"31","mode":"bus","color":"#0059a9","colorDark":"#00294f","band":1,"off":[0,1.1]}},{"type":"Feature","geometry":{"type":"Point","coordinates":[-79.590582,43.663596]},"properties":{"name":"Renforth Station","band":1,"modes":"bus","arr":["32"],"off":[0,-0.8]}},{"type":"Feature","geometry":{"type":"Point","coordinates":[-79.590582,43.663596]},"properties":{"line":"32","mode":"bus","color":"#0059a9","colorDark":"#00294f","band":1,"off":[0,1.1]}},{"type":"Feature","geometry":{"type":"Point","coordinates":[-79.424575,43.701197]},"properties":{"name":"Eglinton Ave West at Bathurst St","band":1,"modes":"bus","arr":["33"],"off":[0,-0.8]}},{"type":"Feature","geometry":{"type":"Point","coordinates":[-79.424575,43.701197]},"properties":{"line":"33","mode":"bus","color":"#0059a9","colorDark":"#00294f","band":1,"off":[0,1.1]}},{"type":"Feature","geometry":{"type":"Point","coordinates":[-79.415122,43.684277]},"properties":{"name":"St Clair West Station at Bus Bay 7","band":1,"modes":"bus","arr":["33","90","126"],"off":[0,-0.8]}},{"type":"Feature","geometry":{"type":"Point","coordinates":[-79.415122,43.684277]},"properties":{"name":"St Clair West Station at Bay 6","band":1,"modes":"bus","arr":["33","90","126"],"off":[0,-3]}},{"type":"Feature","geometry":{"type":"Point","coordinates":[-79.415122,43.684277]},"properties":{"line":"33","mode":"bus","color":"#0059a9","colorDark":"#00294f","band":1,"off":[-3.4,1.1]}},{"type":"Feature","geometry":{"type":"Point","coordinates":[-79.415122,43.684277]},"properties":{"line":"90","mode":"bus","color":"#0059a9","colorDark":"#00294f","band":1,"off":[0,1.1]}},{"type":"Feature","geometry":{"type":"Point","coordinates":[-79.415122,43.684277]},"properties":{"line":"126","mode":"bus","color":"#0059a9","colorDark":"#00294f","band":1,"off":[3.4,1.1]}},{"type":"Feature","geometry":{"type":"Point","coordinates":[-79.509126,43.774909]},"properties":{"name":"Pioneer Village Station Bus Bay 8","band":1,"modes":"bus","arr":["35","41","106"],"off":[0,-0.8]}},{"type":"Feature","geometry":{"type":"Point","coordinates":[-79.509126,43.774909]},"properties":{"name":"Pioneer Village Station Bus Bay 2","band":1,"modes":"bus","arr":["35","41","106"],"off":[0,-3]}},{"type":"Feature","geometry":{"type":"Point","coordinates":[-79.509126,43.774909]},"properties":{"name":"Pioneer Village Station Bus Bay 11","band":1,"modes":"bus","arr":["35","41","106"],"off":[0,-5.2]}},{"type":"Feature","geometry":{"type":"Point","coordinates":[-79.509126,43.774909]},"properties":{"line":"35","mode":"bus","color":"#0059a9","colorDark":"#00294f","band":1,"off":[-3.4,1.1]}},{"type":"Feature","geometry":{"type":"Point","coordinates":[-79.509126,43.774909]},"properties":{"line":"41","mode":"bus","color":"#0059a9","colorDark":"#00294f","band":1,"off":[0,1.1]}},{"type":"Feature","geometry":{"type":"Point","coordinates":[-79.509126,43.774909]},"properties":{"line":"106","mode":"bus","color":"#0059a9","colorDark":"#00294f","band":1,"off":[3.4,1.1]}},{"type":"Feature","geometry":{"type":"Point","coordinates":[-79.513336,43.739522]},"properties":{"name":"Jane St at Sheppard Ave West","band":1,"modes":"bus","arr":["99"],"off":[0,-0.8]}},{"type":"Feature","geometry":{"type":"Point","coordinates":[-79.513336,43.739522]},"properties":{"line":"99","mode":"bus","color":"#0059a9","colorDark":"#00294f","band":1,"off":[0,1.1]}},{"type":"Feature","geometry":{"type":"Point","coordinates":[-79.487773,43.691153]},"properties":{"name":"Mount Dennis Station at Bus Bay 5","band":1,"modes":"bus","arr":["35","161","168"],"off":[0,-0.8]}},{"type":"Feature","geometry":{"type":"Point","coordinates":[-79.487773,43.691153]},"properties":{"name":"Mount Dennis Station at Bus Bay 15","band":1,"modes":"bus","arr":["35","161","168"],"off":[0,-3]}},{"type":"Feature","geometry":{"type":"Point","coordinates":[-79.487773,43.691153]},"properties":{"name":"Mount Dennis Station at Bus Bay 10","band":1,"modes":"bus","arr":["35","161","168"],"off":[0,-5.2]}},{"type":"Feature","geometry":{"type":"Point","coordinates":[-79.487773,43.691153]},"properties":{"line":"35","mode":"bus","color":"#0059a9","colorDark":"#00294f","band":1,"off":[-3.4,1.1]}},{"type":"Feature","geometry":{"type":"Point","coordinates":[-79.487773,43.691153]},"properties":{"line":"161","mode":"bus","color":"#0059a9","colorDark":"#00294f","band":1,"off":[0,1.1]}},{"type":"Feature","geometry":{"type":"Point","coordinates":[-79.487773,43.691153]},"properties":{"line":"168","mode":"bus","color":"#0059a9","colorDark":"#00294f","band":1,"off":[3.4,1.1]}},{"type":"Feature","geometry":{"type":"Point","coordinates":[-79.490827,43.766418]},"properties":{"name":"Finch West Station Bus Bay 5","band":1,"modes":"bus","arr":["36","101","107"],"off":[0,-0.8]}},{"type":"Feature","geometry":{"type":"Point","coordinates":[-79.490827,43.766418]},"properties":{"name":"Finch West Station Bus Bay 3","band":1,"modes":"bus","arr":["36","101","107"],"off":[0,-3]}},{"type":"Feature","geometry":{"type":"Point","coordinates":[-79.490827,43.766418]},"properties":{"name":"Finch West Station Bus Bay 2","band":1,"modes":"bus","arr":["36","101","107"],"off":[0,-5.2]}},{"type":"Feature","geometry":{"type":"Point","coordinates":[-79.490827,43.766418]},"properties":{"line":"36","mode":"bus","color":"#0059a9","colorDark":"#00294f","band":1,"off":[-3.4,1.1]}},{"type":"Feature","geometry":{"type":"Point","coordinates":[-79.490827,43.766418]},"properties":{"line":"101","mode":"bus","color":"#0059a9","colorDark":"#00294f","band":1,"off":[0,1.1]}},{"type":"Feature","geometry":{"type":"Point","coordinates":[-79.490827,43.766418]},"properties":{"line":"107","mode":"bus","color":"#0059a9","colorDark":"#00294f","band":1,"off":[3.4,1.1]}},{"type":"Feature","geometry":{"type":"Point","coordinates":[-79.415246,43.774915]},"properties":{"name":"Finch Station at Bus Bay 5","band":1,"modes":"bus","arr":["36","39","336","339"],"off":[0,-0.8]}},{"type":"Feature","geometry":{"type":"Point","coordinates":[-79.415246,43.774915]},"properties":{"name":"Finch Station at Bus Bay 13","band":1,"modes":"bus","arr":["36","39","336","339"],"off":[0,-3]}},{"type":"Feature","geometry":{"type":"Point","coordinates":[-79.415246,43.774915]},"properties":{"name":"Finch Ave West at Yonge St West Side","band":1,"modes":"bus","arr":["36","39","336","339"],"off":[0,-5.2]}},{"type":"Feature","geometry":{"type":"Point","coordinates":[-79.415246,43.774915]},"properties":{"line":"36","mode":"bus","color":"#0059a9","colorDark":"#00294f","band":1,"off":[-5.1,1.1]}},{"type":"Feature","geometry":{"type":"Point","coordinates":[-79.415246,43.774915]},"properties":{"line":"39","mode":"bus","color":"#0059a9","colorDark":"#00294f","band":1,"off":[-1.7,1.1]}},{"type":"Feature","geometry":{"type":"Point","coordinates":[-79.415246,43.774915]},"properties":{"line":"336","mode":"bus","color":"#0059a9","colorDark":"#00294f","band":1,"off":[1.7,1.1]}},{"type":"Feature","geometry":{"type":"Point","coordinates":[-79.415246,43.774915]},"properties":{"line":"339","mode":"bus","color":"#0059a9","colorDark":"#00294f","band":1,"off":[5.1,1.1]}},{"type":"Feature","geometry":{"type":"Point","coordinates":[-79.602639,43.729542]},"properties":{"name":"Humber College Station - Subway Platform","band":1,"modes":"metro,bus","arr":["6","37"],"off":[0,-0.8]}},{"type":"Feature","geometry":{"type":"Point","coordinates":[-79.602639,43.729542]},"properties":{"name":"Humber College Station","band":1,"modes":"metro,bus","arr":["6","37"],"off":[0,-4.1]}},{"type":"Feature","geometry":{"type":"Point","coordinates":[-79.602639,43.729542]},"properties":{"name":"Humber College Bus Terminal","band":1,"modes":"metro,bus","arr":["6","37"],"off":[0,-6.3]}},{"type":"Feature","geometry":{"type":"Point","coordinates":[-79.602639,43.729542]},"properties":{"line":"6","mode":"tram","color":"#808080","colorDark":"#464646","band":1,"metro":1,"off":[-1.7,1.1]}},{"type":"Feature","geometry":{"type":"Point","coordinates":[-79.602639,43.729542]},"properties":{"line":"37","mode":"bus","color":"#0059a9","colorDark":"#00294f","band":1,"off":[1.7,1.1]}},{"type":"Feature","geometry":{"type":"Point","coordinates":[-79.621264,43.724583]},"properties":{"name":"Humberwood Blvd Loop at View Green Cres","band":1,"modes":"bus","arr":["906","996"],"off":[0,-0.8]}},{"type":"Feature","geometry":{"type":"Point","coordinates":[-79.621264,43.724583]},"properties":{"line":"906","mode":"bus","color":"#0059a9","colorDark":"#00294f","band":1,"off":[-1.7,1.1]}},{"type":"Feature","geometry":{"type":"Point","coordinates":[-79.621264,43.724583]},"properties":{"line":"996","mode":"bus","color":"#0059a9","colorDark":"#00294f","band":1,"off":[1.7,1.1]}},{"type":"Feature","geometry":{"type":"Point","coordinates":[-79.603508,43.716055]},"properties":{"name":"Woodbine Race Track Loop (Main Entrance)","band":1,"modes":"bus","arr":["336"],"off":[0,-0.8]}},{"type":"Feature","geometry":{"type":"Point","coordinates":[-79.603508,43.716055]},"properties":{"line":"336","mode":"bus","color":"#0059a9","colorDark":"#00294f","band":1,"off":[0,1.1]}},{"type":"Feature","geometry":{"type":"Point","coordinates":[-79.52455,43.644868]},"properties":{"name":"Islington Station at Bus Bay 13","band":1,"modes":"bus","arr":["37","50","110","937"],"off":[0,-0.8]}},{"type":"Feature","geometry":{"type":"Point","coordinates":[-79.52455,43.644868]},"properties":{"name":"Islington Station at Bus Bay 12","band":1,"modes":"bus","arr":["37","50","110","937"],"off":[0,-3]}},{"type":"Feature","geometry":{"type":"Point","coordinates":[-79.52455,43.644868]},"properties":{"name":"Islington Station at Bus Bay 11","band":1,"modes":"bus","arr":["37","50","110","937"],"off":[0,-5.2]}},{"type":"Feature","geometry":{"type":"Point","coordinates":[-79.52455,43.644868]},"properties":{"line":"37","mode":"bus","color":"#0059a9","colorDark":"#00294f","band":1,"off":[-5.1,1.1]}},{"type":"Feature","geometry":{"type":"Point","coordinates":[-79.52455,43.644868]},"properties":{"line":"50","mode":"bus","color":"#0059a9","colorDark":"#00294f","band":1,"off":[-1.7,1.1]}},{"type":"Feature","geometry":{"type":"Point","coordinates":[-79.52455,43.644868]},"properties":{"line":"110","mode":"bus","color":"#0059a9","colorDark":"#00294f","band":1,"off":[1.7,1.1]}},{"type":"Feature","geometry":{"type":"Point","coordinates":[-79.52455,43.644868]},"properties":{"line":"937","mode":"bus","color":"#0059a9","colorDark":"#00294f","band":1,"off":[5.1,1.1]}},{"type":"Feature","geometry":{"type":"Point","coordinates":[-79.263348,43.725118]},"properties":{"name":"Kennedy Station at Bus Bay 4","band":1,"modes":"bus","arr":["38","43","86","133","154","343","386"],"off":[0,-0.8]}},{"type":"Feature","geometry":{"type":"Point","coordinates":[-79.263348,43.725118]},"properties":{"name":"Kennedy Station at Bus Bay 16 (Platform B)","band":1,"modes":"bus","arr":["38","43","86","133","154","343","386"],"off":[0,-3]}},{"type":"Feature","geometry":{"type":"Point","coordinates":[-79.263348,43.725118]},"properties":{"name":"Kennedy Station at Bus Bay 12 (Platform B)","band":1,"modes":"bus","arr":["38","43","86","133","154","343","386"],"off":[0,-6.3]}},{"type":"Feature","geometry":{"type":"Point","coordinates":[-79.263348,43.725118]},"properties":{"line":"38","mode":"bus","color":"#0059a9","colorDark":"#00294f","band":1,"off":[-6.8,1.1]}},{"type":"Feature","geometry":{"type":"Point","coordinates":[-79.263348,43.725118]},"properties":{"line":"43","mode":"bus","color":"#0059a9","colorDark":"#00294f","band":1,"off":[-3.4,1.1]}},{"type":"Feature","geometry":{"type":"Point","coordinates":[-79.263348,43.725118]},"properties":{"line":"86","mode":"bus","color":"#0059a9","colorDark":"#00294f","band":1,"off":[0,1.1]}},{"type":"Feature","geometry":{"type":"Point","coordinates":[-79.263348,43.725118]},"properties":{"line":"133","mode":"bus","color":"#0059a9","colorDark":"#00294f","band":1,"off":[3.4,1.1]}},{"type":"Feature","geometry":{"type":"Point","coordinates":[-79.263348,43.725118]},"properties":{"line":"154","mode":"bus","color":"#0059a9","colorDark":"#00294f","band":1,"off":[6.8,1.1]}},{"type":"Feature","geometry":{"type":"Point","coordinates":[-79.263348,43.725118]},"properties":{"line":"343","mode":"bus","color":"#0059a9","colorDark":"#00294f","band":1,"off":[-1.7,3.1]}},{"type":"Feature","geometry":{"type":"Point","coordinates":[-79.263348,43.725118]},"properties":{"line":"386","mode":"bus","color":"#0059a9","colorDark":"#00294f","band":1,"off":[1.7,3.1]}},{"type":"Feature","geometry":{"type":"Point","coordinates":[-79.130346,43.780784]},"properties":{"name":"Rouge Hill Go Station Loop at Lawrence Ave East","band":1,"modes":"bus","arr":["38","85","200","385","395"],"off":[0,-0.8]}},{"type":"Feature","geometry":{"type":"Point","coordinates":[-79.130346,43.780784]},"properties":{"name":"Rouge Hill GO Station Loop","band":1,"modes":"bus","arr":["38","85","200","385","395"],"off":[0,-4.1]}},{"type":"Feature","geometry":{"type":"Point","coordinates":[-79.130346,43.780784]},"properties":{"line":"38","mode":"bus","color":"#0059a9","colorDark":"#00294f","band":1,"off":[-6.8,1.1]}},{"type":"Feature","geometry":{"type":"Point","coordinates":[-79.130346,43.780784]},"properties":{"line":"85","mode":"bus","color":"#0059a9","colorDark":"#00294f","band":1,"off":[-3.4,1.1]}},{"type":"Feature","geometry":{"type":"Point","coordinates":[-79.130346,43.780784]},"properties":{"line":"200","mode":"bus","color":"#0059a9","colorDark":"#00294f","band":1,"off":[0,1.1]}},{"type":"Feature","geometry":{"type":"Point","coordinates":[-79.130346,43.780784]},"properties":{"line":"385","mode":"bus","color":"#0059a9","colorDark":"#00294f","band":1,"off":[3.4,1.1]}},{"type":"Feature","geometry":{"type":"Point","coordinates":[-79.130346,43.780784]},"properties":{"line":"395","mode":"bus","color":"#0059a9","colorDark":"#00294f","band":1,"off":[6.8,1.1]}},{"type":"Feature","geometry":{"type":"Point","coordinates":[-79.202685,43.820323]},"properties":{"name":"Morningview Trail at Sewells Rd","band":1,"modes":"bus","arr":["39","131"],"off":[0,-0.8]}},{"type":"Feature","geometry":{"type":"Point","coordinates":[-79.202685,43.820323]},"properties":{"name":"Morningview Trail at Old Finch Ave","band":1,"modes":"bus","arr":["39","131"],"off":[0,-3]}},{"type":"Feature","geometry":{"type":"Point","coordinates":[-79.202685,43.820323]},"properties":{"name":"Littles Rd at Sewells Rd North Side","band":1,"modes":"bus","arr":["39","131"],"off":[0,-5.2]}},{"type":"Feature","geometry":{"type":"Point","coordinates":[-79.202685,43.820323]},"properties":{"line":"39","mode":"bus","color":"#0059a9","colorDark":"#00294f","band":1,"off":[-1.7,1.1]}},{"type":"Feature","geometry":{"type":"Point","coordinates":[-79.202685,43.820323]},"properties":{"line":"131","mode":"bus","color":"#0059a9","colorDark":"#00294f","band":1,"off":[1.7,1.1]}},{"type":"Feature","geometry":{"type":"Point","coordinates":[-79.221446,43.81949]},"properties":{"name":"Morningside Ave at Staines Rd North Side","band":1,"modes":"bus","arr":["53","116","133","953"],"off":[0,-0.8]}},{"type":"Feature","geometry":{"type":"Point","coordinates":[-79.221446,43.81949]},"properties":{"name":"Morningside Ave at Finch Ave East","band":1,"modes":"bus","arr":["53","116","133","953"],"off":[0,-4.1]}},{"type":"Feature","geometry":{"type":"Point","coordinates":[-79.221446,43.81949]},"properties":{"name":"Finch Ave East at Morningside Ave West Side","band":1,"modes":"bus","arr":["53","116","133","953"],"off":[0,-6.3]}},{"type":"Feature","geometry":{"type":"Point","coordinates":[-79.221446,43.81949]},"properties":{"line":"53","mode":"bus","color":"#0059a9","colorDark":"#00294f","band":1,"off":[-5.1,1.1]}},{"type":"Feature","geometry":{"type":"Point","coordinates":[-79.221446,43.81949]},"properties":{"line":"116","mode":"bus","color":"#0059a9","colorDark":"#00294f","band":1,"off":[-1.7,1.1]}},{"type":"Feature","geometry":{"type":"Point","coordinates":[-79.221446,43.81949]},"properties":{"line":"133","mode":"bus","color":"#0059a9","colorDark":"#00294f","band":1,"off":[1.7,1.1]}},{"type":"Feature","geometry":{"type":"Point","coordinates":[-79.221446,43.81949]},"properties":{"line":"953","mode":"bus","color":"#0059a9","colorDark":"#00294f","band":1,"off":[5.1,1.1]}},{"type":"Feature","geometry":{"type":"Point","coordinates":[-79.535358,43.642955]},"properties":{"name":"Kipling Station at Bus Bay 9","band":1,"modes":"bus","arr":["40","44","45","49"],"off":[0,-0.8]}},{"type":"Feature","geometry":{"type":"Point","coordinates":[-79.535358,43.642955]},"properties":{"name":"Kipling Station at Bus Bay 6","band":1,"modes":"bus","arr":["40","44","45","49"],"off":[0,-3]}},{"type":"Feature","geometry":{"type":"Point","coordinates":[-79.535358,43.642955]},"properties":{"name":"Kipling Station at Bus Bay 5","band":1,"modes":"bus","arr":["40","44","45","49"],"off":[0,-5.2]}},{"type":"Feature","geometry":{"type":"Point","coordinates":[-79.535358,43.642955]},"properties":{"line":"40","mode":"bus","color":"#0059a9","colorDark":"#00294f","band":1,"off":[-5.1,1.1]}},{"type":"Feature","geometry":{"type":"Point","coordinates":[-79.535358,43.642955]},"properties":{"line":"44","mode":"bus","color":"#0059a9","colorDark":"#00294f","band":1,"off":[-1.7,1.1]}},{"type":"Feature","geometry":{"type":"Point","coordinates":[-79.535358,43.642955]},"properties":{"line":"45","mode":"bus","color":"#0059a9","colorDark":"#00294f","band":1,"off":[1.7,1.1]}},{"type":"Feature","geometry":{"type":"Point","coordinates":[-79.535358,43.642955]},"properties":{"line":"49","mode":"bus","color":"#0059a9","colorDark":"#00294f","band":1,"off":[5.1,1.1]}},{"type":"Feature","geometry":{"type":"Point","coordinates":[-79.451962,43.658781]},"properties":{"name":"Edna Ave at Dundas St West","band":1,"modes":"bus,tram","arr":["40","168","304","305","340"],"off":[0,-0.8]}},{"type":"Feature","geometry":{"type":"Point","coordinates":[-79.451962,43.658781]},"properties":{"name":"Dundas West Station at Bus Bay 2","band":1,"modes":"bus,tram","arr":["40","168","304","305","340"],"off":[0,-3]}},{"type":"Feature","geometry":{"type":"Point","coordinates":[-79.451962,43.658781]},"properties":{"name":"Dundas West Station at Bus Bay 1","band":1,"modes":"bus,tram","arr":["40","168","304","305","340"],"off":[0,-5.2]}},{"type":"Feature","geometry":{"type":"Point","coordinates":[-79.451962,43.658781]},"properties":{"line":"40","mode":"bus","color":"#0059a9","colorDark":"#00294f","band":1,"off":[-6.8,1.1]}},{"type":"Feature","geometry":{"type":"Point","coordinates":[-79.451962,43.658781]},"properties":{"line":"168","mode":"bus","color":"#0059a9","colorDark":"#00294f","band":1,"off":[-3.4,1.1]}},{"type":"Feature","geometry":{"type":"Point","coordinates":[-79.451962,43.658781]},"properties":{"line":"304","mode":"tram","color":"#d6212b","colorDark":"#7c1116","band":1,"off":[0,1.1]}},{"type":"Feature","geometry":{"type":"Point","coordinates":[-79.451962,43.658781]},"properties":{"line":"305","mode":"tram","color":"#d6212b","colorDark":"#7c1116","band":1,"off":[3.4,1.1]}},{"type":"Feature","geometry":{"type":"Point","coordinates":[-79.451962,43.658781]},"properties":{"line":"340","mode":"bus","color":"#0059a9","colorDark":"#00294f","band":1,"off":[6.8,1.1]}},{"type":"Feature","geometry":{"type":"Point","coordinates":[-79.5007,43.776438]},"properties":{"name":"Ian MacDonald Blvd at The Chimneystack Rd","band":1,"modes":"bus","arr":["335","341","353"],"off":[0,-0.8]}},{"type":"Feature","geometry":{"type":"Point","coordinates":[-79.5007,43.776438]},"properties":{"line":"335","mode":"bus","color":"#0059a9","colorDark":"#00294f","band":1,"off":[-3.4,1.1]}},{"type":"Feature","geometry":{"type":"Point","coordinates":[-79.5007,43.776438]},"properties":{"line":"341","mode":"bus","color":"#0059a9","colorDark":"#00294f","band":1,"off":[0,1.1]}},{"type":"Feature","geometry":{"type":"Point","coordinates":[-79.5007,43.776438]},"properties":{"line":"353","mode":"bus","color":"#0059a9","colorDark":"#00294f","band":1,"off":[3.4,1.1]}},{"type":"Feature","geometry":{"type":"Point","coordinates":[-79.460208,43.653754]},"properties":{"name":"Keele Station at Bus Bay 5","band":1,"modes":"bus","arr":["41","80","89","989"],"off":[0,-0.8]}},{"type":"Feature","geometry":{"type":"Point","coordinates":[-79.460208,43.653754]},"properties":{"name":"Keele Station at Bus Bay 4","band":1,"modes":"bus","arr":["41","80","89","989"],"off":[0,-3]}},{"type":"Feature","geometry":{"type":"Point","coordinates":[-79.460208,43.653754]},"properties":{"name":"Keele Station at Bus Bay 2","band":1,"modes":"bus","arr":["41","80","89","989"],"off":[0,-5.2]}},{"type":"Feature","geometry":{"type":"Point","coordinates":[-79.460208,43.653754]},"properties":{"line":"41","mode":"bus","color":"#0059a9","colorDark":"#00294f","band":1,"off":[-5.1,1.1]}},{"type":"Feature","geometry":{"type":"Point","coordinates":[-79.460208,43.653754]},"properties":{"line":"80","mode":"bus","color":"#0059a9","colorDark":"#00294f","band":1,"off":[-1.7,1.1]}},{"type":"Feature","geometry":{"type":"Point","coordinates":[-79.460208,43.653754]},"properties":{"line":"89","mode":"bus","color":"#0059a9","colorDark":"#00294f","band":1,"off":[1.7,1.1]}},{"type":"Feature","geometry":{"type":"Point","coordinates":[-79.460208,43.653754]},"properties":{"line":"989","mode":"bus","color":"#0059a9","colorDark":"#00294f","band":1,"off":[5.1,1.1]}},{"type":"Feature","geometry":{"type":"Point","coordinates":[-79.414821,43.785316]},"properties":{"name":"Finch Station at Bus Bay 2","band":1,"modes":"bus","arr":["42","53","60","960"],"off":[0,-0.8]}},{"type":"Feature","geometry":{"type":"Point","coordinates":[-79.414821,43.785316]},"properties":{"name":"Finch Station at Bus Bay 11","band":1,"modes":"bus","arr":["42","53","60","960"],"off":[0,-3]}},{"type":"Feature","geometry":{"type":"Point","coordinates":[-79.414821,43.785316]},"properties":{"name":"Finch Station at Bus Bay 1","band":1,"modes":"bus","arr":["42","53","60","960"],"off":[0,-5.2]}},{"type":"Feature","geometry":{"type":"Point","coordinates":[-79.414821,43.785316]},"properties":{"line":"42","mode":"bus","color":"#0059a9","colorDark":"#00294f","band":1,"off":[-5.1,1.1]}},{"type":"Feature","geometry":{"type":"Point","coordinates":[-79.414821,43.785316]},"properties":{"line":"53","mode":"bus","color":"#0059a9","colorDark":"#00294f","band":1,"off":[-1.7,1.1]}},{"type":"Feature","geometry":{"type":"Point","coordinates":[-79.414821,43.785316]},"properties":{"line":"60","mode":"bus","color":"#0059a9","colorDark":"#00294f","band":1,"off":[1.7,1.1]}},{"type":"Feature","geometry":{"type":"Point","coordinates":[-79.414821,43.785316]},"properties":{"line":"960","mode":"bus","color":"#0059a9","colorDark":"#00294f","band":1,"off":[5.1,1.1]}},{"type":"Feature","geometry":{"type":"Point","coordinates":[-79.251626,43.824299]},"properties":{"name":"80 Dynamic Dr","band":1,"modes":"bus","arr":["42"],"off":[0,-0.8]}},{"type":"Feature","geometry":{"type":"Point","coordinates":[-79.251626,43.824299]},"properties":{"line":"42","mode":"bus","color":"#0059a9","colorDark":"#00294f","band":1,"off":[0,1.1]}},{"type":"Feature","geometry":{"type":"Point","coordinates":[-79.297046,43.825452]},"properties":{"name":"Midland Ave at Steeles Ave East South Side","band":1,"modes":"bus","arr":["43","343"],"off":[0,-0.8]}},{"type":"Feature","geometry":{"type":"Point","coordinates":[-79.297046,43.825452]},"properties":{"line":"43","mode":"bus","color":"#0059a9","colorDark":"#00294f","band":1,"off":[-1.7,1.1]}},{"type":"Feature","geometry":{"type":"Point","coordinates":[-79.297046,43.825452]},"properties":{"line":"343","mode":"bus","color":"#0059a9","colorDark":"#00294f","band":1,"off":[1.7,1.1]}},{"type":"Feature","geometry":{"type":"Point","coordinates":[-79.302608,43.824674]},"properties":{"name":"Steeles Ave East at Milliken Go Station","band":1,"modes":"bus","arr":["57"],"off":[0,-0.8]}},{"type":"Feature","geometry":{"type":"Point","coordinates":[-79.302608,43.824674]},"properties":{"line":"57","mode":"bus","color":"#0059a9","colorDark":"#00294f","band":1,"off":[0,1.1]}},{"type":"Feature","geometry":{"type":"Point","coordinates":[-79.516814,43.594239]},"properties":{"name":"Colonel Samuel Smith Park Dr","band":1,"modes":"bus","arr":["44"],"off":[0,-0.8]}},{"type":"Feature","geometry":{"type":"Point","coordinates":[-79.516814,43.594239]},"properties":{"line":"44","mode":"bus","color":"#0059a9","colorDark":"#00294f","band":1,"off":[0,1.1]}},{"type":"Feature","geometry":{"type":"Point","coordinates":[-79.589697,43.759232]},"properties":{"name":"Kipling Ave at Steeles Ave West South Side","band":1,"modes":"bus","arr":["45","337"],"off":[0,-0.8]}},{"type":"Feature","geometry":{"type":"Point","coordinates":[-79.589697,43.759232]},"properties":{"name":"Kipling Ave at Steeles Ave West","band":1,"modes":"bus","arr":["45","337"],"off":[0,-4.1]}},{"type":"Feature","geometry":{"type":"Point","coordinates":[-79.589697,43.759232]},"properties":{"line":"45","mode":"bus","color":"#0059a9","colorDark":"#00294f","band":1,"off":[-1.7,1.1]}},{"type":"Feature","geometry":{"type":"Point","coordinates":[-79.589697,43.759232]},"properties":{"line":"337","mode":"bus","color":"#0059a9","colorDark":"#00294f","band":1,"off":[1.7,1.1]}},{"type":"Feature","geometry":{"type":"Point","coordinates":[-79.607887,43.756677]},"properties":{"name":"Steeles Ave West Loop at Martin Grove Rd","band":1,"modes":"bus","arr":["46","60","396","927"],"off":[0,-0.8]}},{"type":"Feature","geometry":{"type":"Point","coordinates":[-79.607887,43.756677]},"properties":{"line":"46","mode":"bus","color":"#0059a9","colorDark":"#00294f","band":1,"off":[-5.1,1.1]}},{"type":"Feature","geometry":{"type":"Point","coordinates":[-79.607887,43.756677]},"properties":{"line":"60","mode":"bus","color":"#0059a9","colorDark":"#00294f","band":1,"off":[-1.7,1.1]}},{"type":"Feature","geometry":{"type":"Point","coordinates":[-79.607887,43.756677]},"properties":{"line":"396","mode":"bus","color":"#0059a9","colorDark":"#00294f","band":1,"off":[1.7,1.1]}},{"type":"Feature","geometry":{"type":"Point","coordinates":[-79.607887,43.756677]},"properties":{"line":"927","mode":"bus","color":"#0059a9","colorDark":"#00294f","band":1,"off":[5.1,1.1]}},{"type":"Feature","geometry":{"type":"Point","coordinates":[-79.535786,43.632579]},"properties":{"name":"Kipling Station at Bus Bay 8","band":1,"modes":"bus","arr":["46","111","112"],"off":[0,-0.8]}},{"type":"Feature","geometry":{"type":"Point","coordinates":[-79.535786,43.632579]},"properties":{"name":"Kipling Station at Bus Bay 2","band":1,"modes":"bus","arr":["46","111","112"],"off":[0,-3]}},{"type":"Feature","geometry":{"type":"Point","coordinates":[-79.535786,43.632579]},"properties":{"name":"Kipling Station at Bus Bay 1","band":1,"modes":"bus","arr":["46","111","112"],"off":[0,-5.2]}},{"type":"Feature","geometry":{"type":"Point","coordinates":[-79.535786,43.632579]},"properties":{"line":"46","mode":"bus","color":"#0059a9","colorDark":"#00294f","band":1,"off":[-3.4,1.1]}},{"type":"Feature","geometry":{"type":"Point","coordinates":[-79.535786,43.632579]},"properties":{"line":"111","mode":"bus","color":"#0059a9","colorDark":"#00294f","band":1,"off":[0,1.1]}},{"type":"Feature","geometry":{"type":"Point","coordinates":[-79.535786,43.632579]},"properties":{"line":"112","mode":"bus","color":"#0059a9","colorDark":"#00294f","band":1,"off":[3.4,1.1]}},{"type":"Feature","geometry":{"type":"Point","coordinates":[-79.443075,43.659342]},"properties":{"name":"Lansdowne Ave at Wade Ave - Lansdowne Station","band":1,"modes":"bus","arr":["47"],"off":[0,-0.8]}},{"type":"Feature","geometry":{"type":"Point","coordinates":[-79.443075,43.659342]},"properties":{"line":"47","mode":"bus","color":"#0059a9","colorDark":"#00294f","band":1,"off":[0,1.1]}},{"type":"Feature","geometry":{"type":"Point","coordinates":[-79.590206,43.645426]},"properties":{"name":"Mill Rd at Rathburn Rd Loop","band":1,"modes":"bus","arr":["48"],"off":[0,-0.8]}},{"type":"Feature","geometry":{"type":"Point","coordinates":[-79.590206,43.645426]},"properties":{"line":"48","mode":"bus","color":"#0059a9","colorDark":"#00294f","band":1,"off":[0,1.1]}},{"type":"Feature","geometry":{"type":"Point","coordinates":[-79.580286,43.629624]},"properties":{"name":"Markland Dr (West) at Bloor St West North Side","band":1,"modes":"bus","arr":["49"],"off":[0,-0.8]}},{"type":"Feature","geometry":{"type":"Point","coordinates":[-79.580286,43.629624]},"properties":{"line":"49","mode":"bus","color":"#0059a9","colorDark":"#00294f","band":1,"off":[0,1.1]}},{"type":"Feature","geometry":{"type":"Point","coordinates":[-79.582909,43.640556]},"properties":{"name":"Mill Rd at Burnhamthorpe Loop","band":1,"modes":"bus","arr":["50"],"off":[0,-0.8]}},{"type":"Feature","geometry":{"type":"Point","coordinates":[-79.582909,43.640556]},"properties":{"line":"50","mode":"bus","color":"#0059a9","colorDark":"#00294f","band":1,"off":[0,1.1]}},{"type":"Feature","geometry":{"type":"Point","coordinates":[-79.367752,43.77044]},"properties":{"name":"Leslie Station at Bus Bay 3","band":1,"modes":"bus","arr":["51","151"],"off":[0,-0.8]}},{"type":"Feature","geometry":{"type":"Point","coordinates":[-79.367752,43.77044]},"properties":{"name":"Leslie Station at Bus Bay 2","band":1,"modes":"bus","arr":["51","151"],"off":[0,-3]}},{"type":"Feature","geometry":{"type":"Point","coordinates":[-79.367752,43.77044]},"properties":{"line":"51","mode":"bus","color":"#0059a9","colorDark":"#00294f","band":1,"off":[-1.7,1.1]}},{"type":"Feature","geometry":{"type":"Point","coordinates":[-79.367752,43.77044]},"properties":{"line":"151","mode":"bus","color":"#0059a9","colorDark":"#00294f","band":1,"off":[1.7,1.1]}},{"type":"Feature","geometry":{"type":"Point","coordinates":[-79.337892,43.680941]},"properties":{"name":"Donlands Station at Bus Bay 3","band":1,"modes":"bus","arr":["51","83"],"off":[0,-0.8]}},{"type":"Feature","geometry":{"type":"Point","coordinates":[-79.337892,43.680941]},"properties":{"name":"Donlands Station at Bus Bay 1","band":1,"modes":"bus","arr":["51","83"],"off":[0,-3]}},{"type":"Feature","geometry":{"type":"Point","coordinates":[-79.337892,43.680941]},"properties":{"line":"51","mode":"bus","color":"#0059a9","colorDark":"#00294f","band":1,"off":[-1.7,1.1]}},{"type":"Feature","geometry":{"type":"Point","coordinates":[-79.337892,43.680941]},"properties":{"line":"83","mode":"bus","color":"#0059a9","colorDark":"#00294f","band":1,"off":[1.7,1.1]}},{"type":"Feature","geometry":{"type":"Point","coordinates":[-79.640651,43.721692]},"properties":{"name":"Westwood Square Bus Terminal at Morning Star Dr","band":1,"modes":"bus","arr":["52"],"off":[0,-0.8]}},{"type":"Feature","geometry":{"type":"Point","coordinates":[-79.640651,43.721692]},"properties":{"line":"52","mode":"bus","color":"#0059a9","colorDark":"#00294f","band":1,"off":[0,1.1]}},{"type":"Feature","geometry":{"type":"Point","coordinates":[-79.402267,43.726309]},"properties":{"name":"Lawrence Station at Bus Bay 5","band":1,"modes":"bus","arr":["52","124","162"],"off":[0,-0.8]}},{"type":"Feature","geometry":{"type":"Point","coordinates":[-79.402267,43.726309]},"properties":{"name":"Lawrence Station at Bus Bay 4","band":1,"modes":"bus","arr":["52","124","162"],"off":[0,-3]}},{"type":"Feature","geometry":{"type":"Point","coordinates":[-79.402267,43.726309]},"properties":{"name":"Lawrence Station at Bus Bay 2","band":1,"modes":"bus","arr":["52","124","162"],"off":[0,-5.2]}},{"type":"Feature","geometry":{"type":"Point","coordinates":[-79.402267,43.726309]},"properties":{"line":"52","mode":"bus","color":"#0059a9","colorDark":"#00294f","band":1,"off":[-3.4,1.1]}},{"type":"Feature","geometry":{"type":"Point","coordinates":[-79.402267,43.726309]},"properties":{"line":"124","mode":"bus","color":"#0059a9","colorDark":"#00294f","band":1,"off":[0,1.1]}},{"type":"Feature","geometry":{"type":"Point","coordinates":[-79.402267,43.726309]},"properties":{"line":"162","mode":"bus","color":"#0059a9","colorDark":"#00294f","band":1,"off":[3.4,1.1]}},{"type":"Feature","geometry":{"type":"Point","coordinates":[-79.33763,43.722696]},"properties":{"name":"Don Valley Station at Bus Bay 4","band":1,"modes":"bus","arr":["54","72","100","954"],"off":[0,-0.8]}},{"type":"Feature","geometry":{"type":"Point","coordinates":[-79.33763,43.722696]},"properties":{"name":"Don Valley Station at Bus Bay 3","band":1,"modes":"bus","arr":["54","72","100","954"],"off":[0,-3]}},{"type":"Feature","geometry":{"type":"Point","coordinates":[-79.33763,43.722696]},"properties":{"name":"Don Valley Station at Bus Bay 2","band":1,"modes":"bus","arr":["54","72","100","954"],"off":[0,-5.2]}},{"type":"Feature","geometry":{"type":"Point","coordinates":[-79.33763,43.722696]},"properties":{"line":"54","mode":"bus","color":"#0059a9","colorDark":"#00294f","band":1,"off":[-5.1,1.1]}},{"type":"Feature","geometry":{"type":"Point","coordinates":[-79.33763,43.722696]},"properties":{"line":"72","mode":"bus","color":"#0059a9","colorDark":"#00294f","band":1,"off":[-1.7,1.1]}},{"type":"Feature","geometry":{"type":"Point","coordinates":[-79.33763,43.722696]},"properties":{"line":"100","mode":"bus","color":"#0059a9","colorDark":"#00294f","band":1,"off":[1.7,1.1]}},{"type":"Feature","geometry":{"type":"Point","coordinates":[-79.33763,43.722696]},"properties":{"line":"954","mode":"bus","color":"#0059a9","colorDark":"#00294f","band":1,"off":[5.1,1.1]}},{"type":"Feature","geometry":{"type":"Point","coordinates":[-79.123013,43.788645]},"properties":{"name":"Starspray Loop at Lawrence Ave East","band":1,"modes":"bus","arr":["54","354","954"],"off":[0,-0.8]}},{"type":"Feature","geometry":{"type":"Point","coordinates":[-79.123013,43.788645]},"properties":{"line":"54","mode":"bus","color":"#0059a9","colorDark":"#00294f","band":1,"off":[-3.4,1.1]}},{"type":"Feature","geometry":{"type":"Point","coordinates":[-79.123013,43.788645]},"properties":{"line":"354","mode":"bus","color":"#0059a9","colorDark":"#00294f","band":1,"off":[0,1.1]}},{"type":"Feature","geometry":{"type":"Point","coordinates":[-79.123013,43.788645]},"properties":{"line":"954","mode":"bus","color":"#0059a9","colorDark":"#00294f","band":1,"off":[3.4,1.1]}},{"type":"Feature","geometry":{"type":"Point","coordinates":[-79.502708,43.662684]},"properties":{"name":"Lundy Ave at Warren Cres","band":1,"modes":"bus","arr":["55"],"off":[0,-0.8]}},{"type":"Feature","geometry":{"type":"Point","coordinates":[-79.502708,43.662684]},"properties":{"line":"55","mode":"bus","color":"#0059a9","colorDark":"#00294f","band":1,"off":[0,1.1]}},{"type":"Feature","geometry":{"type":"Point","coordinates":[-79.532699,43.708002]},"properties":{"name":"Oak St at Weston Rd East Side","band":1,"modes":"bus","arr":["59","158"],"off":[0,-0.8]}},{"type":"Feature","geometry":{"type":"Point","coordinates":[-79.532699,43.708002]},"properties":{"name":"Oak St at Weston Rd","band":1,"modes":"bus","arr":["59","158"],"off":[0,-3]}},{"type":"Feature","geometry":{"type":"Point","coordinates":[-79.532699,43.708002]},"properties":{"line":"59","mode":"bus","color":"#0059a9","colorDark":"#00294f","band":1,"off":[-1.7,1.1]}},{"type":"Feature","geometry":{"type":"Point","coordinates":[-79.532699,43.708002]},"properties":{"line":"158","mode":"bus","color":"#0059a9","colorDark":"#00294f","band":1,"off":[1.7,1.1]}},{"type":"Feature","geometry":{"type":"Point","coordinates":[-79.443894,43.715585]},"properties":{"name":"Lawrence West Station at Bus Bay 2","band":1,"modes":"bus","arr":["59"],"off":[0,-0.8]}},{"type":"Feature","geometry":{"type":"Point","coordinates":[-79.443894,43.715585]},"properties":{"line":"59","mode":"bus","color":"#0059a9","colorDark":"#00294f","band":1,"off":[0,1.1]}},{"type":"Feature","geometry":{"type":"Point","coordinates":[-79.470251,43.786916]},"properties":{"name":"Steeles Ave West at Dufferin St","band":1,"modes":"bus","arr":["105","329"],"off":[0,-0.8]}},{"type":"Feature","geometry":{"type":"Point","coordinates":[-79.470251,43.786916]},"properties":{"name":"Dufferin St at Steeles Ave West South Side","band":1,"modes":"bus","arr":["105","329"],"off":[0,-3]}},{"type":"Feature","geometry":{"type":"Point","coordinates":[-79.470251,43.786916]},"properties":{"line":"105","mode":"bus","color":"#0059a9","colorDark":"#00294f","band":1,"off":[-1.7,1.1]}},{"type":"Feature","geometry":{"type":"Point","coordinates":[-79.470251,43.786916]},"properties":{"line":"329","mode":"bus","color":"#0059a9","colorDark":"#00294f","band":1,"off":[1.7,1.1]}},{"type":"Feature","geometry":{"type":"Point","coordinates":[-79.424261,43.743619]},"properties":{"name":"Bombay Loop at Avenue Rd","band":1,"modes":"bus","arr":["61"],"off":[0,-0.8]}},{"type":"Feature","geometry":{"type":"Point","coordinates":[-79.424261,43.743619]},"properties":{"line":"61","mode":"bus","color":"#0059a9","colorDark":"#00294f","band":1,"off":[0,1.1]}},{"type":"Feature","geometry":{"type":"Point","coordinates":[-79.399258,43.703602]},"properties":{"name":"Eglinton Station at Bus Bay 9","band":1,"modes":"bus","arr":["61","74","103"],"off":[0,-0.8]}},{"type":"Feature","geometry":{"type":"Point","coordinates":[-79.399258,43.703602]},"properties":{"name":"Eglinton Station at Bus Bay 8","band":1,"modes":"bus","arr":["61","74","103"],"off":[0,-3]}},{"type":"Feature","geometry":{"type":"Point","coordinates":[-79.399258,43.703602]},"properties":{"name":"Eglinton Station at Bus Bay 4","band":1,"modes":"bus","arr":["61","74","103"],"off":[0,-5.2]}},{"type":"Feature","geometry":{"type":"Point","coordinates":[-79.399258,43.703602]},"properties":{"line":"61","mode":"bus","color":"#0059a9","colorDark":"#00294f","band":1,"off":[-3.4,1.1]}},{"type":"Feature","geometry":{"type":"Point","coordinates":[-79.399258,43.703602]},"properties":{"line":"74","mode":"bus","color":"#0059a9","colorDark":"#00294f","band":1,"off":[0,1.1]}},{"type":"Feature","geometry":{"type":"Point","coordinates":[-79.399258,43.703602]},"properties":{"line":"103","mode":"bus","color":"#0059a9","colorDark":"#00294f","band":1,"off":[3.4,1.1]}},{"type":"Feature","geometry":{"type":"Point","coordinates":[-79.435866,43.701037]},"properties":{"name":"Cedarvale Station at Bus Bay 8","band":1,"modes":"bus","arr":["63","90","109","164"],"off":[0,-0.8]}},{"type":"Feature","geometry":{"type":"Point","coordinates":[-79.435866,43.701037]},"properties":{"name":"Cedarvale Station at Bus Bay 7","band":1,"modes":"bus","arr":["63","90","109","164"],"off":[0,-3]}},{"type":"Feature","geometry":{"type":"Point","coordinates":[-79.435866,43.701037]},"properties":{"name":"Cedarvale Station at Bus Bay 5","band":1,"modes":"bus","arr":["63","90","109","164"],"off":[0,-5.2]}},{"type":"Feature","geometry":{"type":"Point","coordinates":[-79.435866,43.701037]},"properties":{"line":"63","mode":"bus","color":"#0059a9","colorDark":"#00294f","band":1,"off":[-5.1,1.1]}},{"type":"Feature","geometry":{"type":"Point","coordinates":[-79.435866,43.701037]},"properties":{"line":"90","mode":"bus","color":"#0059a9","colorDark":"#00294f","band":1,"off":[-1.7,1.1]}},{"type":"Feature","geometry":{"type":"Point","coordinates":[-79.435866,43.701037]},"properties":{"line":"109","mode":"bus","color":"#0059a9","colorDark":"#00294f","band":1,"off":[1.7,1.1]}},{"type":"Feature","geometry":{"type":"Point","coordinates":[-79.435866,43.701037]},"properties":{"line":"164","mode":"bus","color":"#0059a9","colorDark":"#00294f","band":1,"off":[5.1,1.1]}},{"type":"Feature","geometry":{"type":"Point","coordinates":[-79.42645,43.663378]},"properties":{"name":"Ossington Station at Bus Bay 6","band":1,"modes":"bus","arr":["63","94"],"off":[0,-0.8]}},{"type":"Feature","geometry":{"type":"Point","coordinates":[-79.42645,43.663378]},"properties":{"name":"Ossington Station at Bus Bay 4","band":1,"modes":"bus","arr":["63","94"],"off":[0,-3]}},{"type":"Feature","geometry":{"type":"Point","coordinates":[-79.42645,43.663378]},"properties":{"name":"Ossington Station at Bus Bay 2","band":1,"modes":"bus","arr":["63","94"],"off":[0,-5.2]}},{"type":"Feature","geometry":{"type":"Point","coordinates":[-79.42645,43.663378]},"properties":{"line":"63","mode":"bus","color":"#0059a9","colorDark":"#00294f","band":1,"off":[-1.7,1.1]}},{"type":"Feature","geometry":{"type":"Point","coordinates":[-79.42645,43.663378]},"properties":{"line":"94","mode":"bus","color":"#0059a9","colorDark":"#00294f","band":1,"off":[1.7,1.1]}},{"type":"Feature","geometry":{"type":"Point","coordinates":[-79.301477,43.685636]},"properties":{"name":"Main Street Station at Bus Bay 5","band":1,"modes":"bus,tram","arr":["64","87","306"],"off":[0,-0.8]}},{"type":"Feature","geometry":{"type":"Point","coordinates":[-79.301477,43.685636]},"properties":{"name":"Main Street Station at Bus Bay 3","band":1,"modes":"bus,tram","arr":["64","87","306"],"off":[0,-3]}},{"type":"Feature","geometry":{"type":"Point","coordinates":[-79.301477,43.685636]},"properties":{"name":"Main St at Danforth Ave","band":1,"modes":"bus,tram","arr":["64","87","306"],"off":[0,-5.2]}},{"type":"Feature","geometry":{"type":"Point","coordinates":[-79.301477,43.685636]},"properties":{"line":"64","mode":"bus","color":"#0059a9","colorDark":"#00294f","band":1,"off":[-3.4,1.1]}},{"type":"Feature","geometry":{"type":"Point","coordinates":[-79.301477,43.685636]},"properties":{"line":"87","mode":"bus","color":"#0059a9","colorDark":"#00294f","band":1,"off":[0,1.1]}},{"type":"Feature","geometry":{"type":"Point","coordinates":[-79.301477,43.685636]},"properties":{"line":"306","mode":"tram","color":"#d6212b","colorDark":"#7c1116","band":1,"off":[3.4,1.1]}},{"type":"Feature","geometry":{"type":"Point","coordinates":[-79.295812,43.671113]},"properties":{"name":"Wineva Ave at Queen St East","band":1,"modes":"bus","arr":["64"],"off":[0,-0.8]}},{"type":"Feature","geometry":{"type":"Point","coordinates":[-79.295812,43.671113]},"properties":{"line":"64","mode":"bus","color":"#0059a9","colorDark":"#00294f","band":1,"off":[0,1.1]}},{"type":"Feature","geometry":{"type":"Point","coordinates":[-79.37028,43.670645]},"properties":{"name":"Parliament St at Howard St South Side","band":1,"modes":"bus","arr":["65","365"],"off":[0,-0.8]}},{"type":"Feature","geometry":{"type":"Point","coordinates":[-79.37028,43.670645]},"properties":{"name":"Parliament St at Bloor St East","band":1,"modes":"bus","arr":["65","365"],"off":[0,-4.1]}},{"type":"Feature","geometry":{"type":"Point","coordinates":[-79.37028,43.670645]},"properties":{"name":"Castle Frank Station at Bus Bay 1","band":1,"modes":"bus","arr":["65","365"],"off":[0,-6.3]}},{"type":"Feature","geometry":{"type":"Point","coordinates":[-79.37028,43.670645]},"properties":{"line":"65","mode":"bus","color":"#0059a9","colorDark":"#00294f","band":1,"off":[-1.7,1.1]}},{"type":"Feature","geometry":{"type":"Point","coordinates":[-79.37028,43.670645]},"properties":{"line":"365","mode":"bus","color":"#0059a9","colorDark":"#00294f","band":1,"off":[1.7,1.1]}},{"type":"Feature","geometry":{"type":"Point","coordinates":[-79.367341,43.644595]},"properties":{"name":"Lower Jarvis St at Queens Quay East North Side","band":1,"modes":"bus","arr":["65","75","365"],"off":[0,-0.8]}},{"type":"Feature","geometry":{"type":"Point","coordinates":[-79.367341,43.644595]},"properties":{"name":"Dockside Dr at Queens Quay East","band":1,"modes":"bus","arr":["65","75","365"],"off":[0,-4.1]}},{"type":"Feature","geometry":{"type":"Point","coordinates":[-79.367341,43.644595]},"properties":{"line":"65","mode":"bus","color":"#0059a9","colorDark":"#00294f","band":1,"off":[-3.4,1.1]}},{"type":"Feature","geometry":{"type":"Point","coordinates":[-79.367341,43.644595]},"properties":{"line":"75","mode":"bus","color":"#0059a9","colorDark":"#00294f","band":1,"off":[0,1.1]}},{"type":"Feature","geometry":{"type":"Point","coordinates":[-79.367341,43.644595]},"properties":{"line":"365","mode":"bus","color":"#0059a9","colorDark":"#00294f","band":1,"off":[3.4,1.1]}},{"type":"Feature","geometry":{"type":"Point","coordinates":[-79.495151,43.650226]},"properties":{"name":"Old Mill Station at Bus Bay 2","band":1,"modes":"bus","arr":["66"],"off":[0,-0.8]}},{"type":"Feature","geometry":{"type":"Point","coordinates":[-79.495151,43.650226]},"properties":{"line":"66","mode":"bus","color":"#0059a9","colorDark":"#00294f","band":1,"off":[0,1.1]}},{"type":"Feature","geometry":{"type":"Point","coordinates":[-79.477561,43.624637]},"properties":{"name":"Marine Parade Dr at Silver Moon Dr","band":1,"modes":"bus","arr":["66"],"off":[0,-0.8]}},{"type":"Feature","geometry":{"type":"Point","coordinates":[-79.477561,43.624637]},"properties":{"line":"66","mode":"bus","color":"#0059a9","colorDark":"#00294f","band":1,"off":[0,1.1]}},{"type":"Feature","geometry":{"type":"Point","coordinates":[-79.310629,43.765192]},"properties":{"name":"Penworth Rd at Crosland Dr","band":1,"modes":"bus","arr":["67"],"off":[0,-0.8]}},{"type":"Feature","geometry":{"type":"Point","coordinates":[-79.310629,43.765192]},"properties":{"line":"67","mode":"bus","color":"#0059a9","colorDark":"#00294f","band":1,"off":[0,1.1]}},{"type":"Feature","geometry":{"type":"Point","coordinates":[-79.337464,43.8946]},"properties":{"name":"Angus Glen Community Centre Loop at Major Mackenzie Dr East","band":1,"modes":"bus","arr":["68"],"off":[0,-0.8]}},{"type":"Feature","geometry":{"type":"Point","coordinates":[-79.337464,43.8946]},"properties":{"line":"68","mode":"bus","color":"#0059a9","colorDark":"#00294f","band":1,"off":[0,1.1]}},{"type":"Feature","geometry":{"type":"Point","coordinates":[-79.280069,43.707794]},"properties":{"name":"Warden Station at Temporary Bus Bay 7","band":1,"modes":"bus","arr":["69","102","117","135","902"],"off":[0,-0.8]}},{"type":"Feature","geometry":{"type":"Point","coordinates":[-79.280069,43.707794]},"properties":{"name":"Warden Station at Temporary Bus Bay 4","band":1,"modes":"bus","arr":["69","102","117","135","902"],"off":[0,-4.1]}},{"type":"Feature","geometry":{"type":"Point","coordinates":[-79.280069,43.707794]},"properties":{"name":"Warden Station at Temporary Bus Bay 1","band":1,"modes":"bus","arr":["69","102","117","135","902"],"off":[0,-7.4]}},{"type":"Feature","geometry":{"type":"Point","coordinates":[-79.280069,43.707794]},"properties":{"line":"69","mode":"bus","color":"#0059a9","colorDark":"#00294f","band":1,"off":[-6.8,1.1]}},{"type":"Feature","geometry":{"type":"Point","coordinates":[-79.280069,43.707794]},"properties":{"line":"102","mode":"bus","color":"#0059a9","colorDark":"#00294f","band":1,"off":[-3.4,1.1]}},{"type":"Feature","geometry":{"type":"Point","coordinates":[-79.280069,43.707794]},"properties":{"line":"117","mode":"bus","color":"#0059a9","colorDark":"#00294f","band":1,"off":[0,1.1]}},{"type":"Feature","geometry":{"type":"Point","coordinates":[-79.280069,43.707794]},"properties":{"line":"135","mode":"bus","color":"#0059a9","colorDark":"#00294f","band":1,"off":[3.4,1.1]}},{"type":"Feature","geometry":{"type":"Point","coordinates":[-79.280069,43.707794]},"properties":{"line":"902","mode":"bus","color":"#0059a9","colorDark":"#00294f","band":1,"off":[6.8,1.1]}},{"type":"Feature","geometry":{"type":"Point","coordinates":[-79.233722,43.716877]},"properties":{"name":"Brooklawn Ave at Barkdene Hills","band":1,"modes":"bus","arr":["69"],"off":[0,-0.8]}},{"type":"Feature","geometry":{"type":"Point","coordinates":[-79.233722,43.716877]},"properties":{"line":"69","mode":"bus","color":"#0059a9","colorDark":"#00294f","band":1,"off":[0,1.1]}},{"type":"Feature","geometry":{"type":"Point","coordinates":[-79.298451,43.727182]},"properties":{"name":"Craigton Dr at Pharmacy Ave","band":1,"modes":"bus","arr":["70"],"off":[0,-0.8]}},{"type":"Feature","geometry":{"type":"Point","coordinates":[-79.298451,43.727182]},"properties":{"line":"70","mode":"bus","color":"#0059a9","colorDark":"#00294f","band":1,"off":[0,1.1]}},{"type":"Feature","geometry":{"type":"Point","coordinates":[-79.4933,43.693163]},"properties":{"name":"Mount Dennis Garage","band":1,"modes":"bus","arr":["71","171"],"off":[0,-0.8]}},{"type":"Feature","geometry":{"type":"Point","coordinates":[-79.4933,43.693163]},"properties":{"name":"Industry St at Ray Ave","band":1,"modes":"bus","arr":["71","171"],"off":[0,-3]}},{"type":"Feature","geometry":{"type":"Point","coordinates":[-79.4933,43.693163]},"properties":{"name":"109 Industry St","band":1,"modes":"bus","arr":["71","171"],"off":[0,-5.2]}},{"type":"Feature","geometry":{"type":"Point","coordinates":[-79.4933,43.693163]},"properties":{"line":"71","mode":"bus","color":"#0059a9","colorDark":"#00294f","band":1,"off":[-1.7,1.1]}},{"type":"Feature","geometry":{"type":"Point","coordinates":[-79.4933,43.693163]},"properties":{"line":"171","mode":"bus","color":"#0059a9","colorDark":"#00294f","band":1,"off":[1.7,1.1]}},{"type":"Feature","geometry":{"type":"Point","coordinates":[-79.475766,43.651852]},"properties":{"name":"Runnymede Station at Bus Bay 4","band":1,"modes":"bus","arr":["71","77","79"],"off":[0,-0.8]}},{"type":"Feature","geometry":{"type":"Point","coordinates":[-79.475766,43.651852]},"properties":{"name":"Runnymede Station at Bus Bay 3","band":1,"modes":"bus","arr":["71","77","79"],"off":[0,-3]}},{"type":"Feature","geometry":{"type":"Point","coordinates":[-79.475766,43.651852]},"properties":{"name":"Runnymede Station at Bus Bay 2","band":1,"modes":"bus","arr":["71","77","79"],"off":[0,-5.2]}},{"type":"Feature","geometry":{"type":"Point","coordinates":[-79.475766,43.651852]},"properties":{"line":"71","mode":"bus","color":"#0059a9","colorDark":"#00294f","band":1,"off":[-3.4,1.1]}},{"type":"Feature","geometry":{"type":"Point","coordinates":[-79.475766,43.651852]},"properties":{"line":"77","mode":"bus","color":"#0059a9","colorDark":"#00294f","band":1,"off":[0,1.1]}},{"type":"Feature","geometry":{"type":"Point","coordinates":[-79.475766,43.651852]},"properties":{"line":"79","mode":"bus","color":"#0059a9","colorDark":"#00294f","band":1,"off":[3.4,1.1]}},{"type":"Feature","geometry":{"type":"Point","coordinates":[-79.342149,43.649792]},"properties":{"name":"Commissioners St at Saulter St","band":1,"modes":"bus","arr":["72"],"off":[0,-0.8]}},{"type":"Feature","geometry":{"type":"Point","coordinates":[-79.342149,43.649792]},"properties":{"line":"72","mode":"bus","color":"#0059a9","colorDark":"#00294f","band":1,"off":[0,1.1]}},{"type":"Feature","geometry":{"type":"Point","coordinates":[-79.345397,43.706776]},"properties":{"name":"Thorncliffe Park Dr (East) at Overlea Blvd","band":1,"modes":"bus","arr":["156","403"],"off":[0,-0.8]}},{"type":"Feature","geometry":{"type":"Point","coordinates":[-79.345397,43.706776]},"properties":{"name":"East York Town Centre","band":1,"modes":"bus","arr":["156","403"],"off":[0,-4.1]}},{"type":"Feature","geometry":{"type":"Point","coordinates":[-79.345397,43.706776]},"properties":{"line":"156","mode":"bus","color":"#0059a9","colorDark":"#00294f","band":1,"off":[-1.7,1.1]}},{"type":"Feature","geometry":{"type":"Point","coordinates":[-79.345397,43.706776]},"properties":{"line":"403","mode":"bus","color":"#0059a9","colorDark":"#00294f","band":1,"off":[1.7,1.1]}},{"type":"Feature","geometry":{"type":"Point","coordinates":[-79.634744,43.746833]},"properties":{"name":"Claireport Cres (West) at Albion Rd","band":1,"modes":"bus","arr":["73"],"off":[0,-0.8]}},{"type":"Feature","geometry":{"type":"Point","coordinates":[-79.634744,43.746833]},"properties":{"line":"73","mode":"bus","color":"#0059a9","colorDark":"#00294f","band":1,"off":[0,1.1]}},{"type":"Feature","geometry":{"type":"Point","coordinates":[-79.537772,43.717042]},"properties":{"name":"Weston Rd at Albion Rd South Side","band":1,"modes":"bus","arr":["89"],"off":[0,-0.8]}},{"type":"Feature","geometry":{"type":"Point","coordinates":[-79.537772,43.717042]},"properties":{"line":"89","mode":"bus","color":"#0059a9","colorDark":"#00294f","band":1,"off":[0,1.1]}},{"type":"Feature","geometry":{"type":"Point","coordinates":[-79.511186,43.647003]},"properties":{"name":"Royal York Station at Bus Bay 1","band":1,"modes":"bus","arr":["73"],"off":[0,-0.8]}},{"type":"Feature","geometry":{"type":"Point","coordinates":[-79.511186,43.647003]},"properties":{"line":"73","mode":"bus","color":"#0059a9","colorDark":"#00294f","band":1,"off":[0,1.1]}},{"type":"Feature","geometry":{"type":"Point","coordinates":[-79.392435,43.689344]},"properties":{"name":"St Clair Station at Lower Platform Bus Bay 4","band":1,"modes":"bus","arr":["74","88","97"],"off":[0,-0.8]}},{"type":"Feature","geometry":{"type":"Point","coordinates":[-79.392435,43.689344]},"properties":{"name":"St Clair Station at Lower Platform Bus Bay 3","band":1,"modes":"bus","arr":["74","88","97"],"off":[0,-4.1]}},{"type":"Feature","geometry":{"type":"Point","coordinates":[-79.392435,43.689344]},"properties":{"name":"St Clair Station at Lower Platform Bus Bay 2","band":1,"modes":"bus","arr":["74","88","97"],"off":[0,-7.4]}},{"type":"Feature","geometry":{"type":"Point","coordinates":[-79.392435,43.689344]},"properties":{"line":"74","mode":"bus","color":"#0059a9","colorDark":"#00294f","band":1,"off":[-3.4,1.1]}},{"type":"Feature","geometry":{"type":"Point","coordinates":[-79.392435,43.689344]},"properties":{"line":"88","mode":"bus","color":"#0059a9","colorDark":"#00294f","band":1,"off":[0,1.1]}},{"type":"Feature","geometry":{"type":"Point","coordinates":[-79.392435,43.689344]},"properties":{"line":"97","mode":"bus","color":"#0059a9","colorDark":"#00294f","band":1,"off":[3.4,1.1]}},{"type":"Feature","geometry":{"type":"Point","coordinates":[-79.376767,43.67213]},"properties":{"name":"Sherbourne St at Bloor St East - Sherbourne Station","band":1,"modes":"bus","arr":["75"],"off":[0,-0.8]}},{"type":"Feature","geometry":{"type":"Point","coordinates":[-79.376767,43.67213]},"properties":{"line":"75","mode":"bus","color":"#0059a9","colorDark":"#00294f","band":1,"off":[0,1.1]}},{"type":"Feature","geometry":{"type":"Point","coordinates":[-79.489607,43.613278]},"properties":{"name":"Lake Shore Blvd West at Mimico Ave","band":1,"modes":"bus","arr":["76"],"off":[0,-0.8]}},{"type":"Feature","geometry":{"type":"Point","coordinates":[-79.489607,43.613278]},"properties":{"line":"76","mode":"bus","color":"#0059a9","colorDark":"#00294f","band":1,"off":[0,1.1]}},{"type":"Feature","geometry":{"type":"Point","coordinates":[-79.471136,43.638195]},"properties":{"name":"Windermere Pl at Windermere Ave","band":1,"modes":"bus","arr":["77"],"off":[0,-0.8]}},{"type":"Feature","geometry":{"type":"Point","coordinates":[-79.471136,43.638195]},"properties":{"line":"77","mode":"bus","color":"#0059a9","colorDark":"#00294f","band":1,"off":[0,1.1]}},{"type":"Feature","geometry":{"type":"Point","coordinates":[-79.405758,43.740999]},"properties":{"name":"York Mills Station at Bus Bay 7","band":1,"modes":"bus","arr":["78","95","115","395"],"off":[0,-0.8]}},{"type":"Feature","geometry":{"type":"Point","coordinates":[-79.405758,43.740999]},"properties":{"name":"York Mills Station at Bus Bay 5","band":1,"modes":"bus","arr":["78","95","115","395"],"off":[0,-3]}},{"type":"Feature","geometry":{"type":"Point","coordinates":[-79.405758,43.740999]},"properties":{"name":"York Mills Rd at Old York Mills Rd","band":1,"modes":"bus","arr":["78","95","115","395"],"off":[0,-5.2]}},{"type":"Feature","geometry":{"type":"Point","coordinates":[-79.405758,43.740999]},"properties":{"line":"78","mode":"bus","color":"#0059a9","colorDark":"#00294f","band":1,"off":[-5.1,1.1]}},{"type":"Feature","geometry":{"type":"Point","coordinates":[-79.405758,43.740999]},"properties":{"line":"95","mode":"bus","color":"#0059a9","colorDark":"#00294f","band":1,"off":[-1.7,1.1]}},{"type":"Feature","geometry":{"type":"Point","coordinates":[-79.405758,43.740999]},"properties":{"line":"115","mode":"bus","color":"#0059a9","colorDark":"#00294f","band":1,"off":[1.7,1.1]}},{"type":"Feature","geometry":{"type":"Point","coordinates":[-79.405758,43.740999]},"properties":{"line":"395","mode":"bus","color":"#0059a9","colorDark":"#00294f","band":1,"off":[5.1,1.1]}},{"type":"Feature","geometry":{"type":"Point","coordinates":[-79.389548,43.759951]},"properties":{"name":"Carluke Cres at Fifeshire Rd (West)","band":1,"modes":"bus","arr":["78"],"off":[0,-0.8]}},{"type":"Feature","geometry":{"type":"Point","coordinates":[-79.389548,43.759951]},"properties":{"line":"78","mode":"bus","color":"#0059a9","colorDark":"#00294f","band":1,"off":[0,1.1]}},{"type":"Feature","geometry":{"type":"Point","coordinates":[-79.508018,43.701329]},"properties":{"name":"Pine St at Lawrence Ave West","band":1,"modes":"bus","arr":["79"],"off":[0,-0.8]}},{"type":"Feature","geometry":{"type":"Point","coordinates":[-79.508018,43.701329]},"properties":{"line":"79","mode":"bus","color":"#0059a9","colorDark":"#00294f","band":1,"off":[0,1.1]}},{"type":"Feature","geometry":{"type":"Point","coordinates":[-79.38892,43.676831]},"properties":{"name":"Rosedale Station at Bus Bay 2","band":1,"modes":"bus","arr":["82"],"off":[0,-0.8]}},{"type":"Feature","geometry":{"type":"Point","coordinates":[-79.38892,43.676831]},"properties":{"line":"82","mode":"bus","color":"#0059a9","colorDark":"#00294f","band":1,"off":[0,1.1]}},{"type":"Feature","geometry":{"type":"Point","coordinates":[-79.377678,43.685695]},"properties":{"name":"Summerhill Ave at Maclennan Ave","band":1,"modes":"bus","arr":["82"],"off":[0,-0.8]}},{"type":"Feature","geometry":{"type":"Point","coordinates":[-79.377678,43.685695]},"properties":{"line":"82","mode":"bus","color":"#0059a9","colorDark":"#00294f","band":1,"off":[0,1.1]}},{"type":"Feature","geometry":{"type":"Point","coordinates":[-79.329611,43.655703]},"properties":{"name":"Lake Shore Garage Loop","band":1,"modes":"bus","arr":["83","114","325"],"off":[0,-0.8]}},{"type":"Feature","geometry":{"type":"Point","coordinates":[-79.329611,43.655703]},"properties":{"name":"545 Commissioners St East Side","band":1,"modes":"bus","arr":["83","114","325"],"off":[0,-3]}},{"type":"Feature","geometry":{"type":"Point","coordinates":[-79.329611,43.655703]},"properties":{"line":"83","mode":"bus","color":"#0059a9","colorDark":"#00294f","band":1,"off":[-3.4,1.1]}},{"type":"Feature","geometry":{"type":"Point","coordinates":[-79.329611,43.655703]},"properties":{"line":"114","mode":"bus","color":"#0059a9","colorDark":"#00294f","band":1,"off":[0,1.1]}},{"type":"Feature","geometry":{"type":"Point","coordinates":[-79.329611,43.655703]},"properties":{"line":"325","mode":"bus","color":"#0059a9","colorDark":"#00294f","band":1,"off":[3.4,1.1]}},{"type":"Feature","geometry":{"type":"Point","coordinates":[-79.538973,43.739087]},"properties":{"name":"Bradstock Rd at Weston Rd East Side","band":1,"modes":"bus","arr":["84","984"],"off":[0,-0.8]}},{"type":"Feature","geometry":{"type":"Point","coordinates":[-79.538973,43.739087]},"properties":{"line":"84","mode":"bus","color":"#0059a9","colorDark":"#00294f","band":1,"off":[-1.7,1.1]}},{"type":"Feature","geometry":{"type":"Point","coordinates":[-79.538973,43.739087]},"properties":{"line":"984","mode":"bus","color":"#0059a9","colorDark":"#00294f","band":1,"off":[1.7,1.1]}},{"type":"Feature","geometry":{"type":"Point","coordinates":[-79.533328,43.734771]},"properties":{"name":"Sheppard Ave West at Abraham Welsh Rd East Side","band":1,"modes":"bus","arr":["984"],"off":[0,-0.8]}},{"type":"Feature","geometry":{"type":"Point","coordinates":[-79.533328,43.734771]},"properties":{"line":"984","mode":"bus","color":"#0059a9","colorDark":"#00294f","band":1,"off":[0,1.1]}},{"type":"Feature","geometry":{"type":"Point","coordinates":[-79.411367,43.764816]},"properties":{"name":"Sheppard-Yonge Station at Bus Bay 5/5A","band":1,"modes":"bus","arr":["84","185","384","385"],"off":[0,-0.8]}},{"type":"Feature","geometry":{"type":"Point","coordinates":[-79.411367,43.764816]},"properties":{"name":"Sheppard-Yonge Station at Bus Bay 3/3A","band":1,"modes":"bus","arr":["84","185","384","385"],"off":[0,-4.1]}},{"type":"Feature","geometry":{"type":"Point","coordinates":[-79.411367,43.764816]},"properties":{"name":"Sheppard Ave East at Yonge St East Side","band":1,"modes":"bus","arr":["84","185","384","385"],"off":[0,-7.4]}},{"type":"Feature","geometry":{"type":"Point","coordinates":[-79.411367,43.764816]},"properties":{"line":"84","mode":"bus","color":"#0059a9","colorDark":"#00294f","band":1,"off":[-5.1,1.1]}},{"type":"Feature","geometry":{"type":"Point","coordinates":[-79.411367,43.764816]},"properties":{"line":"185","mode":"bus","color":"#0059a9","colorDark":"#00294f","band":1,"off":[-1.7,1.1]}},{"type":"Feature","geometry":{"type":"Point","coordinates":[-79.411367,43.764816]},"properties":{"line":"384","mode":"bus","color":"#0059a9","colorDark":"#00294f","band":1,"off":[1.7,1.1]}},{"type":"Feature","geometry":{"type":"Point","coordinates":[-79.411367,43.764816]},"properties":{"line":"385","mode":"bus","color":"#0059a9","colorDark":"#00294f","band":1,"off":[5.1,1.1]}},{"type":"Feature","geometry":{"type":"Point","coordinates":[-79.179871,43.819761]},"properties":{"name":"Toronto Zoo","band":1,"modes":"bus","arr":["86","200"],"off":[0,-0.8]}},{"type":"Feature","geometry":{"type":"Point","coordinates":[-79.179871,43.819761]},"properties":{"line":"86","mode":"bus","color":"#0059a9","colorDark":"#00294f","band":1,"off":[-1.7,1.1]}},{"type":"Feature","geometry":{"type":"Point","coordinates":[-79.179871,43.819761]},"properties":{"line":"200","mode":"bus","color":"#0059a9","colorDark":"#00294f","band":1,"off":[1.7,1.1]}},{"type":"Feature","geometry":{"type":"Point","coordinates":[-79.350941,43.712774]},"properties":{"name":"Wicksteed Ave at Leslie St","band":1,"modes":"bus","arr":["88","156"],"off":[0,-0.8]}},{"type":"Feature","geometry":{"type":"Point","coordinates":[-79.350941,43.712774]},"properties":{"line":"88","mode":"bus","color":"#0059a9","colorDark":"#00294f","band":1,"off":[-1.7,1.1]}},{"type":"Feature","geometry":{"type":"Point","coordinates":[-79.350941,43.712774]},"properties":{"line":"156","mode":"bus","color":"#0059a9","colorDark":"#00294f","band":1,"off":[1.7,1.1]}},{"type":"Feature","geometry":{"type":"Point","coordinates":[-79.324573,43.740547]},"properties":{"name":"Railside Rd (West) at Lawrence Ave East","band":1,"modes":"bus","arr":["91"],"off":[0,-0.8]}},{"type":"Feature","geometry":{"type":"Point","coordinates":[-79.324573,43.740547]},"properties":{"line":"91","mode":"bus","color":"#0059a9","colorDark":"#00294f","band":1,"off":[0,1.1]}},{"type":"Feature","geometry":{"type":"Point","coordinates":[-79.312392,43.686511]},"properties":{"name":"Woodbine Station at Bus Bay 3","band":1,"modes":"bus","arr":["91","92","93"],"off":[0,-0.8]}},{"type":"Feature","geometry":{"type":"Point","coordinates":[-79.312392,43.686511]},"properties":{"name":"Woodbine Station at Bus Bay 2","band":1,"modes":"bus","arr":["91","92","93"],"off":[0,-3]}},{"type":"Feature","geometry":{"type":"Point","coordinates":[-79.312392,43.686511]},"properties":{"line":"91","mode":"bus","color":"#0059a9","colorDark":"#00294f","band":1,"off":[-3.4,1.1]}},{"type":"Feature","geometry":{"type":"Point","coordinates":[-79.312392,43.686511]},"properties":{"line":"92","mode":"bus","color":"#0059a9","colorDark":"#00294f","band":1,"off":[0,1.1]}},{"type":"Feature","geometry":{"type":"Point","coordinates":[-79.312392,43.686511]},"properties":{"line":"93","mode":"bus","color":"#0059a9","colorDark":"#00294f","band":1,"off":[3.4,1.1]}},{"type":"Feature","geometry":{"type":"Point","coordinates":[-79.309105,43.663402]},"properties":{"name":"Woodbine Beach Loop at Lake Shore Blvd East","band":1,"modes":"bus","arr":["92"],"off":[0,-0.8]}},{"type":"Feature","geometry":{"type":"Point","coordinates":[-79.309105,43.663402]},"properties":{"line":"92","mode":"bus","color":"#0059a9","colorDark":"#00294f","band":1,"off":[0,1.1]}},{"type":"Feature","geometry":{"type":"Point","coordinates":[-79.328265,43.704455]},"properties":{"name":"Parkview Hill Cres at Aspen Ave (North) East Side","band":1,"modes":"bus","arr":["93"],"off":[0,-0.8]}},{"type":"Feature","geometry":{"type":"Point","coordinates":[-79.328265,43.704455]},"properties":{"line":"93","mode":"bus","color":"#0059a9","colorDark":"#00294f","band":1,"off":[0,1.1]}},{"type":"Feature","geometry":{"type":"Point","coordinates":[-79.368894,43.675087]},"properties":{"name":"Castle Frank Station at Bus Bay 2","band":1,"modes":"bus","arr":["94"],"off":[0,-0.8]}},{"type":"Feature","geometry":{"type":"Point","coordinates":[-79.368894,43.675087]},"properties":{"line":"94","mode":"bus","color":"#0059a9","colorDark":"#00294f","band":1,"off":[0,1.1]}},{"type":"Feature","geometry":{"type":"Point","coordinates":[-79.332829,43.759473]},"properties":{"name":"York Mills Rd at Valley Woods Rd","band":1,"modes":"bus","arr":["191"],"off":[0,-0.8]}},{"type":"Feature","geometry":{"type":"Point","coordinates":[-79.332829,43.759473]},"properties":{"line":"191","mode":"bus","color":"#0059a9","colorDark":"#00294f","band":1,"off":[0,1.1]}},{"type":"Feature","geometry":{"type":"Point","coordinates":[-79.149945,43.797761]},"properties":{"name":"Rylander Blvd at Kingston Rd","band":1,"modes":"bus","arr":["95"],"off":[0,-0.8]}},{"type":"Feature","geometry":{"type":"Point","coordinates":[-79.149945,43.797761]},"properties":{"line":"95","mode":"bus","color":"#0059a9","colorDark":"#00294f","band":1,"off":[0,1.1]}},{"type":"Feature","geometry":{"type":"Point","coordinates":[-79.327525,43.760734]},"properties":{"name":"York Mills Rd at Fenside Dr","band":1,"modes":"bus","arr":["122"],"off":[0,-0.8]}},{"type":"Feature","geometry":{"type":"Point","coordinates":[-79.327525,43.760734]},"properties":{"line":"122","mode":"bus","color":"#0059a9","colorDark":"#00294f","band":1,"off":[0,1.1]}},{"type":"Feature","geometry":{"type":"Point","coordinates":[-79.339301,43.757574]},"properties":{"name":"York Mills Rd at Lochinvar Cres","band":1,"modes":"bus","arr":["191"],"off":[0,-0.8]}},{"type":"Feature","geometry":{"type":"Point","coordinates":[-79.339301,43.757574]},"properties":{"line":"191","mode":"bus","color":"#0059a9","colorDark":"#00294f","band":1,"off":[0,1.1]}},{"type":"Feature","geometry":{"type":"Point","coordinates":[-79.614227,43.750843]},"properties":{"name":"263 Carrier Dr","band":1,"modes":"bus","arr":["96"],"off":[0,-0.8]}},{"type":"Feature","geometry":{"type":"Point","coordinates":[-79.614227,43.750843]},"properties":{"line":"96","mode":"bus","color":"#0059a9","colorDark":"#00294f","band":1,"off":[0,1.1]}},{"type":"Feature","geometry":{"type":"Point","coordinates":[-79.406298,43.748894]},"properties":{"name":"York Mills Station at Bus Bay 6","band":1,"modes":"bus","arr":["96","122","165"],"off":[0,-0.8]}},{"type":"Feature","geometry":{"type":"Point","coordinates":[-79.406298,43.748894]},"properties":{"name":"York Mills Station at Bus Bay 3","band":1,"modes":"bus","arr":["96","122","165"],"off":[0,-3]}},{"type":"Feature","geometry":{"type":"Point","coordinates":[-79.406298,43.748894]},"properties":{"name":"York Mills Station at Bus Bay 2","band":1,"modes":"bus","arr":["96","122","165"],"off":[0,-5.2]}},{"type":"Feature","geometry":{"type":"Point","coordinates":[-79.406298,43.748894]},"properties":{"line":"96","mode":"bus","color":"#0059a9","colorDark":"#00294f","band":1,"off":[-3.4,1.1]}},{"type":"Feature","geometry":{"type":"Point","coordinates":[-79.406298,43.748894]},"properties":{"line":"122","mode":"bus","color":"#0059a9","colorDark":"#00294f","band":1,"off":[0,1.1]}},{"type":"Feature","geometry":{"type":"Point","coordinates":[-79.406298,43.748894]},"properties":{"line":"165","mode":"bus","color":"#0059a9","colorDark":"#00294f","band":1,"off":[3.4,1.1]}},{"type":"Feature","geometry":{"type":"Point","coordinates":[-79.419835,43.793667]},"properties":{"name":"Moore Park Ave at Yonge St West Side","band":1,"modes":"bus","arr":["97"],"off":[0,-0.8]}},{"type":"Feature","geometry":{"type":"Point","coordinates":[-79.419835,43.793667]},"properties":{"line":"97","mode":"bus","color":"#0059a9","colorDark":"#00294f","band":1,"off":[0,1.1]}},{"type":"Feature","geometry":{"type":"Point","coordinates":[-79.414902,43.778796]},"properties":{"name":"Finch Station at Bus Bay 4","band":1,"modes":"bus","arr":["125","336","339","953"],"off":[0,-0.8]}},{"type":"Feature","geometry":{"type":"Point","coordinates":[-79.414902,43.778796]},"properties":{"name":"Finch Station at Bus Bay 10","band":1,"modes":"bus","arr":["125","336","339","953"],"off":[0,-3]}},{"type":"Feature","geometry":{"type":"Point","coordinates":[-79.414902,43.778796]},"properties":{"name":"Finch Ave East at Yonge St East Side","band":1,"modes":"bus","arr":["125","336","339","953"],"off":[0,-5.2]}},{"type":"Feature","geometry":{"type":"Point","coordinates":[-79.414902,43.778796]},"properties":{"line":"125","mode":"bus","color":"#0059a9","colorDark":"#00294f","band":1,"off":[-5.1,1.1]}},{"type":"Feature","geometry":{"type":"Point","coordinates":[-79.414902,43.778796]},"properties":{"line":"336","mode":"bus","color":"#0059a9","colorDark":"#00294f","band":1,"off":[-1.7,1.1]}},{"type":"Feature","geometry":{"type":"Point","coordinates":[-79.414902,43.778796]},"properties":{"line":"339","mode":"bus","color":"#0059a9","colorDark":"#00294f","band":1,"off":[1.7,1.1]}},{"type":"Feature","geometry":{"type":"Point","coordinates":[-79.414902,43.778796]},"properties":{"line":"953","mode":"bus","color":"#0059a9","colorDark":"#00294f","band":1,"off":[5.1,1.1]}},{"type":"Feature","geometry":{"type":"Point","coordinates":[-79.435861,43.793125]},"properties":{"name":"Cactus Ave at Green Bush Rd West Side","band":1,"modes":"bus","arr":["98"],"off":[0,-0.8]}},{"type":"Feature","geometry":{"type":"Point","coordinates":[-79.435861,43.793125]},"properties":{"line":"98","mode":"bus","color":"#0059a9","colorDark":"#00294f","band":1,"off":[0,1.1]}},{"type":"Feature","geometry":{"type":"Point","coordinates":[-79.417955,43.798329]},"properties":{"name":"Steeles Ave East Loop","band":1,"modes":"bus","arr":["98","320"],"off":[0,-0.8]}},{"type":"Feature","geometry":{"type":"Point","coordinates":[-79.417955,43.798329]},"properties":{"line":"98","mode":"bus","color":"#0059a9","colorDark":"#00294f","band":1,"off":[-1.7,1.1]}},{"type":"Feature","geometry":{"type":"Point","coordinates":[-79.417955,43.798329]},"properties":{"line":"320","mode":"bus","color":"#0059a9","colorDark":"#00294f","band":1,"off":[1.7,1.1]}},{"type":"Feature","geometry":{"type":"Point","coordinates":[-79.532607,43.74518]},"properties":{"name":"Arrow Division Transportation Office","band":1,"modes":"bus","arr":["99"],"off":[0,-0.8]}},{"type":"Feature","geometry":{"type":"Point","coordinates":[-79.532607,43.74518]},"properties":{"line":"99","mode":"bus","color":"#0059a9","colorDark":"#00294f","band":1,"off":[0,1.1]}},{"type":"Feature","geometry":{"type":"Point","coordinates":[-79.530347,43.747578]},"properties":{"name":"Arrow Rd at Deerhide Cres (South)","band":1,"modes":"bus","arr":["99"],"off":[0,-0.8]}},{"type":"Feature","geometry":{"type":"Point","coordinates":[-79.530347,43.747578]},"properties":{"line":"99","mode":"bus","color":"#0059a9","colorDark":"#00294f","band":1,"off":[0,1.1]}},{"type":"Feature","geometry":{"type":"Point","coordinates":[-79.358134,43.68017]},"properties":{"name":"Erindale Ave at Broadview Ave East Side","band":1,"modes":"bus","arr":["100","322","925"],"off":[0,-0.8]}},{"type":"Feature","geometry":{"type":"Point","coordinates":[-79.358134,43.68017]},"properties":{"name":"Broadview Station at Bus Bay 3","band":1,"modes":"bus","arr":["100","322","925"],"off":[0,-4.1]}},{"type":"Feature","geometry":{"type":"Point","coordinates":[-79.358134,43.68017]},"properties":{"name":"Broadview Station at Bus Bay 2","band":1,"modes":"bus","arr":["100","322","925"],"off":[0,-6.3]}},{"type":"Feature","geometry":{"type":"Point","coordinates":[-79.358134,43.68017]},"properties":{"line":"100","mode":"bus","color":"#0059a9","colorDark":"#00294f","band":1,"off":[-3.4,1.1]}},{"type":"Feature","geometry":{"type":"Point","coordinates":[-79.358134,43.68017]},"properties":{"line":"322","mode":"bus","color":"#0059a9","colorDark":"#00294f","band":1,"off":[0,1.1]}},{"type":"Feature","geometry":{"type":"Point","coordinates":[-79.358134,43.68017]},"properties":{"line":"925","mode":"bus","color":"#0059a9","colorDark":"#00294f","band":1,"off":[3.4,1.1]}},{"type":"Feature","geometry":{"type":"Point","coordinates":[-79.477841,43.733626]},"properties":{"name":"Locust Lodge Gardens at Stanley Greene Blvd","band":1,"modes":"bus","arr":["101"],"off":[0,-0.8]}},{"type":"Feature","geometry":{"type":"Point","coordinates":[-79.477841,43.733626]},"properties":{"line":"101","mode":"bus","color":"#0059a9","colorDark":"#00294f","band":1,"off":[0,1.1]}},{"type":"Feature","geometry":{"type":"Point","coordinates":[-79.268471,43.909772]},"properties":{"name":"Major Mackenzie Dr East at Markham Rd","band":1,"modes":"bus","arr":["102"],"off":[0,-0.8]}},{"type":"Feature","geometry":{"type":"Point","coordinates":[-79.268471,43.909772]},"properties":{"line":"102","mode":"bus","color":"#0059a9","colorDark":"#00294f","band":1,"off":[0,1.1]}},{"type":"Feature","geometry":{"type":"Point","coordinates":[-79.4002,43.73471]},"properties":{"name":"Doncliffe Loop at Glen Echo Rd","band":1,"modes":"bus","arr":["103"],"off":[0,-0.8]}},{"type":"Feature","geometry":{"type":"Point","coordinates":[-79.4002,43.73471]},"properties":{"line":"103","mode":"bus","color":"#0059a9","colorDark":"#00294f","band":1,"off":[0,1.1]}},{"type":"Feature","geometry":{"type":"Point","coordinates":[-79.462431,43.750753]},"properties":{"name":"Sheppard West Station at Bus Bay 3","band":1,"modes":"bus","arr":["104","105","106"],"off":[0,-0.8]}},{"type":"Feature","geometry":{"type":"Point","coordinates":[-79.462431,43.750753]},"properties":{"name":"Sheppard West Station at Bus Bay 11","band":1,"modes":"bus","arr":["104","105","106"],"off":[0,-3]}},{"type":"Feature","geometry":{"type":"Point","coordinates":[-79.462431,43.750753]},"properties":{"name":"Sheppard West Station at Bus Bay 10","band":1,"modes":"bus","arr":["104","105","106"],"off":[0,-5.2]}},{"type":"Feature","geometry":{"type":"Point","coordinates":[-79.462431,43.750753]},"properties":{"line":"104","mode":"bus","color":"#0059a9","colorDark":"#00294f","band":1,"off":[-3.4,1.1]}},{"type":"Feature","geometry":{"type":"Point","coordinates":[-79.462431,43.750753]},"properties":{"line":"105","mode":"bus","color":"#0059a9","colorDark":"#00294f","band":1,"off":[0,1.1]}},{"type":"Feature","geometry":{"type":"Point","coordinates":[-79.462431,43.750753]},"properties":{"line":"106","mode":"bus","color":"#0059a9","colorDark":"#00294f","band":1,"off":[3.4,1.1]}},{"type":"Feature","geometry":{"type":"Point","coordinates":[-79.462169,43.747663]},"properties":{"name":"Sheppard West Station at Bus Bay 8","band":1,"modes":"bus","arr":["107","108"],"off":[0,-0.8]}},{"type":"Feature","geometry":{"type":"Point","coordinates":[-79.462169,43.747663]},"properties":{"name":"Sheppard West Station at Bus Bay 5","band":1,"modes":"bus","arr":["107","108"],"off":[0,-3]}},{"type":"Feature","geometry":{"type":"Point","coordinates":[-79.462169,43.747663]},"properties":{"line":"107","mode":"bus","color":"#0059a9","colorDark":"#00294f","band":1,"off":[-1.7,1.1]}},{"type":"Feature","geometry":{"type":"Point","coordinates":[-79.462169,43.747663]},"properties":{"line":"108","mode":"bus","color":"#0059a9","colorDark":"#00294f","band":1,"off":[1.7,1.1]}},{"type":"Feature","geometry":{"type":"Point","coordinates":[-79.509288,43.7789]},"properties":{"name":"Pioneer Village Station Bus Bay 9","band":1,"modes":"bus","arr":["108","166","935"],"off":[0,-0.8]}},{"type":"Feature","geometry":{"type":"Point","coordinates":[-79.509288,43.7789]},"properties":{"name":"Pioneer Village Station Bus Bay 6","band":1,"modes":"bus","arr":["108","166","935"],"off":[0,-3]}},{"type":"Feature","geometry":{"type":"Point","coordinates":[-79.509288,43.7789]},"properties":{"name":"Pioneer Village Station Bus Bay 12","band":1,"modes":"bus","arr":["108","166","935"],"off":[0,-5.2]}},{"type":"Feature","geometry":{"type":"Point","coordinates":[-79.509288,43.7789]},"properties":{"line":"108","mode":"bus","color":"#0059a9","colorDark":"#00294f","band":1,"off":[-3.4,1.1]}},{"type":"Feature","geometry":{"type":"Point","coordinates":[-79.509288,43.7789]},"properties":{"line":"166","mode":"bus","color":"#0059a9","colorDark":"#00294f","band":1,"off":[0,1.1]}},{"type":"Feature","geometry":{"type":"Point","coordinates":[-79.509288,43.7789]},"properties":{"line":"935","mode":"bus","color":"#0059a9","colorDark":"#00294f","band":1,"off":[3.4,1.1]}},{"type":"Feature","geometry":{"type":"Point","coordinates":[-79.433419,43.731328]},"properties":{"name":"Neptune Dr at Bathurst St","band":1,"modes":"bus","arr":["109"],"off":[0,-0.8]}},{"type":"Feature","geometry":{"type":"Point","coordinates":[-79.433419,43.731328]},"properties":{"line":"109","mode":"bus","color":"#0059a9","colorDark":"#00294f","band":1,"off":[0,1.1]}},{"type":"Feature","geometry":{"type":"Point","coordinates":[-79.543709,43.592123]},"properties":{"name":"Long Branch Loop","band":1,"modes":"bus,tram","arr":["110","123","315","507"],"off":[0,-0.8]}},{"type":"Feature","geometry":{"type":"Point","coordinates":[-79.543709,43.592123]},"properties":{"line":"110","mode":"bus","color":"#0059a9","colorDark":"#00294f","band":1,"off":[-5.1,1.1]}},{"type":"Feature","geometry":{"type":"Point","coordinates":[-79.543709,43.592123]},"properties":{"line":"123","mode":"bus","color":"#0059a9","colorDark":"#00294f","band":1,"off":[-1.7,1.1]}},{"type":"Feature","geometry":{"type":"Point","coordinates":[-79.543709,43.592123]},"properties":{"line":"315","mode":"bus","color":"#0059a9","colorDark":"#00294f","band":1,"off":[1.7,1.1]}},{"type":"Feature","geometry":{"type":"Point","coordinates":[-79.543709,43.592123]},"properties":{"line":"507","mode":"tram","color":"#d6212b","colorDark":"#7c1116","band":1,"off":[5.1,1.1]}},{"type":"Feature","geometry":{"type":"Point","coordinates":[-79.568557,43.675782]},"properties":{"name":"Willowridge Rd at Richgrove Dr","band":1,"modes":"bus","arr":["111"],"off":[0,-0.8]}},{"type":"Feature","geometry":{"type":"Point","coordinates":[-79.568557,43.675782]},"properties":{"line":"111","mode":"bus","color":"#0059a9","colorDark":"#00294f","band":1,"off":[0,1.1]}},{"type":"Feature","geometry":{"type":"Point","coordinates":[-79.590951,43.677192]},"properties":{"name":"International Blvd at Carlingview Dr East Side","band":1,"modes":"bus","arr":["112"],"off":[0,-0.8]}},{"type":"Feature","geometry":{"type":"Point","coordinates":[-79.590951,43.677192]},"properties":{"name":"Carlingview Dr at Renforth Dr","band":1,"modes":"bus","arr":["112"],"off":[0,-4.1]}},{"type":"Feature","geometry":{"type":"Point","coordinates":[-79.590951,43.677192]},"properties":{"line":"112","mode":"bus","color":"#0059a9","colorDark":"#00294f","band":1,"off":[0,1.1]}},{"type":"Feature","geometry":{"type":"Point","coordinates":[-79.364608,43.762617]},"properties":{"name":"Davean Dr at Woodsworth Rd West Side","band":1,"modes":"bus","arr":["115"],"off":[0,-0.8]}},{"type":"Feature","geometry":{"type":"Point","coordinates":[-79.364608,43.762617]},"properties":{"line":"115","mode":"bus","color":"#0059a9","colorDark":"#00294f","band":1,"off":[0,1.1]}},{"type":"Feature","geometry":{"type":"Point","coordinates":[-79.263491,43.734205]},"properties":{"name":"Kennedy Station at Bus Bay 3","band":1,"modes":"bus","arr":["116","129","201","903","904","939"],"off":[0,-0.8]}},{"type":"Feature","geometry":{"type":"Point","coordinates":[-79.263491,43.734205]},"properties":{"name":"Kennedy Station at Bus Bay 15 (Platform B)","band":1,"modes":"bus","arr":["116","129","201","903","904","939"],"off":[0,-3]}},{"type":"Feature","geometry":{"type":"Point","coordinates":[-79.263491,43.734205]},"properties":{"name":"Kennedy Station at Bus Bay 11","band":1,"modes":"bus","arr":["116","129","201","903","904","939"],"off":[0,-6.3]}},{"type":"Feature","geometry":{"type":"Point","coordinates":[-79.263491,43.734205]},"properties":{"line":"116","mode":"bus","color":"#0059a9","colorDark":"#00294f","band":1,"off":[-6.8,1.1]}},{"type":"Feature","geometry":{"type":"Point","coordinates":[-79.263491,43.734205]},"properties":{"line":"129","mode":"bus","color":"#0059a9","colorDark":"#00294f","band":1,"off":[-3.4,1.1]}},{"type":"Feature","geometry":{"type":"Point","coordinates":[-79.263491,43.734205]},"properties":{"line":"201","mode":"bus","color":"#0059a9","colorDark":"#00294f","band":1,"off":[0,1.1]}},{"type":"Feature","geometry":{"type":"Point","coordinates":[-79.263491,43.734205]},"properties":{"line":"903","mode":"bus","color":"#0059a9","colorDark":"#00294f","band":1,"off":[3.4,1.1]}},{"type":"Feature","geometry":{"type":"Point","coordinates":[-79.263491,43.734205]},"properties":{"line":"904","mode":"bus","color":"#0059a9","colorDark":"#00294f","band":1,"off":[6.8,1.1]}},{"type":"Feature","geometry":{"type":"Point","coordinates":[-79.263491,43.734205]},"properties":{"line":"939","mode":"bus","color":"#0059a9","colorDark":"#00294f","band":1,"off":[0,3.1]}},{"type":"Feature","geometry":{"type":"Point","coordinates":[-79.28862,43.692977]},"properties":{"name":"Victoria Park Station at Bus Bay 3","band":1,"modes":"bus","arr":["117"],"off":[0,-0.8]}},{"type":"Feature","geometry":{"type":"Point","coordinates":[-79.28862,43.692977]},"properties":{"line":"117","mode":"bus","color":"#0059a9","colorDark":"#00294f","band":1,"off":[0,1.1]}},{"type":"Feature","geometry":{"type":"Point","coordinates":[-79.559432,43.737071]},"properties":{"name":"Thistle Down Blvd at Barkwin Dr West Side","band":1,"modes":"bus","arr":["118"],"off":[0,-0.8]}},{"type":"Feature","geometry":{"type":"Point","coordinates":[-79.559432,43.737071]},"properties":{"line":"118","mode":"bus","color":"#0059a9","colorDark":"#00294f","band":1,"off":[0,1.1]}},{"type":"Feature","geometry":{"type":"Point","coordinates":[-79.450722,43.737887]},"properties":{"name":"Wilson Station at Bus Bay 8","band":1,"modes":"bus","arr":["118","119","120"],"off":[0,-0.8]}},{"type":"Feature","geometry":{"type":"Point","coordinates":[-79.450722,43.737887]},"properties":{"name":"Wilson Station at Bus Bay 6","band":1,"modes":"bus","arr":["118","119","120"],"off":[0,-3]}},{"type":"Feature","geometry":{"type":"Point","coordinates":[-79.450722,43.737887]},"properties":{"name":"Wilson Station at Bus Bay 5","band":1,"modes":"bus","arr":["118","119","120"],"off":[0,-5.2]}},{"type":"Feature","geometry":{"type":"Point","coordinates":[-79.450722,43.737887]},"properties":{"line":"118","mode":"bus","color":"#0059a9","colorDark":"#00294f","band":1,"off":[-3.4,1.1]}},{"type":"Feature","geometry":{"type":"Point","coordinates":[-79.450722,43.737887]},"properties":{"line":"119","mode":"bus","color":"#0059a9","colorDark":"#00294f","band":1,"off":[0,1.1]}},{"type":"Feature","geometry":{"type":"Point","coordinates":[-79.450722,43.737887]},"properties":{"line":"120","mode":"bus","color":"#0059a9","colorDark":"#00294f","band":1,"off":[3.4,1.1]}},{"type":"Feature","geometry":{"type":"Point","coordinates":[-79.553016,43.751636]},"properties":{"name":"Milvan Dr at Penn Drive S North Side","band":1,"modes":"bus","arr":["119","166"],"off":[0,-0.8]}},{"type":"Feature","geometry":{"type":"Point","coordinates":[-79.553016,43.751636]},"properties":{"name":"Milvan Dr at Penn Dr (South)","band":1,"modes":"bus","arr":["119","166"],"off":[0,-3]}},{"type":"Feature","geometry":{"type":"Point","coordinates":[-79.553016,43.751636]},"properties":{"line":"119","mode":"bus","color":"#0059a9","colorDark":"#00294f","band":1,"off":[-1.7,1.1]}},{"type":"Feature","geometry":{"type":"Point","coordinates":[-79.553016,43.751636]},"properties":{"line":"166","mode":"bus","color":"#0059a9","colorDark":"#00294f","band":1,"off":[1.7,1.1]}},{"type":"Feature","geometry":{"type":"Point","coordinates":[-79.501214,43.740852]},"properties":{"name":"Northover St at Sheppard Ave West South Side","band":1,"modes":"bus","arr":["120"],"off":[0,-0.8]}},{"type":"Feature","geometry":{"type":"Point","coordinates":[-79.501214,43.740852]},"properties":{"line":"120","mode":"bus","color":"#0059a9","colorDark":"#00294f","band":1,"off":[0,1.1]}},{"type":"Feature","geometry":{"type":"Point","coordinates":[-79.535649,43.639086]},"properties":{"name":"Kipling Station at Bus Bay 7","band":1,"modes":"bus","arr":["123","149","900","927"],"off":[0,-0.8]}},{"type":"Feature","geometry":{"type":"Point","coordinates":[-79.535649,43.639086]},"properties":{"name":"Kipling Station at Bus Bay 4","band":1,"modes":"bus","arr":["123","149","900","927"],"off":[0,-3]}},{"type":"Feature","geometry":{"type":"Point","coordinates":[-79.535649,43.639086]},"properties":{"name":"Kipling Station at Bus Bay 3","band":1,"modes":"bus","arr":["123","149","900","927"],"off":[0,-5.2]}},{"type":"Feature","geometry":{"type":"Point","coordinates":[-79.535649,43.639086]},"properties":{"line":"123","mode":"bus","color":"#0059a9","colorDark":"#00294f","band":1,"off":[-5.1,1.1]}},{"type":"Feature","geometry":{"type":"Point","coordinates":[-79.535649,43.639086]},"properties":{"line":"149","mode":"bus","color":"#0059a9","colorDark":"#00294f","band":1,"off":[-1.7,1.1]}},{"type":"Feature","geometry":{"type":"Point","coordinates":[-79.535649,43.639086]},"properties":{"line":"900","mode":"bus","color":"#0059a9","colorDark":"#00294f","band":1,"off":[1.7,1.1]}},{"type":"Feature","geometry":{"type":"Point","coordinates":[-79.535649,43.639086]},"properties":{"line":"927","mode":"bus","color":"#0059a9","colorDark":"#00294f","band":1,"off":[5.1,1.1]}},{"type":"Feature","geometry":{"type":"Point","coordinates":[-79.451785,43.779444]},"properties":{"name":"Antibes Dr (South) at Torresdale Ave East Side","band":1,"modes":"bus","arr":["125"],"off":[0,-0.8]}},{"type":"Feature","geometry":{"type":"Point","coordinates":[-79.451785,43.779444]},"properties":{"line":"125","mode":"bus","color":"#0059a9","colorDark":"#00294f","band":1,"off":[0,1.1]}},{"type":"Feature","geometry":{"type":"Point","coordinates":[-79.418619,43.664114]},"properties":{"name":"Christie Station North Side","band":1,"modes":"bus","arr":["126"],"off":[0,-0.8]}},{"type":"Feature","geometry":{"type":"Point","coordinates":[-79.418619,43.664114]},"properties":{"line":"126","mode":"bus","color":"#0059a9","colorDark":"#00294f","band":1,"off":[0,1.1]}},{"type":"Feature","geometry":{"type":"Point","coordinates":[-79.463494,43.674074]},"properties":{"name":"Townsley Loop at Tonwsley St","band":1,"modes":"bus","arr":["127"],"off":[0,-0.8]}},{"type":"Feature","geometry":{"type":"Point","coordinates":[-79.463494,43.674074]},"properties":{"line":"127","mode":"bus","color":"#0059a9","colorDark":"#00294f","band":1,"off":[0,1.1]}},{"type":"Feature","geometry":{"type":"Point","coordinates":[-79.304829,43.900709]},"properties":{"name":"Major Mackenzie Dr East at Ridgecrest Rd","band":1,"modes":"bus","arr":["129"],"off":[0,-0.8]}},{"type":"Feature","geometry":{"type":"Point","coordinates":[-79.304829,43.900709]},"properties":{"line":"129","mode":"bus","color":"#0059a9","colorDark":"#00294f","band":1,"off":[0,1.1]}},{"type":"Feature","geometry":{"type":"Point","coordinates":[-79.268323,43.83508]},"properties":{"name":"Middlefield Rd Loop at Steeles Ave East","band":1,"modes":"bus","arr":["130"],"off":[0,-0.8]}},{"type":"Feature","geometry":{"type":"Point","coordinates":[-79.268323,43.83508]},"properties":{"line":"130","mode":"bus","color":"#0059a9","colorDark":"#00294f","band":1,"off":[0,1.1]}},{"type":"Feature","geometry":{"type":"Point","coordinates":[-79.213462,43.814362]},"properties":{"name":"Sewells Rd at Hupfield Trail West Side","band":1,"modes":"bus","arr":["132"],"off":[0,-0.8]}},{"type":"Feature","geometry":{"type":"Point","coordinates":[-79.213462,43.814362]},"properties":{"line":"132","mode":"bus","color":"#0059a9","colorDark":"#00294f","band":1,"off":[0,1.1]}},{"type":"Feature","geometry":{"type":"Point","coordinates":[-79.225859,43.812373]},"properties":{"name":"Neilson Rd at Crow Trail","band":1,"modes":"bus","arr":["339"],"off":[0,-0.8]}},{"type":"Feature","geometry":{"type":"Point","coordinates":[-79.225859,43.812373]},"properties":{"line":"339","mode":"bus","color":"#0059a9","colorDark":"#00294f","band":1,"off":[0,1.1]}},{"type":"Feature","geometry":{"type":"Point","coordinates":[-79.232191,43.817131]},"properties":{"name":"Finchdene Sq (East) at Finchdene Sq (South)","band":1,"modes":"bus","arr":["134"],"off":[0,-0.8]}},{"type":"Feature","geometry":{"type":"Point","coordinates":[-79.232191,43.817131]},"properties":{"line":"134","mode":"bus","color":"#0059a9","colorDark":"#00294f","band":1,"off":[0,1.1]}},{"type":"Feature","geometry":{"type":"Point","coordinates":[-79.237881,43.81886]},"properties":{"name":"Newgale Gate at Finchdene Sq West Side","band":1,"modes":"bus","arr":["334","339","353"],"off":[0,-0.8]}},{"type":"Feature","geometry":{"type":"Point","coordinates":[-79.237881,43.81886]},"properties":{"name":"Newgale Gate at Finchdene Sq","band":1,"modes":"bus","arr":["334","339","353"],"off":[0,-4.1]}},{"type":"Feature","geometry":{"type":"Point","coordinates":[-79.237881,43.81886]},"properties":{"line":"334","mode":"bus","color":"#0059a9","colorDark":"#00294f","band":1,"off":[-3.4,1.1]}},{"type":"Feature","geometry":{"type":"Point","coordinates":[-79.237881,43.81886]},"properties":{"line":"339","mode":"bus","color":"#0059a9","colorDark":"#00294f","band":1,"off":[0,1.1]}},{"type":"Feature","geometry":{"type":"Point","coordinates":[-79.237881,43.81886]},"properties":{"line":"353","mode":"bus","color":"#0059a9","colorDark":"#00294f","band":1,"off":[3.4,1.1]}},{"type":"Feature","geometry":{"type":"Point","coordinates":[-79.258465,43.771907]},"properties":{"name":"Scarborough Centre Station at Bus Bay 2","band":1,"modes":"bus","arr":["134","996"],"off":[0,-0.8]}},{"type":"Feature","geometry":{"type":"Point","coordinates":[-79.258465,43.771907]},"properties":{"name":"Scarborough Centre Station at Bus Bay 11","band":1,"modes":"bus","arr":["134","996"],"off":[0,-4.1]}},{"type":"Feature","geometry":{"type":"Point","coordinates":[-79.258465,43.771907]},"properties":{"line":"134","mode":"bus","color":"#0059a9","colorDark":"#00294f","band":1,"off":[-1.7,1.1]}},{"type":"Feature","geometry":{"type":"Point","coordinates":[-79.258465,43.771907]},"properties":{"line":"996","mode":"bus","color":"#0059a9","colorDark":"#00294f","band":1,"off":[1.7,1.1]}},{"type":"Feature","geometry":{"type":"Point","coordinates":[-79.173436,43.79042]},"properties":{"name":"Morrish Rd at Ellesmere Rd","band":1,"modes":"bus","arr":["154"],"off":[0,-0.8]}},{"type":"Feature","geometry":{"type":"Point","coordinates":[-79.173436,43.79042]},"properties":{"line":"154","mode":"bus","color":"#0059a9","colorDark":"#00294f","band":1,"off":[0,1.1]}},{"type":"Feature","geometry":{"type":"Point","coordinates":[-79.474949,43.690673]},"properties":{"name":"Keelesdale Station at Bus Bay 4","band":1,"modes":"bus","arr":["158"],"off":[0,-0.8]}},{"type":"Feature","geometry":{"type":"Point","coordinates":[-79.474949,43.690673]},"properties":{"line":"158","mode":"bus","color":"#0059a9","colorDark":"#00294f","band":1,"off":[0,1.1]}},{"type":"Feature","geometry":{"type":"Point","coordinates":[-79.448364,43.802903]},"properties":{"name":"Bathurst St at Clark Ave West South Side","band":1,"modes":"bus","arr":["160"],"off":[0,-0.8]}},{"type":"Feature","geometry":{"type":"Point","coordinates":[-79.448364,43.802903]},"properties":{"line":"160","mode":"bus","color":"#0059a9","colorDark":"#00294f","band":1,"off":[0,1.1]}},{"type":"Feature","geometry":{"type":"Point","coordinates":[-79.450906,43.734926]},"properties":{"name":"Wilson Station at Lower Bus Bay 8","band":1,"modes":"bus","arr":["160","184"],"off":[0,-0.8]}},{"type":"Feature","geometry":{"type":"Point","coordinates":[-79.450906,43.734926]},"properties":{"name":"Wilson Station at Lower Bus Bay 4","band":1,"modes":"bus","arr":["160","184"],"off":[0,-3]}},{"type":"Feature","geometry":{"type":"Point","coordinates":[-79.450906,43.734926]},"properties":{"line":"160","mode":"bus","color":"#0059a9","colorDark":"#00294f","band":1,"off":[-1.7,1.1]}},{"type":"Feature","geometry":{"type":"Point","coordinates":[-79.450906,43.734926]},"properties":{"line":"184","mode":"bus","color":"#0059a9","colorDark":"#00294f","band":1,"off":[1.7,1.1]}},{"type":"Feature","geometry":{"type":"Point","coordinates":[-79.426747,43.66119]},"properties":{"name":"Ossington Station at Bus Bay 3","band":1,"modes":"bus","arr":["161"],"off":[0,-0.8]}},{"type":"Feature","geometry":{"type":"Point","coordinates":[-79.426747,43.66119]},"properties":{"line":"161","mode":"bus","color":"#0059a9","colorDark":"#00294f","band":1,"off":[0,1.1]}},{"type":"Feature","geometry":{"type":"Point","coordinates":[-79.337804,43.720057]},"properties":{"name":"Don Valley Station at Temporary Bus Bay 5","band":1,"modes":"bus","arr":["162","191"],"off":[0,-0.8]}},{"type":"Feature","geometry":{"type":"Point","coordinates":[-79.337804,43.720057]},"properties":{"line":"162","mode":"bus","color":"#0059a9","colorDark":"#00294f","band":1,"off":[-1.7,1.1]}},{"type":"Feature","geometry":{"type":"Point","coordinates":[-79.337804,43.720057]},"properties":{"line":"191","mode":"bus","color":"#0059a9","colorDark":"#00294f","band":1,"off":[1.7,1.1]}},{"type":"Feature","geometry":{"type":"Point","coordinates":[-79.545776,43.764768]},"properties":{"name":"Ormont Dr at Weston Rd","band":1,"modes":"bus","arr":["165"],"off":[0,-0.8]}},{"type":"Feature","geometry":{"type":"Point","coordinates":[-79.545776,43.764768]},"properties":{"line":"165","mode":"bus","color":"#0059a9","colorDark":"#00294f","band":1,"off":[0,1.1]}},{"type":"Feature","geometry":{"type":"Point","coordinates":[-79.543437,43.771141]},"properties":{"name":"Old Weston Rd at Steeles Ave West","band":1,"modes":"bus","arr":["989"],"off":[0,-0.8]}},{"type":"Feature","geometry":{"type":"Point","coordinates":[-79.543437,43.771141]},"properties":{"line":"989","mode":"bus","color":"#0059a9","colorDark":"#00294f","band":1,"off":[0,1.1]}},{"type":"Feature","geometry":{"type":"Point","coordinates":[-79.346659,43.778605]},"properties":{"name":"Don Mills Station at Bus Bay 15","band":1,"modes":"bus","arr":["169","185","904","985"],"off":[0,-0.8]}},{"type":"Feature","geometry":{"type":"Point","coordinates":[-79.346659,43.778605]},"properties":{"name":"Don Mills Station at Bus Bay 14","band":1,"modes":"bus","arr":["169","185","904","985"],"off":[0,-3]}},{"type":"Feature","geometry":{"type":"Point","coordinates":[-79.346659,43.778605]},"properties":{"name":"Don Mills Station at Bus Bay 10","band":1,"modes":"bus","arr":["169","185","904","985"],"off":[0,-5.2]}},{"type":"Feature","geometry":{"type":"Point","coordinates":[-79.346659,43.778605]},"properties":{"line":"169","mode":"bus","color":"#0059a9","colorDark":"#00294f","band":1,"off":[-5.1,1.1]}},{"type":"Feature","geometry":{"type":"Point","coordinates":[-79.346659,43.778605]},"properties":{"line":"185","mode":"bus","color":"#0059a9","colorDark":"#00294f","band":1,"off":[-1.7,1.1]}},{"type":"Feature","geometry":{"type":"Point","coordinates":[-79.346659,43.778605]},"properties":{"line":"904","mode":"bus","color":"#0059a9","colorDark":"#00294f","band":1,"off":[1.7,1.1]}},{"type":"Feature","geometry":{"type":"Point","coordinates":[-79.346659,43.778605]},"properties":{"line":"985","mode":"bus","color":"#0059a9","colorDark":"#00294f","band":1,"off":[5.1,1.1]}},{"type":"Feature","geometry":{"type":"Point","coordinates":[-79.495259,43.676247]},"properties":{"name":"Alliance Ave at Jane St","band":1,"modes":"bus","arr":["171"],"off":[0,-0.8]}},{"type":"Feature","geometry":{"type":"Point","coordinates":[-79.495259,43.676247]},"properties":{"line":"171","mode":"bus","color":"#0059a9","colorDark":"#00294f","band":1,"off":[0,1.1]}},{"type":"Feature","geometry":{"type":"Point","coordinates":[-79.467874,43.736581]},"properties":{"name":"Ancaster Rd at Powell Rd South Side","band":1,"modes":"bus","arr":["184"],"off":[0,-0.8]}},{"type":"Feature","geometry":{"type":"Point","coordinates":[-79.467874,43.736581]},"properties":{"line":"184","mode":"bus","color":"#0059a9","colorDark":"#00294f","band":1,"off":[0,1.1]}},{"type":"Feature","geometry":{"type":"Point","coordinates":[-79.497207,43.666448]},"properties":{"name":"2672 St Clair Ave West","band":1,"modes":"bus","arr":["189"],"off":[0,-0.8]}},{"type":"Feature","geometry":{"type":"Point","coordinates":[-79.497207,43.666448]},"properties":{"line":"189","mode":"bus","color":"#0059a9","colorDark":"#00294f","band":1,"off":[0,1.1]}},{"type":"Feature","geometry":{"type":"Point","coordinates":[-79.460436,43.657745]},"properties":{"name":"Keele St at Bloor St West - Keele Station","band":1,"modes":"bus","arr":["341"],"off":[0,-0.8]}},{"type":"Feature","geometry":{"type":"Point","coordinates":[-79.460436,43.657745]},"properties":{"name":"66 Keele St","band":1,"modes":"bus","arr":["341"],"off":[0,-4.1]}},{"type":"Feature","geometry":{"type":"Point","coordinates":[-79.460436,43.657745]},"properties":{"line":"341","mode":"bus","color":"#0059a9","colorDark":"#00294f","band":1,"off":[0,1.1]}},{"type":"Feature","geometry":{"type":"Point","coordinates":[-79.471674,43.671878]},"properties":{"name":"Gunns Loop at St Clair Ave West","band":1,"modes":"tram,bus","arr":["312","340","512"],"off":[0,-0.8]}},{"type":"Feature","geometry":{"type":"Point","coordinates":[-79.471674,43.671878]},"properties":{"line":"312","mode":"tram","color":"#d6212b","colorDark":"#7c1116","band":1,"off":[-3.4,1.1]}},{"type":"Feature","geometry":{"type":"Point","coordinates":[-79.471674,43.671878]},"properties":{"line":"340","mode":"bus","color":"#0059a9","colorDark":"#00294f","band":1,"off":[0,1.1]}},{"type":"Feature","geometry":{"type":"Point","coordinates":[-79.471674,43.671878]},"properties":{"line":"512","mode":"tram","color":"#d6212b","colorDark":"#7c1116","band":1,"off":[3.4,1.1]}},{"type":"Feature","geometry":{"type":"Point","coordinates":[-79.228584,43.712869]},"properties":{"name":"Scarborough Bluffs Beach Loop at Bluffers Park","band":1,"modes":"bus","arr":["201"],"off":[0,-0.8]}},{"type":"Feature","geometry":{"type":"Point","coordinates":[-79.228584,43.712869]},"properties":{"line":"201","mode":"bus","color":"#0059a9","colorDark":"#00294f","band":1,"off":[0,1.1]}},{"type":"Feature","geometry":{"type":"Point","coordinates":[-79.344416,43.637007]},"properties":{"name":"Cherry Beach Loop at Clarke Beach","band":1,"modes":"bus","arr":["202"],"off":[0,-0.8]}},{"type":"Feature","geometry":{"type":"Point","coordinates":[-79.344416,43.637007]},"properties":{"line":"202","mode":"bus","color":"#0059a9","colorDark":"#00294f","band":1,"off":[0,1.1]}},{"type":"Feature","geometry":{"type":"Point","coordinates":[-79.46485,43.645536]},"properties":{"name":"Colborne Lodge Dr at Centre Rd","band":1,"modes":"bus","arr":["203"],"off":[0,-0.8]}},{"type":"Feature","geometry":{"type":"Point","coordinates":[-79.46485,43.645536]},"properties":{"line":"203","mode":"bus","color":"#0059a9","colorDark":"#00294f","band":1,"off":[0,1.1]}},{"type":"Feature","geometry":{"type":"Point","coordinates":[-79.618252,43.688157]},"properties":{"name":"Toronto Pearson Airport - Viscount Station","band":1,"modes":"bus","arr":["300","352","900","906","952"],"off":[0,-0.8]}},{"type":"Feature","geometry":{"type":"Point","coordinates":[-79.618252,43.688157]},"properties":{"name":"Pearson Airport Terminal 3 (Arrivals Level Columns C8-C12)","band":1,"modes":"bus","arr":["300","352","900","906","952"],"off":[0,-4.1]}},{"type":"Feature","geometry":{"type":"Point","coordinates":[-79.618252,43.688157]},"properties":{"line":"300","mode":"bus","color":"#0059a9","colorDark":"#00294f","band":1,"off":[-6.8,1.1]}},{"type":"Feature","geometry":{"type":"Point","coordinates":[-79.618252,43.688157]},"properties":{"line":"352","mode":"bus","color":"#0059a9","colorDark":"#00294f","band":1,"off":[-3.4,1.1]}},{"type":"Feature","geometry":{"type":"Point","coordinates":[-79.618252,43.688157]},"properties":{"line":"900","mode":"bus","color":"#0059a9","colorDark":"#00294f","band":1,"off":[0,1.1]}},{"type":"Feature","geometry":{"type":"Point","coordinates":[-79.618252,43.688157]},"properties":{"line":"906","mode":"bus","color":"#0059a9","colorDark":"#00294f","band":1,"off":[3.4,1.1]}},{"type":"Feature","geometry":{"type":"Point","coordinates":[-79.618252,43.688157]},"properties":{"line":"952","mode":"bus","color":"#0059a9","colorDark":"#00294f","band":1,"off":[6.8,1.1]}},{"type":"Feature","geometry":{"type":"Point","coordinates":[-79.611087,43.681868]},"properties":{"name":"Pearson Airport Terminal 1 (Ground Level Column R4)","band":1,"modes":"bus","arr":["300","352","900","952"],"off":[0,-0.8]}},{"type":"Feature","geometry":{"type":"Point","coordinates":[-79.611087,43.681868]},"properties":{"line":"300","mode":"bus","color":"#0059a9","colorDark":"#00294f","band":1,"off":[-5.1,1.1]}},{"type":"Feature","geometry":{"type":"Point","coordinates":[-79.611087,43.681868]},"properties":{"line":"352","mode":"bus","color":"#0059a9","colorDark":"#00294f","band":1,"off":[-1.7,1.1]}},{"type":"Feature","geometry":{"type":"Point","coordinates":[-79.611087,43.681868]},"properties":{"line":"900","mode":"bus","color":"#0059a9","colorDark":"#00294f","band":1,"off":[1.7,1.1]}},{"type":"Feature","geometry":{"type":"Point","coordinates":[-79.611087,43.681868]},"properties":{"line":"952","mode":"bus","color":"#0059a9","colorDark":"#00294f","band":1,"off":[5.1,1.1]}},{"type":"Feature","geometry":{"type":"Point","coordinates":[-79.41518,43.636437]},"properties":{"name":"Exhibition Loop at Manitoba Dr","band":1,"modes":"bus,tram","arr":["307","329","363","509","511"],"off":[0,-0.8]}},{"type":"Feature","geometry":{"type":"Point","coordinates":[-79.41518,43.636437]},"properties":{"name":"Exhibition Loop","band":1,"modes":"bus,tram","arr":["307","329","363","509","511"],"off":[0,-3]}},{"type":"Feature","geometry":{"type":"Point","coordinates":[-79.41518,43.636437]},"properties":{"line":"307","mode":"bus","color":"#0059a9","colorDark":"#00294f","band":1,"off":[-6.8,1.1]}},{"type":"Feature","geometry":{"type":"Point","coordinates":[-79.41518,43.636437]},"properties":{"line":"329","mode":"bus","color":"#0059a9","colorDark":"#00294f","band":1,"off":[-3.4,1.1]}},{"type":"Feature","geometry":{"type":"Point","coordinates":[-79.41518,43.636437]},"properties":{"line":"363","mode":"bus","color":"#0059a9","colorDark":"#00294f","band":1,"off":[0,1.1]}},{"type":"Feature","geometry":{"type":"Point","coordinates":[-79.41518,43.636437]},"properties":{"line":"509","mode":"tram","color":"#d6212b","colorDark":"#7c1116","band":1,"off":[3.4,1.1]}},{"type":"Feature","geometry":{"type":"Point","coordinates":[-79.41518,43.636437]},"properties":{"line":"511","mode":"tram","color":"#d6212b","colorDark":"#7c1116","band":1,"off":[6.8,1.1]}},{"type":"Feature","geometry":{"type":"Point","coordinates":[-79.275157,43.83242]},"properties":{"name":"McCowan Rd Loop at Steeles Ave East","band":1,"modes":"bus","arr":["316"],"off":[0,-0.8]}},{"type":"Feature","geometry":{"type":"Point","coordinates":[-79.275157,43.83242]},"properties":{"line":"316","mode":"bus","color":"#0059a9","colorDark":"#00294f","band":1,"off":[0,1.1]}},{"type":"Feature","geometry":{"type":"Point","coordinates":[-79.375188,43.642135]},"properties":{"name":"Yonge St at Queens Quay East North Side","band":1,"modes":"bus","arr":["320"],"off":[0,-0.8]}},{"type":"Feature","geometry":{"type":"Point","coordinates":[-79.375188,43.642135]},"properties":{"line":"320","mode":"bus","color":"#0059a9","colorDark":"#00294f","band":1,"off":[0,1.1]}},{"type":"Feature","geometry":{"type":"Point","coordinates":[-79.436636,43.697497]},"properties":{"name":"Eglinton Ave West at Everden Rd (Eglinton West Sta","band":1,"modes":"bus","arr":["363"],"off":[0,-0.8]}},{"type":"Feature","geometry":{"type":"Point","coordinates":[-79.436636,43.697497]},"properties":{"name":"Cedarvale Station at Bus Bay 2","band":1,"modes":"bus","arr":["363"],"off":[0,-4.1]}},{"type":"Feature","geometry":{"type":"Point","coordinates":[-79.436636,43.697497]},"properties":{"line":"363","mode":"bus","color":"#0059a9","colorDark":"#00294f","band":1,"off":[0,1.1]}},{"type":"Feature","geometry":{"type":"Point","coordinates":[-79.576507,43.764114]},"properties":{"name":"Steeles Ave West Loop at Islington Ave","band":1,"modes":"bus","arr":["337","384","937"],"off":[0,-0.8]}},{"type":"Feature","geometry":{"type":"Point","coordinates":[-79.576507,43.764114]},"properties":{"line":"337","mode":"bus","color":"#0059a9","colorDark":"#00294f","band":1,"off":[-3.4,1.1]}},{"type":"Feature","geometry":{"type":"Point","coordinates":[-79.576507,43.764114]},"properties":{"line":"384","mode":"bus","color":"#0059a9","colorDark":"#00294f","band":1,"off":[0,1.1]}},{"type":"Feature","geometry":{"type":"Point","coordinates":[-79.576507,43.764114]},"properties":{"line":"937","mode":"bus","color":"#0059a9","colorDark":"#00294f","band":1,"off":[3.4,1.1]}},{"type":"Feature","geometry":{"type":"Point","coordinates":[-79.506534,43.600756]},"properties":{"name":"Eighth St at Lake Shore Blvd West North Side","band":1,"modes":"bus","arr":["337"],"off":[0,-0.8]}},{"type":"Feature","geometry":{"type":"Point","coordinates":[-79.506534,43.600756]},"properties":{"line":"337","mode":"bus","color":"#0059a9","colorDark":"#00294f","band":1,"off":[0,1.1]}},{"type":"Feature","geometry":{"type":"Point","coordinates":[-79.411271,43.757882]},"properties":{"name":"Sheppard-Yonge Station at Bus Bay 6/6A","band":1,"modes":"metro,bus","arr":["4","385","984"],"off":[0,-0.8]}},{"type":"Feature","geometry":{"type":"Point","coordinates":[-79.411271,43.757882]},"properties":{"name":"Sheppard-Yonge Station","band":1,"modes":"metro,bus","arr":["4","385","984"],"off":[0,-4.1]}},{"type":"Feature","geometry":{"type":"Point","coordinates":[-79.411271,43.757882]},"properties":{"name":"Sheppard Ave East at Yonge St","band":1,"modes":"metro,bus","arr":["4","385","984"],"off":[0,-6.3]}},{"type":"Feature","geometry":{"type":"Point","coordinates":[-79.411271,43.757882]},"properties":{"line":"4","mode":"tram","color":"#B300B3","colorDark":"#620062","band":1,"metro":1,"off":[-3.4,1.1]}},{"type":"Feature","geometry":{"type":"Point","coordinates":[-79.411271,43.757882]},"properties":{"line":"385","mode":"bus","color":"#0059a9","colorDark":"#00294f","band":1,"off":[0,1.1]}},{"type":"Feature","geometry":{"type":"Point","coordinates":[-79.411271,43.757882]},"properties":{"line":"984","mode":"bus","color":"#0059a9","colorDark":"#00294f","band":1,"off":[3.4,1.1]}},{"type":"Feature","geometry":{"type":"Point","coordinates":[-79.170819,43.809172]},"properties":{"name":"Meadowvale Loop at Sheppard Ave East","band":1,"modes":"bus","arr":["386","985","986"],"off":[0,-0.8]}},{"type":"Feature","geometry":{"type":"Point","coordinates":[-79.170819,43.809172]},"properties":{"line":"386","mode":"bus","color":"#0059a9","colorDark":"#00294f","band":1,"off":[-3.4,1.1]}},{"type":"Feature","geometry":{"type":"Point","coordinates":[-79.170819,43.809172]},"properties":{"line":"985","mode":"bus","color":"#0059a9","colorDark":"#00294f","band":1,"off":[0,1.1]}},{"type":"Feature","geometry":{"type":"Point","coordinates":[-79.170819,43.809172]},"properties":{"line":"986","mode":"bus","color":"#0059a9","colorDark":"#00294f","band":1,"off":[3.4,1.1]}},{"type":"Feature","geometry":{"type":"Point","coordinates":[-79.405931,43.744903]},"properties":{"name":"York Mills Station at Bus Bay 8","band":1,"modes":"bus","arr":["396","995"],"off":[0,-0.8]}},{"type":"Feature","geometry":{"type":"Point","coordinates":[-79.405931,43.744903]},"properties":{"name":"York Mills Rd at Yonge St East Side","band":1,"modes":"bus","arr":["396","995"],"off":[0,-3]}},{"type":"Feature","geometry":{"type":"Point","coordinates":[-79.405931,43.744903]},"properties":{"name":"York Mills Rd at Yonge St","band":1,"modes":"bus","arr":["396","995"],"off":[0,-5.2]}},{"type":"Feature","geometry":{"type":"Point","coordinates":[-79.405931,43.744903]},"properties":{"line":"396","mode":"bus","color":"#0059a9","colorDark":"#00294f","band":1,"off":[-1.7,1.1]}},{"type":"Feature","geometry":{"type":"Point","coordinates":[-79.405931,43.744903]},"properties":{"line":"995","mode":"bus","color":"#0059a9","colorDark":"#00294f","band":1,"off":[1.7,1.1]}},{"type":"Feature","geometry":{"type":"Point","coordinates":[-79.488142,43.723559]},"properties":{"name":"Humber River Hospital","band":1,"modes":"bus","arr":["400"],"off":[0,-0.8]}},{"type":"Feature","geometry":{"type":"Point","coordinates":[-79.488142,43.723559]},"properties":{"line":"400","mode":"bus","color":"#0059a9","colorDark":"#00294f","band":1,"off":[0,1.1]}},{"type":"Feature","geometry":{"type":"Point","coordinates":[-79.433223,43.73797]},"properties":{"name":"270 Wilson Ave - No Frills","band":1,"modes":"bus","arr":["400"],"off":[0,-0.8]}},{"type":"Feature","geometry":{"type":"Point","coordinates":[-79.433223,43.73797]},"properties":{"line":"400","mode":"bus","color":"#0059a9","colorDark":"#00294f","band":1,"off":[0,1.1]}},{"type":"Feature","geometry":{"type":"Point","coordinates":[-79.434105,43.655969]},"properties":{"name":"Dufferin Mall","band":1,"modes":"bus","arr":["402"],"off":[0,-0.8]}},{"type":"Feature","geometry":{"type":"Point","coordinates":[-79.434105,43.655969]},"properties":{"line":"402","mode":"bus","color":"#0059a9","colorDark":"#00294f","band":1,"off":[0,1.1]}},{"type":"Feature","geometry":{"type":"Point","coordinates":[-79.432323,43.635329]},"properties":{"name":"Toronto Rehab - Bickle Centre at 130 Dunn Ave","band":1,"modes":"bus","arr":["402"],"off":[0,-0.8]}},{"type":"Feature","geometry":{"type":"Point","coordinates":[-79.432323,43.635329]},"properties":{"line":"402","mode":"bus","color":"#0059a9","colorDark":"#00294f","band":1,"off":[0,1.1]}},{"type":"Feature","geometry":{"type":"Point","coordinates":[-79.345589,43.733828]},"properties":{"name":"1050 Don Mills Rd - Shops On Don Mills","band":1,"modes":"bus","arr":["403"],"off":[0,-0.8]}},{"type":"Feature","geometry":{"type":"Point","coordinates":[-79.345589,43.733828]},"properties":{"line":"403","mode":"bus","color":"#0059a9","colorDark":"#00294f","band":1,"off":[0,1.1]}},{"type":"Feature","geometry":{"type":"Point","coordinates":[-79.552446,43.680683]},"properties":{"name":"1540 Kipling Ave - Richview Residence - Kipling Building","band":1,"modes":"bus","arr":["405"],"off":[0,-0.8]}},{"type":"Feature","geometry":{"type":"Point","coordinates":[-79.552446,43.680683]},"properties":{"line":"405","mode":"bus","color":"#0059a9","colorDark":"#00294f","band":1,"off":[0,1.1]}},{"type":"Feature","geometry":{"type":"Point","coordinates":[-79.507803,43.689578]},"properties":{"name":"170 Emmett Ave - West Park Healthcare Centre - Main Entrance","band":1,"modes":"bus","arr":["405"],"off":[0,-0.8]}},{"type":"Feature","geometry":{"type":"Point","coordinates":[-79.507803,43.689578]},"properties":{"line":"405","mode":"bus","color":"#0059a9","colorDark":"#00294f","band":1,"off":[0,1.1]}},{"type":"Feature","geometry":{"type":"Point","coordinates":[-79.197532,43.754507]},"properties":{"name":"130 Westlake Rd - Guildwood Station","band":1,"modes":"bus","arr":["406"],"off":[0,-0.8]}},{"type":"Feature","geometry":{"type":"Point","coordinates":[-79.197532,43.754507]},"properties":{"line":"406","mode":"bus","color":"#0059a9","colorDark":"#00294f","band":1,"off":[0,1.1]}},{"type":"Feature","geometry":{"type":"Point","coordinates":[-79.242302,43.835741]},"properties":{"name":"Morningside Ave at Passmore Ave - Amazon Fulfillment Centre","band":1,"modes":"bus","arr":["902"],"off":[0,-0.8]}},{"type":"Feature","geometry":{"type":"Point","coordinates":[-79.242302,43.835741]},"properties":{"line":"902","mode":"bus","color":"#0059a9","colorDark":"#00294f","band":1,"off":[0,1.1]}},{"type":"Feature","geometry":{"type":"Point","coordinates":[-79.229602,43.786078]},"properties":{"name":"Centennial College Bus Terminal","band":1,"modes":"bus","arr":["903"],"off":[0,-0.8]}},{"type":"Feature","geometry":{"type":"Point","coordinates":[-79.229602,43.786078]},"properties":{"line":"903","mode":"bus","color":"#0059a9","colorDark":"#00294f","band":1,"off":[0,1.1]}},{"type":"Feature","geometry":{"type":"Point","coordinates":[-79.264366,43.729927]},"properties":{"name":"Kennedy Station at Bus Bay 5","band":1,"modes":"metro,bus","arr":["2","5","905","986"],"off":[0,-0.8]}},{"type":"Feature","geometry":{"type":"Point","coordinates":[-79.264366,43.729927]},"properties":{"name":"Kennedy Station - Subway Platform","band":1,"modes":"metro,bus","arr":["2","5","905","986"],"off":[0,-3]}},{"type":"Feature","geometry":{"type":"Point","coordinates":[-79.264366,43.729927]},"properties":{"name":"Kennedy Station","band":1,"modes":"metro,bus","arr":["2","5","905","986"],"off":[0,-5.2]}},{"type":"Feature","geometry":{"type":"Point","coordinates":[-79.264366,43.729927]},"properties":{"line":"2","mode":"tram","color":"#008000","colorDark":"#004600","band":1,"metro":1,"off":[-5.1,1.1]}},{"type":"Feature","geometry":{"type":"Point","coordinates":[-79.264366,43.729927]},"properties":{"line":"5","mode":"tram","color":"#FF8000","colorDark":"#8c4600","band":1,"metro":1,"off":[-1.7,1.1]}},{"type":"Feature","geometry":{"type":"Point","coordinates":[-79.264366,43.729927]},"properties":{"line":"905","mode":"bus","color":"#0059a9","colorDark":"#00294f","band":1,"off":[1.7,1.1]}},{"type":"Feature","geometry":{"type":"Point","coordinates":[-79.264366,43.729927]},"properties":{"line":"986","mode":"bus","color":"#0059a9","colorDark":"#00294f","band":1,"off":[5.1,1.1]}},{"type":"Feature","geometry":{"type":"Point","coordinates":[-79.185568,43.78435]},"properties":{"name":"University of Toronto Scarborough","band":1,"modes":"bus","arr":["905","995"],"off":[0,-0.8]}},{"type":"Feature","geometry":{"type":"Point","coordinates":[-79.185568,43.78435]},"properties":{"line":"905","mode":"bus","color":"#0059a9","colorDark":"#00294f","band":1,"off":[-1.7,1.1]}},{"type":"Feature","geometry":{"type":"Point","coordinates":[-79.185568,43.78435]},"properties":{"line":"995","mode":"bus","color":"#0059a9","colorDark":"#00294f","band":1,"off":[1.7,1.1]}},{"type":"Feature","geometry":{"type":"Point","coordinates":[-79.483614,43.648961]},"properties":{"name":"Jane Station at Bus Bay 4","band":1,"modes":"bus","arr":["935"],"off":[0,-0.8]}},{"type":"Feature","geometry":{"type":"Point","coordinates":[-79.483614,43.648961]},"properties":{"line":"935","mode":"bus","color":"#0059a9","colorDark":"#00294f","band":1,"off":[0,1.1]}},{"type":"Feature","geometry":{"type":"Point","coordinates":[-79.490967,43.762878]},"properties":{"name":"Finch West Station Bus Bay 4","band":1,"modes":"metro,bus","arr":["6","939"],"off":[0,-0.8]}},{"type":"Feature","geometry":{"type":"Point","coordinates":[-79.490967,43.762878]},"properties":{"name":"Finch West Station - Subway Platform","band":1,"modes":"metro,bus","arr":["6","939"],"off":[0,-3]}},{"type":"Feature","geometry":{"type":"Point","coordinates":[-79.490967,43.762878]},"properties":{"name":"Finch West Station","band":1,"modes":"metro,bus","arr":["6","939"],"off":[0,-5.2]}},{"type":"Feature","geometry":{"type":"Point","coordinates":[-79.490967,43.762878]},"properties":{"line":"6","mode":"tram","color":"#808080","colorDark":"#464646","band":1,"metro":1,"off":[-1.7,1.1]}},{"type":"Feature","geometry":{"type":"Point","coordinates":[-79.490967,43.762878]},"properties":{"line":"939","mode":"bus","color":"#0059a9","colorDark":"#00294f","band":1,"off":[1.7,1.1]}},{"type":"Feature","geometry":{"type":"Point","coordinates":[-79.402223,43.724121]},"properties":{"name":"Lawrence Station at Bus Bay 1","band":1,"modes":"bus","arr":["952"],"off":[0,-0.8]}},{"type":"Feature","geometry":{"type":"Point","coordinates":[-79.402223,43.724121]},"properties":{"line":"952","mode":"bus","color":"#0059a9","colorDark":"#00294f","band":1,"off":[0,1.1]}},{"type":"Feature","geometry":{"type":"Point","coordinates":[-79.624921,43.752764]},"properties":{"name":"Signal Hill Ave at Steeles Ave West","band":1,"modes":"bus","arr":["960"],"off":[0,-0.8]}},{"type":"Feature","geometry":{"type":"Point","coordinates":[-79.624921,43.752764]},"properties":{"line":"960","mode":"bus","color":"#0059a9","colorDark":"#00294f","band":1,"off":[0,1.1]}},{"type":"Feature","geometry":{"type":"Point","coordinates":[-79.478718,43.630998]},"properties":{"name":"Humber Loop at the Queensway","band":1,"modes":"tram","arr":["301","501","507"],"off":[0,-0.8]}},{"type":"Feature","geometry":{"type":"Point","coordinates":[-79.478718,43.630998]},"properties":{"line":"301","mode":"tram","color":"#d6212b","colorDark":"#7c1116","band":1,"off":[-3.4,1.1]}},{"type":"Feature","geometry":{"type":"Point","coordinates":[-79.478718,43.630998]},"properties":{"line":"501","mode":"tram","color":"#d6212b","colorDark":"#7c1116","band":1,"off":[0,1.1]}},{"type":"Feature","geometry":{"type":"Point","coordinates":[-79.478718,43.630998]},"properties":{"line":"507","mode":"tram","color":"#d6212b","colorDark":"#7c1116","band":1,"off":[3.4,1.1]}},{"type":"Feature","geometry":{"type":"Point","coordinates":[-79.282556,43.67368]},"properties":{"name":"Queen St East at Neville Park Blvd","band":1,"modes":"tram","arr":["301","501"],"off":[0,-0.8]}},{"type":"Feature","geometry":{"type":"Point","coordinates":[-79.282556,43.67368]},"properties":{"line":"301","mode":"tram","color":"#d6212b","colorDark":"#7c1116","band":1,"off":[-1.7,1.1]}},{"type":"Feature","geometry":{"type":"Point","coordinates":[-79.282556,43.67368]},"properties":{"line":"501","mode":"tram","color":"#d6212b","colorDark":"#7c1116","band":1,"off":[1.7,1.1]}},{"type":"Feature","geometry":{"type":"Point","coordinates":[-79.35843,43.677197]},"properties":{"name":"Broadview Station at Bay 6","band":1,"modes":"tram","arr":["304","305","505"],"off":[0,-0.8]}},{"type":"Feature","geometry":{"type":"Point","coordinates":[-79.35843,43.677197]},"properties":{"name":"Broadview Ave at Danforth Ave","band":1,"modes":"tram","arr":["304","305","505"],"off":[0,-3]}},{"type":"Feature","geometry":{"type":"Point","coordinates":[-79.35843,43.677197]},"properties":{"line":"304","mode":"tram","color":"#d6212b","colorDark":"#7c1116","band":1,"off":[-3.4,1.1]}},{"type":"Feature","geometry":{"type":"Point","coordinates":[-79.35843,43.677197]},"properties":{"line":"305","mode":"tram","color":"#d6212b","colorDark":"#7c1116","band":1,"off":[0,1.1]}},{"type":"Feature","geometry":{"type":"Point","coordinates":[-79.35843,43.677197]},"properties":{"line":"505","mode":"tram","color":"#d6212b","colorDark":"#7c1116","band":1,"off":[3.4,1.1]}},{"type":"Feature","geometry":{"type":"Point","coordinates":[-79.452646,43.654791]},"properties":{"name":"Dundas West Station at Bay 5","band":1,"modes":"tram","arr":["304","305","504","505"],"off":[0,-0.8]}},{"type":"Feature","geometry":{"type":"Point","coordinates":[-79.452646,43.654791]},"properties":{"name":"Dundas West Station at Bay 4","band":1,"modes":"tram","arr":["304","305","504","505"],"off":[0,-3]}},{"type":"Feature","geometry":{"type":"Point","coordinates":[-79.452646,43.654791]},"properties":{"name":"Dundas St West at Bloor St West","band":1,"modes":"tram","arr":["304","305","504","505"],"off":[0,-5.2]}},{"type":"Feature","geometry":{"type":"Point","coordinates":[-79.452646,43.654791]},"properties":{"line":"304","mode":"tram","color":"#d6212b","colorDark":"#7c1116","band":1,"off":[-5.1,1.1]}},{"type":"Feature","geometry":{"type":"Point","coordinates":[-79.452646,43.654791]},"properties":{"line":"305","mode":"tram","color":"#d6212b","colorDark":"#7c1116","band":1,"off":[-1.7,1.1]}},{"type":"Feature","geometry":{"type":"Point","coordinates":[-79.452646,43.654791]},"properties":{"line":"504","mode":"tram","color":"#d6212b","colorDark":"#7c1116","band":1,"off":[1.7,1.1]}},{"type":"Feature","geometry":{"type":"Point","coordinates":[-79.452646,43.654791]},"properties":{"line":"505","mode":"tram","color":"#d6212b","colorDark":"#7c1116","band":1,"off":[5.1,1.1]}},{"type":"Feature","geometry":{"type":"Point","coordinates":[-79.457671,43.64868]},"properties":{"name":"Howard Park Ave at Parkside Dr East Side","band":1,"modes":"tram","arr":["306","506"],"off":[0,-0.8]}},{"type":"Feature","geometry":{"type":"Point","coordinates":[-79.457671,43.64868]},"properties":{"name":"Howard Park Ave at Parkside Dr","band":1,"modes":"tram","arr":["306","506"],"off":[0,-4.1]}},{"type":"Feature","geometry":{"type":"Point","coordinates":[-79.457671,43.64868]},"properties":{"name":"High Park Loop","band":1,"modes":"tram","arr":["306","506"],"off":[0,-6.3]}},{"type":"Feature","geometry":{"type":"Point","coordinates":[-79.457671,43.64868]},"properties":{"line":"306","mode":"tram","color":"#d6212b","colorDark":"#7c1116","band":1,"off":[-1.7,1.1]}},{"type":"Feature","geometry":{"type":"Point","coordinates":[-79.457671,43.64868]},"properties":{"line":"506","mode":"tram","color":"#d6212b","colorDark":"#7c1116","band":1,"off":[1.7,1.1]}},{"type":"Feature","geometry":{"type":"Point","coordinates":[-79.392425,43.686254]},"properties":{"name":"St Clair Station at Bay 2","band":1,"modes":"tram","arr":["312","512"],"off":[0,-0.8]}},{"type":"Feature","geometry":{"type":"Point","coordinates":[-79.392425,43.686254]},"properties":{"name":"St Clair Station at Bay 1","band":1,"modes":"tram","arr":["312","512"],"off":[0,-3]}},{"type":"Feature","geometry":{"type":"Point","coordinates":[-79.392425,43.686254]},"properties":{"line":"312","mode":"tram","color":"#d6212b","colorDark":"#7c1116","band":1,"off":[-1.7,1.1]}},{"type":"Feature","geometry":{"type":"Point","coordinates":[-79.392425,43.686254]},"properties":{"line":"512","mode":"tram","color":"#d6212b","colorDark":"#7c1116","band":1,"off":[1.7,1.1]}},{"type":"Feature","geometry":{"type":"Point","coordinates":[-79.383678,43.649381]},"properties":{"name":"York St at King St West North Side","band":1,"modes":"tram","arr":["503"],"off":[0,-0.8]}},{"type":"Feature","geometry":{"type":"Point","coordinates":[-79.383678,43.649381]},"properties":{"line":"503","mode":"tram","color":"#d6212b","colorDark":"#7c1116","band":1,"off":[0,1.1]}},{"type":"Feature","geometry":{"type":"Point","coordinates":[-79.356986,43.650818]},"properties":{"name":"Distillery Loop","band":1,"modes":"tram","arr":["504"],"off":[0,-0.8]}},{"type":"Feature","geometry":{"type":"Point","coordinates":[-79.356986,43.650818]},"properties":{"line":"504","mode":"tram","color":"#d6212b","colorDark":"#7c1116","band":1,"off":[0,1.1]}},{"type":"Feature","geometry":{"type":"Point","coordinates":[-79.3018,43.689484]},"properties":{"name":"Main Street Station at Bay 7","band":1,"modes":"tram","arr":["506"],"off":[0,-0.8]}},{"type":"Feature","geometry":{"type":"Point","coordinates":[-79.3018,43.689484]},"properties":{"line":"506","mode":"tram","color":"#d6212b","colorDark":"#7c1116","band":1,"off":[0,1.1]}},{"type":"Feature","geometry":{"type":"Point","coordinates":[-79.415694,43.782787]},"properties":{"name":"Finch Station - Subway Platform","band":1,"modes":"metro","arr":["1"],"off":[0,-0.8]}},{"type":"Feature","geometry":{"type":"Point","coordinates":[-79.415694,43.782787]},"properties":{"name":"Finch Station","band":1,"modes":"metro","arr":["1"],"off":[0,-3]}},{"type":"Feature","geometry":{"type":"Point","coordinates":[-79.415694,43.782787]},"properties":{"line":"1","mode":"tram","color":"#D5C82B","colorDark":"#756e18","band":1,"metro":1,"off":[0,1.1]}},{"type":"Feature","geometry":{"type":"Point","coordinates":[-79.52741,43.793792]},"properties":{"name":"Vaughan Metropolitan Centre Station - Subway Platform","band":1,"modes":"metro","arr":["1"],"off":[0,-0.8]}},{"type":"Feature","geometry":{"type":"Point","coordinates":[-79.52741,43.793792]},"properties":{"name":"Vaughan Metropolitan Centre Station","band":1,"modes":"metro","arr":["1"],"off":[0,-4.1]}},{"type":"Feature","geometry":{"type":"Point","coordinates":[-79.52741,43.793792]},"properties":{"line":"1","mode":"tram","color":"#D5C82B","colorDark":"#756e18","band":1,"metro":1,"off":[0,1.1]}},{"type":"Feature","geometry":{"type":"Point","coordinates":[-79.535362,43.636448]},"properties":{"name":"Kipling Station - Subway Platform","band":1,"modes":"metro","arr":["2"],"off":[0,-0.8]}},{"type":"Feature","geometry":{"type":"Point","coordinates":[-79.535362,43.636448]},"properties":{"name":"Kipling Station","band":1,"modes":"metro","arr":["2"],"off":[0,-3]}},{"type":"Feature","geometry":{"type":"Point","coordinates":[-79.535362,43.636448]},"properties":{"line":"2","mode":"tram","color":"#008000","colorDark":"#004600","band":1,"metro":1,"off":[0,1.1]}},{"type":"Feature","geometry":{"type":"Point","coordinates":[-79.347223,43.775966]},"properties":{"name":"Don Mills Station - Subway Platform","band":1,"modes":"metro","arr":["4"],"off":[0,-0.8]}},{"type":"Feature","geometry":{"type":"Point","coordinates":[-79.347223,43.775966]},"properties":{"name":"Don Mills Station","band":1,"modes":"metro","arr":["4"],"off":[0,-3]}},{"type":"Feature","geometry":{"type":"Point","coordinates":[-79.347223,43.775966]},"properties":{"line":"4","mode":"tram","color":"#B300B3","colorDark":"#620062","band":1,"metro":1,"off":[0,1.1]}},{"type":"Feature","geometry":{"type":"Point","coordinates":[-79.409806,43.762177]},"properties":{"name":"Sheppard-Yonge Station - Subway Platform","band":1,"modes":"metro","arr":["4"],"off":[0,-0.8]}},{"type":"Feature","geometry":{"type":"Point","coordinates":[-79.409806,43.762177]},"properties":{"line":"4","mode":"tram","color":"#B300B3","colorDark":"#620062","band":1,"metro":1,"off":[0,1.1]}},{"type":"Feature","geometry":{"type":"Point","coordinates":[-79.48642,43.688964]},"properties":{"name":"Mount Dennis Station","band":1,"modes":"metro","arr":["5"],"off":[0,-0.8]}},{"type":"Feature","geometry":{"type":"Point","coordinates":[-79.48642,43.688964]},"properties":{"line":"5","mode":"tram","color":"#FF8000","colorDark":"#8c4600","band":1,"metro":1,"off":[0,1.1]}},{"type":"Feature","geometry":{"type":"Point","coordinates":[-79.444647,43.790798]},"properties":{"name":"Greenwin Village Rd at Bathurst St","band":2,"modes":"bus","arr":["7","307"],"off":[0,-0.8]}},{"type":"Feature","geometry":{"type":"Point","coordinates":[-79.444647,43.790798]},"properties":{"line":"7","mode":"bus","color":"#0059a9","colorDark":"#00294f","band":2,"off":[-1.7,1.1]}},{"type":"Feature","geometry":{"type":"Point","coordinates":[-79.444647,43.790798]},"properties":{"line":"307","mode":"bus","color":"#0059a9","colorDark":"#00294f","band":2,"off":[1.7,1.1]}},{"type":"Feature","geometry":{"type":"Point","coordinates":[-79.411156,43.666305]},"properties":{"name":"Bathurst Station at Bus Bay 3","band":2,"modes":"bus,tram","arr":["7","511"],"off":[0,-0.8]}},{"type":"Feature","geometry":{"type":"Point","coordinates":[-79.411156,43.666305]},"properties":{"name":"Bathurst Station at Bay 6","band":2,"modes":"bus,tram","arr":["7","511"],"off":[0,-3]}},{"type":"Feature","geometry":{"type":"Point","coordinates":[-79.411156,43.666305]},"properties":{"line":"7","mode":"bus","color":"#0059a9","colorDark":"#00294f","band":2,"off":[-1.7,1.1]}},{"type":"Feature","geometry":{"type":"Point","coordinates":[-79.411156,43.666305]},"properties":{"line":"511","mode":"tram","color":"#d6212b","colorDark":"#7c1116","band":2,"off":[1.7,1.1]}},{"type":"Feature","geometry":{"type":"Point","coordinates":[-79.444394,43.792584]},"properties":{"name":"Steeles Ave West at Bathurst St East Side","band":2,"modes":"bus","arr":["307"],"off":[0,-0.8]}},{"type":"Feature","geometry":{"type":"Point","coordinates":[-79.444394,43.792584]},"properties":{"line":"307","mode":"bus","color":"#0059a9","colorDark":"#00294f","band":2,"off":[0,1.1]}},{"type":"Feature","geometry":{"type":"Point","coordinates":[-79.280212,43.712]},"properties":{"name":"Warden Station at Temporary Bus Bay 8","band":2,"modes":"bus","arr":["8","9","16","17","68"],"off":[0,-0.8]}},{"type":"Feature","geometry":{"type":"Point","coordinates":[-79.280212,43.712]},"properties":{"name":"Warden Station at Temporary Bus Bay 5","band":2,"modes":"bus","arr":["8","9","16","17","68"],"off":[0,-4.1]}},{"type":"Feature","geometry":{"type":"Point","coordinates":[-79.280212,43.712]},"properties":{"name":"Warden Station at Temporary Bus Bay 3","band":2,"modes":"bus","arr":["8","9","16","17","68"],"off":[0,-7.4]}},{"type":"Feature","geometry":{"type":"Point","coordinates":[-79.280212,43.712]},"properties":{"line":"8","mode":"bus","color":"#0059a9","colorDark":"#00294f","band":2,"off":[-6.8,1.1]}},{"type":"Feature","geometry":{"type":"Point","coordinates":[-79.280212,43.712]},"properties":{"line":"9","mode":"bus","color":"#0059a9","colorDark":"#00294f","band":2,"off":[-3.4,1.1]}},{"type":"Feature","geometry":{"type":"Point","coordinates":[-79.280212,43.712]},"properties":{"line":"16","mode":"bus","color":"#0059a9","colorDark":"#00294f","band":2,"off":[0,1.1]}},{"type":"Feature","geometry":{"type":"Point","coordinates":[-79.280212,43.712]},"properties":{"line":"17","mode":"bus","color":"#0059a9","colorDark":"#00294f","band":2,"off":[3.4,1.1]}},{"type":"Feature","geometry":{"type":"Point","coordinates":[-79.280212,43.712]},"properties":{"line":"68","mode":"bus","color":"#0059a9","colorDark":"#00294f","band":2,"off":[6.8,1.1]}},{"type":"Feature","geometry":{"type":"Point","coordinates":[-79.354904,43.665298]},"properties":{"name":"Jack Layton Way at St Matthews Rd","band":2,"modes":"bus","arr":["8","62","121"],"off":[0,-0.8]}},{"type":"Feature","geometry":{"type":"Point","coordinates":[-79.354904,43.665298]},"properties":{"name":"Gerrard St East at St Matthews Rd","band":2,"modes":"bus","arr":["8","62","121"],"off":[0,-3]}},{"type":"Feature","geometry":{"type":"Point","coordinates":[-79.354904,43.665298]},"properties":{"line":"8","mode":"bus","color":"#0059a9","colorDark":"#00294f","band":2,"off":[-3.4,1.1]}},{"type":"Feature","geometry":{"type":"Point","coordinates":[-79.354904,43.665298]},"properties":{"line":"62","mode":"bus","color":"#0059a9","colorDark":"#00294f","band":2,"off":[0,1.1]}},{"type":"Feature","geometry":{"type":"Point","coordinates":[-79.354904,43.665298]},"properties":{"line":"121","mode":"bus","color":"#0059a9","colorDark":"#00294f","band":2,"off":[3.4,1.1]}},{"type":"Feature","geometry":{"type":"Point","coordinates":[-79.358566,43.674758]},"properties":{"name":"Broadview Station at Bus Bay 5","band":2,"modes":"bus","arr":["25","87","322"],"off":[0,-0.8]}},{"type":"Feature","geometry":{"type":"Point","coordinates":[-79.358566,43.674758]},"properties":{"name":"Broadview Station at Bus Bay 4","band":2,"modes":"bus","arr":["25","87","322"],"off":[0,-3]}},{"type":"Feature","geometry":{"type":"Point","coordinates":[-79.358566,43.674758]},"properties":{"name":"Broadview Ave at Erindale Ave","band":2,"modes":"bus","arr":["25","87","322"],"off":[0,-5.2]}},{"type":"Feature","geometry":{"type":"Point","coordinates":[-79.358566,43.674758]},"properties":{"line":"25","mode":"bus","color":"#0059a9","colorDark":"#00294f","band":2,"off":[-3.4,1.1]}},{"type":"Feature","geometry":{"type":"Point","coordinates":[-79.358566,43.674758]},"properties":{"line":"87","mode":"bus","color":"#0059a9","colorDark":"#00294f","band":2,"off":[0,1.1]}},{"type":"Feature","geometry":{"type":"Point","coordinates":[-79.358566,43.674758]},"properties":{"line":"322","mode":"bus","color":"#0059a9","colorDark":"#00294f","band":2,"off":[3.4,1.1]}},{"type":"Feature","geometry":{"type":"Point","coordinates":[-79.258221,43.775629]},"properties":{"name":"Scarborough Centre Station at Bus Bay 9","band":2,"modes":"bus","arr":["9","16","130","132","169","406"],"off":[0,-0.8]}},{"type":"Feature","geometry":{"type":"Point","coordinates":[-79.258221,43.775629]},"properties":{"name":"Scarborough Centre Station at Bus Bay 12","band":2,"modes":"bus","arr":["9","16","130","132","169","406"],"off":[0,-4.1]}},{"type":"Feature","geometry":{"type":"Point","coordinates":[-79.258221,43.775629]},"properties":{"name":"Scarborough Centre Station at Bus Bay 10","band":2,"modes":"bus","arr":["9","16","130","132","169","406"],"off":[0,-7.4]}},{"type":"Feature","geometry":{"type":"Point","coordinates":[-79.258221,43.775629]},"properties":{"line":"9","mode":"bus","color":"#0059a9","colorDark":"#00294f","band":2,"off":[-6.8,1.1]}},{"type":"Feature","geometry":{"type":"Point","coordinates":[-79.258221,43.775629]},"properties":{"line":"16","mode":"bus","color":"#0059a9","colorDark":"#00294f","band":2,"off":[-3.4,1.1]}},{"type":"Feature","geometry":{"type":"Point","coordinates":[-79.258221,43.775629]},"properties":{"line":"130","mode":"bus","color":"#0059a9","colorDark":"#00294f","band":2,"off":[0,1.1]}},{"type":"Feature","geometry":{"type":"Point","coordinates":[-79.258221,43.775629]},"properties":{"line":"132","mode":"bus","color":"#0059a9","colorDark":"#00294f","band":2,"off":[3.4,1.1]}},{"type":"Feature","geometry":{"type":"Point","coordinates":[-79.258221,43.775629]},"properties":{"line":"169","mode":"bus","color":"#0059a9","colorDark":"#00294f","band":2,"off":[6.8,1.1]}},{"type":"Feature","geometry":{"type":"Point","coordinates":[-79.258221,43.775629]},"properties":{"line":"406","mode":"bus","color":"#0059a9","colorDark":"#00294f","band":2,"off":[0,3.1]}},{"type":"Feature","geometry":{"type":"Point","coordinates":[-79.346303,43.775327]},"properties":{"name":"Don Mills Station at Bus Bay 9","band":2,"modes":"bus","arr":["10","85","167"],"off":[0,-0.8]}},{"type":"Feature","geometry":{"type":"Point","coordinates":[-79.346303,43.775327]},"properties":{"name":"Don Mills Station at Bus Bay 13","band":2,"modes":"bus","arr":["10","85","167"],"off":[0,-3]}},{"type":"Feature","geometry":{"type":"Point","coordinates":[-79.346303,43.775327]},"properties":{"name":"Don Mills Station at Bus Bay 11","band":2,"modes":"bus","arr":["10","85","167"],"off":[0,-5.2]}},{"type":"Feature","geometry":{"type":"Point","coordinates":[-79.346303,43.775327]},"properties":{"line":"10","mode":"bus","color":"#0059a9","colorDark":"#00294f","band":2,"off":[-3.4,1.1]}},{"type":"Feature","geometry":{"type":"Point","coordinates":[-79.346303,43.775327]},"properties":{"line":"85","mode":"bus","color":"#0059a9","colorDark":"#00294f","band":2,"off":[0,1.1]}},{"type":"Feature","geometry":{"type":"Point","coordinates":[-79.346303,43.775327]},"properties":{"line":"167","mode":"bus","color":"#0059a9","colorDark":"#00294f","band":2,"off":[3.4,1.1]}},{"type":"Feature","geometry":{"type":"Point","coordinates":[-79.33489,43.787721]},"properties":{"name":"Brian Ave at Van Horne Ave","band":2,"modes":"bus","arr":["10"],"off":[0,-0.8]}},{"type":"Feature","geometry":{"type":"Point","coordinates":[-79.33489,43.787721]},"properties":{"line":"10","mode":"bus","color":"#0059a9","colorDark":"#00294f","band":2,"off":[0,1.1]}},{"type":"Feature","geometry":{"type":"Point","coordinates":[-79.3974,43.80342]},"properties":{"name":"Steeles Ave East Loop at Bayview Ave","band":2,"modes":"bus","arr":["11"],"off":[0,-0.8]}},{"type":"Feature","geometry":{"type":"Point","coordinates":[-79.3974,43.80342]},"properties":{"line":"11","mode":"bus","color":"#0059a9","colorDark":"#00294f","band":2,"off":[0,1.1]}},{"type":"Feature","geometry":{"type":"Point","coordinates":[-79.376414,43.722226]},"properties":{"name":"Raab Blvd at Hospital Rd West Side (K & L Wings)","band":2,"modes":"bus","arr":["124","352"],"off":[0,-0.8]}},{"type":"Feature","geometry":{"type":"Point","coordinates":[-79.376414,43.722226]},"properties":{"name":"Hospital Rd at Wellness Way East Side - Sunnybrook Main Entr","band":2,"modes":"bus","arr":["124","352"],"off":[0,-4.1]}},{"type":"Feature","geometry":{"type":"Point","coordinates":[-79.376414,43.722226]},"properties":{"line":"124","mode":"bus","color":"#0059a9","colorDark":"#00294f","band":2,"off":[-1.7,1.1]}},{"type":"Feature","geometry":{"type":"Point","coordinates":[-79.376414,43.722226]},"properties":{"line":"352","mode":"bus","color":"#0059a9","colorDark":"#00294f","band":2,"off":[1.7,1.1]}},{"type":"Feature","geometry":{"type":"Point","coordinates":[-79.396942,43.697715]},"properties":{"name":"Davisville Station at Bus Bay 5","band":2,"modes":"bus","arr":["11","14","28"],"off":[0,-0.8]}},{"type":"Feature","geometry":{"type":"Point","coordinates":[-79.396942,43.697715]},"properties":{"name":"Davisville Station at Bus Bay 3","band":2,"modes":"bus","arr":["11","14","28"],"off":[0,-3]}},{"type":"Feature","geometry":{"type":"Point","coordinates":[-79.396942,43.697715]},"properties":{"line":"11","mode":"bus","color":"#0059a9","colorDark":"#00294f","band":2,"off":[-3.4,1.1]}},{"type":"Feature","geometry":{"type":"Point","coordinates":[-79.396942,43.697715]},"properties":{"line":"14","mode":"bus","color":"#0059a9","colorDark":"#00294f","band":2,"off":[0,1.1]}},{"type":"Feature","geometry":{"type":"Point","coordinates":[-79.396942,43.697715]},"properties":{"line":"28","mode":"bus","color":"#0059a9","colorDark":"#00294f","band":2,"off":[3.4,1.1]}},{"type":"Feature","geometry":{"type":"Point","coordinates":[-79.288715,43.6947]},"properties":{"name":"Victoria Park Station at Bus Bay 6","band":2,"modes":"bus","arr":["12","24","67","924"],"off":[0,-0.8]}},{"type":"Feature","geometry":{"type":"Point","coordinates":[-79.288715,43.6947]},"properties":{"name":"Victoria Park Station at Bus Bay 4","band":2,"modes":"bus","arr":["12","24","67","924"],"off":[0,-3]}},{"type":"Feature","geometry":{"type":"Point","coordinates":[-79.288715,43.6947]},"properties":{"name":"Victoria Park Station at Bus Bay 2","band":2,"modes":"bus","arr":["12","24","67","924"],"off":[0,-5.2]}},{"type":"Feature","geometry":{"type":"Point","coordinates":[-79.288715,43.6947]},"properties":{"line":"12","mode":"bus","color":"#0059a9","colorDark":"#00294f","band":2,"off":[-5.1,1.1]}},{"type":"Feature","geometry":{"type":"Point","coordinates":[-79.288715,43.6947]},"properties":{"line":"24","mode":"bus","color":"#0059a9","colorDark":"#00294f","band":2,"off":[-1.7,1.1]}},{"type":"Feature","geometry":{"type":"Point","coordinates":[-79.288715,43.6947]},"properties":{"line":"67","mode":"bus","color":"#0059a9","colorDark":"#00294f","band":2,"off":[1.7,1.1]}},{"type":"Feature","geometry":{"type":"Point","coordinates":[-79.288715,43.6947]},"properties":{"line":"924","mode":"bus","color":"#0059a9","colorDark":"#00294f","band":2,"off":[5.1,1.1]}},{"type":"Feature","geometry":{"type":"Point","coordinates":[-79.193305,43.788937]},"properties":{"name":"Military Trail at Morningside Ave","band":2,"modes":"bus","arr":["12"],"off":[0,-0.8]}},{"type":"Feature","geometry":{"type":"Point","coordinates":[-79.193305,43.788937]},"properties":{"line":"12","mode":"bus","color":"#0059a9","colorDark":"#00294f","band":2,"off":[0,1.1]}},{"type":"Feature","geometry":{"type":"Point","coordinates":[-79.284266,43.681317]},"properties":{"name":"Bingham Loop","band":2,"modes":"bus,tram","arr":["316","322","324","404","503"],"off":[0,-0.8]}},{"type":"Feature","geometry":{"type":"Point","coordinates":[-79.284266,43.681317]},"properties":{"name":"1091 Kingston Rd - Henley Gardens","band":2,"modes":"bus,tram","arr":["316","322","324","404","503"],"off":[0,-1.9]}},{"type":"Feature","geometry":{"type":"Point","coordinates":[-79.284266,43.681317]},"properties":{"line":"316","mode":"bus","color":"#0059a9","colorDark":"#00294f","band":2,"off":[-6.8,1.1]}},{"type":"Feature","geometry":{"type":"Point","coordinates":[-79.284266,43.681317]},"properties":{"line":"322","mode":"bus","color":"#0059a9","colorDark":"#00294f","band":2,"off":[-3.4,1.1]}},{"type":"Feature","geometry":{"type":"Point","coordinates":[-79.284266,43.681317]},"properties":{"line":"324","mode":"bus","color":"#0059a9","colorDark":"#00294f","band":2,"off":[0,1.1]}},{"type":"Feature","geometry":{"type":"Point","coordinates":[-79.284266,43.681317]},"properties":{"line":"404","mode":"bus","color":"#0059a9","colorDark":"#00294f","band":2,"off":[3.4,1.1]}},{"type":"Feature","geometry":{"type":"Point","coordinates":[-79.284266,43.681317]},"properties":{"line":"503","mode":"tram","color":"#d6212b","colorDark":"#7c1116","band":2,"off":[6.8,1.1]}},{"type":"Feature","geometry":{"type":"Point","coordinates":[-79.398957,43.704451]},"properties":{"name":"Eglinton Station at Bus Bay 9","band":2,"modes":"bus","arr":["13","61","74"],"off":[0,-0.8]}},{"type":"Feature","geometry":{"type":"Point","coordinates":[-79.398957,43.704451]},"properties":{"name":"Eglinton Station at Bus Bay 4","band":2,"modes":"bus","arr":["13","61","74"],"off":[0,-3]}},{"type":"Feature","geometry":{"type":"Point","coordinates":[-79.398957,43.704451]},"properties":{"name":"Eglinton Station at Bus Bay 3","band":2,"modes":"bus","arr":["13","61","74"],"off":[0,-5.2]}},{"type":"Feature","geometry":{"type":"Point","coordinates":[-79.398957,43.704451]},"properties":{"line":"13","mode":"bus","color":"#0059a9","colorDark":"#00294f","band":2,"off":[-3.4,1.1]}},{"type":"Feature","geometry":{"type":"Point","coordinates":[-79.398957,43.704451]},"properties":{"line":"61","mode":"bus","color":"#0059a9","colorDark":"#00294f","band":2,"off":[0,1.1]}},{"type":"Feature","geometry":{"type":"Point","coordinates":[-79.398957,43.704451]},"properties":{"line":"74","mode":"bus","color":"#0059a9","colorDark":"#00294f","band":2,"off":[3.4,1.1]}},{"type":"Feature","geometry":{"type":"Point","coordinates":[-79.390227,43.661064]},"properties":{"name":"Queen's Park Cres East at College St North Side","band":2,"modes":"bus","arr":["13"],"off":[0,-0.8]}},{"type":"Feature","geometry":{"type":"Point","coordinates":[-79.390227,43.661064]},"properties":{"line":"13","mode":"bus","color":"#0059a9","colorDark":"#00294f","band":2,"off":[0,1.1]}},{"type":"Feature","geometry":{"type":"Point","coordinates":[-79.464365,43.704743]},"properties":{"name":"Glencairn Ave at Caledonia Rd East Side","band":2,"modes":"bus","arr":["14"],"off":[0,-0.8]}},{"type":"Feature","geometry":{"type":"Point","coordinates":[-79.464365,43.704743]},"properties":{"line":"14","mode":"bus","color":"#0059a9","colorDark":"#00294f","band":2,"off":[0,1.1]}},{"type":"Feature","geometry":{"type":"Point","coordinates":[-79.558018,43.609988]},"properties":{"name":"Sherway Gardens Rd at Sherway Gate Mall)","band":2,"modes":"bus","arr":["15","80"],"off":[0,-0.8]}},{"type":"Feature","geometry":{"type":"Point","coordinates":[-79.558018,43.609988]},"properties":{"name":"Sherway Gardens Rd at Sherway Gate (Mall) West Side","band":2,"modes":"bus","arr":["15","80"],"off":[0,-4.1]}},{"type":"Feature","geometry":{"type":"Point","coordinates":[-79.558018,43.609988]},"properties":{"line":"15","mode":"bus","color":"#0059a9","colorDark":"#00294f","band":2,"off":[-1.7,1.1]}},{"type":"Feature","geometry":{"type":"Point","coordinates":[-79.558018,43.609988]},"properties":{"line":"80","mode":"bus","color":"#0059a9","colorDark":"#00294f","band":2,"off":[1.7,1.1]}},{"type":"Feature","geometry":{"type":"Point","coordinates":[-79.511172,43.646951]},"properties":{"name":"Royal York Station at Bus Bay 3","band":2,"modes":"bus","arr":["15","48","76","315"],"off":[0,-0.8]}},{"type":"Feature","geometry":{"type":"Point","coordinates":[-79.511172,43.646951]},"properties":{"name":"Royal York Station at Bus Bay 2","band":2,"modes":"bus","arr":["15","48","76","315"],"off":[0,-3]}},{"type":"Feature","geometry":{"type":"Point","coordinates":[-79.511172,43.646951]},"properties":{"name":"Royal York Rd at Bloor St West","band":2,"modes":"bus","arr":["15","48","76","315"],"off":[0,-5.2]}},{"type":"Feature","geometry":{"type":"Point","coordinates":[-79.511172,43.646951]},"properties":{"line":"15","mode":"bus","color":"#0059a9","colorDark":"#00294f","band":2,"off":[-5.1,1.1]}},{"type":"Feature","geometry":{"type":"Point","coordinates":[-79.511172,43.646951]},"properties":{"line":"48","mode":"bus","color":"#0059a9","colorDark":"#00294f","band":2,"off":[-1.7,1.1]}},{"type":"Feature","geometry":{"type":"Point","coordinates":[-79.511172,43.646951]},"properties":{"line":"76","mode":"bus","color":"#0059a9","colorDark":"#00294f","band":2,"off":[1.7,1.1]}},{"type":"Feature","geometry":{"type":"Point","coordinates":[-79.511172,43.646951]},"properties":{"line":"315","mode":"bus","color":"#0059a9","colorDark":"#00294f","band":2,"off":[5.1,1.1]}},{"type":"Feature","geometry":{"type":"Point","coordinates":[-79.325039,43.821002]},"properties":{"name":"Warden Loop at Steeles Ave East","band":2,"modes":"bus","arr":["17","324"],"off":[0,-0.8]}},{"type":"Feature","geometry":{"type":"Point","coordinates":[-79.325039,43.821002]},"properties":{"line":"17","mode":"bus","color":"#0059a9","colorDark":"#00294f","band":2,"off":[-1.7,1.1]}},{"type":"Feature","geometry":{"type":"Point","coordinates":[-79.325039,43.821002]},"properties":{"line":"324","mode":"bus","color":"#0059a9","colorDark":"#00294f","band":2,"off":[1.7,1.1]}},{"type":"Feature","geometry":{"type":"Point","coordinates":[-79.448692,43.725904]},"properties":{"name":"Yorkdale Rd at GO Terminal - Yorkdale Station","band":2,"modes":"bus","arr":["18"],"off":[0,-0.8]}},{"type":"Feature","geometry":{"type":"Point","coordinates":[-79.448692,43.725904]},"properties":{"line":"18","mode":"bus","color":"#0059a9","colorDark":"#00294f","band":2,"off":[0,1.1]}},{"type":"Feature","geometry":{"type":"Point","coordinates":[-79.46541,43.69212]},"properties":{"name":"Caledonia Station at Bus Bay 3","band":2,"modes":"bus","arr":["18","47"],"off":[0,-0.8]}},{"type":"Feature","geometry":{"type":"Point","coordinates":[-79.46541,43.69212]},"properties":{"name":"Caledonia Station at Bus Bay 1","band":2,"modes":"bus","arr":["18","47"],"off":[0,-3]}},{"type":"Feature","geometry":{"type":"Point","coordinates":[-79.46541,43.69212]},"properties":{"line":"18","mode":"bus","color":"#0059a9","colorDark":"#00294f","band":2,"off":[-1.7,1.1]}},{"type":"Feature","geometry":{"type":"Point","coordinates":[-79.46541,43.69212]},"properties":{"line":"47","mode":"bus","color":"#0059a9","colorDark":"#00294f","band":2,"off":[1.7,1.1]}},{"type":"Feature","geometry":{"type":"Point","coordinates":[-79.402017,43.675451]},"properties":{"name":"Davenport Rd at Dupont St","band":2,"modes":"bus","arr":["19"],"off":[0,-0.8]}},{"type":"Feature","geometry":{"type":"Point","coordinates":[-79.402017,43.675451]},"properties":{"line":"19","mode":"bus","color":"#0059a9","colorDark":"#00294f","band":2,"off":[0,1.1]}},{"type":"Feature","geometry":{"type":"Point","coordinates":[-79.378604,43.645995]},"properties":{"name":"Union Station Streetcar Platform","band":2,"modes":"bus,tram","arr":["19","114","121","202","310","509","510"],"off":[0,-0.8]}},{"type":"Feature","geometry":{"type":"Point","coordinates":[-79.378604,43.645995]},"properties":{"name":"Front St West at Bay St","band":2,"modes":"bus,tram","arr":["19","114","121","202","310","509","510"],"off":[0,-3]}},{"type":"Feature","geometry":{"type":"Point","coordinates":[-79.378604,43.645995]},"properties":{"name":"1 Front St West - Union Station","band":2,"modes":"bus,tram","arr":["19","114","121","202","310","509","510"],"off":[0,-5.2]}},{"type":"Feature","geometry":{"type":"Point","coordinates":[-79.378604,43.645995]},"properties":{"line":"19","mode":"bus","color":"#0059a9","colorDark":"#00294f","band":2,"off":[-6.8,1.1]}},{"type":"Feature","geometry":{"type":"Point","coordinates":[-79.378604,43.645995]},"properties":{"line":"114","mode":"bus","color":"#0059a9","colorDark":"#00294f","band":2,"off":[-3.4,1.1]}},{"type":"Feature","geometry":{"type":"Point","coordinates":[-79.378604,43.645995]},"properties":{"line":"121","mode":"bus","color":"#0059a9","colorDark":"#00294f","band":2,"off":[0,1.1]}},{"type":"Feature","geometry":{"type":"Point","coordinates":[-79.378604,43.645995]},"properties":{"line":"202","mode":"bus","color":"#0059a9","colorDark":"#00294f","band":2,"off":[3.4,1.1]}},{"type":"Feature","geometry":{"type":"Point","coordinates":[-79.378604,43.645995]},"properties":{"line":"310","mode":"tram","color":"#d6212b","colorDark":"#7c1116","band":2,"off":[6.8,1.1]}},{"type":"Feature","geometry":{"type":"Point","coordinates":[-79.378604,43.645995]},"properties":{"line":"509","mode":"tram","color":"#d6212b","colorDark":"#7c1116","band":2,"off":[-1.7,3.1]}},{"type":"Feature","geometry":{"type":"Point","coordinates":[-79.378604,43.645995]},"properties":{"line":"510","mode":"tram","color":"#d6212b","colorDark":"#7c1116","band":2,"off":[1.7,3.1]}},{"type":"Feature","geometry":{"type":"Point","coordinates":[-79.301669,43.690506]},"properties":{"name":"Main Street Station at Bus Bay 4","band":2,"modes":"bus","arr":["20","23","62","113","135"],"off":[0,-0.8]}},{"type":"Feature","geometry":{"type":"Point","coordinates":[-79.301669,43.690506]},"properties":{"name":"Main Street Station at Bus Bay 2","band":2,"modes":"bus","arr":["20","23","62","113","135"],"off":[0,-3]}},{"type":"Feature","geometry":{"type":"Point","coordinates":[-79.301669,43.690506]},"properties":{"name":"Main Street Station at Bus Bay 1","band":2,"modes":"bus","arr":["20","23","62","113","135"],"off":[0,-5.2]}},{"type":"Feature","geometry":{"type":"Point","coordinates":[-79.301669,43.690506]},"properties":{"line":"20","mode":"bus","color":"#0059a9","colorDark":"#00294f","band":2,"off":[-6.8,1.1]}},{"type":"Feature","geometry":{"type":"Point","coordinates":[-79.301669,43.690506]},"properties":{"line":"23","mode":"bus","color":"#0059a9","colorDark":"#00294f","band":2,"off":[-3.4,1.1]}},{"type":"Feature","geometry":{"type":"Point","coordinates":[-79.301669,43.690506]},"properties":{"line":"62","mode":"bus","color":"#0059a9","colorDark":"#00294f","band":2,"off":[0,1.1]}},{"type":"Feature","geometry":{"type":"Point","coordinates":[-79.301669,43.690506]},"properties":{"line":"113","mode":"bus","color":"#0059a9","colorDark":"#00294f","band":2,"off":[3.4,1.1]}},{"type":"Feature","geometry":{"type":"Point","coordinates":[-79.301669,43.690506]},"properties":{"line":"135","mode":"bus","color":"#0059a9","colorDark":"#00294f","band":2,"off":[6.8,1.1]}},{"type":"Feature","geometry":{"type":"Point","coordinates":[-79.263298,43.736252]},"properties":{"name":"Kennedy Station at Bus Bay 2","band":2,"modes":"bus","arr":["20","21","34","57","113","131"],"off":[0,-0.8]}},{"type":"Feature","geometry":{"type":"Point","coordinates":[-79.263298,43.736252]},"properties":{"name":"Kennedy Station at Bus Bay 14 (Platform B)","band":2,"modes":"bus","arr":["20","21","34","57","113","131"],"off":[0,-3]}},{"type":"Feature","geometry":{"type":"Point","coordinates":[-79.263298,43.736252]},"properties":{"name":"Kennedy Station at Bus Bay 13 (Platform B)","band":2,"modes":"bus","arr":["20","21","34","57","113","131"],"off":[0,-6.3]}},{"type":"Feature","geometry":{"type":"Point","coordinates":[-79.263298,43.736252]},"properties":{"line":"20","mode":"bus","color":"#0059a9","colorDark":"#00294f","band":2,"off":[-6.8,1.1]}},{"type":"Feature","geometry":{"type":"Point","coordinates":[-79.263298,43.736252]},"properties":{"line":"21","mode":"bus","color":"#0059a9","colorDark":"#00294f","band":2,"off":[-3.4,1.1]}},{"type":"Feature","geometry":{"type":"Point","coordinates":[-79.263298,43.736252]},"properties":{"line":"34","mode":"bus","color":"#0059a9","colorDark":"#00294f","band":2,"off":[0,1.1]}},{"type":"Feature","geometry":{"type":"Point","coordinates":[-79.263298,43.736252]},"properties":{"line":"57","mode":"bus","color":"#0059a9","colorDark":"#00294f","band":2,"off":[3.4,1.1]}},{"type":"Feature","geometry":{"type":"Point","coordinates":[-79.263298,43.736252]},"properties":{"line":"113","mode":"bus","color":"#0059a9","colorDark":"#00294f","band":2,"off":[6.8,1.1]}},{"type":"Feature","geometry":{"type":"Point","coordinates":[-79.263298,43.736252]},"properties":{"line":"131","mode":"bus","color":"#0059a9","colorDark":"#00294f","band":2,"off":[0,3.1]}},{"type":"Feature","geometry":{"type":"Point","coordinates":[-79.274999,43.694096]},"properties":{"name":"3450 Danforth Ave","band":2,"modes":"bus","arr":["300"],"off":[0,-0.8]}},{"type":"Feature","geometry":{"type":"Point","coordinates":[-79.274999,43.694096]},"properties":{"line":"300","mode":"bus","color":"#0059a9","colorDark":"#00294f","band":2,"off":[0,1.1]}},{"type":"Feature","geometry":{"type":"Point","coordinates":[-79.287196,43.828633]},"properties":{"name":"Brimley Rd at Steeles Ave East North Side","band":2,"modes":"bus","arr":["21"],"off":[0,-0.8]}},{"type":"Feature","geometry":{"type":"Point","coordinates":[-79.287196,43.828633]},"properties":{"name":"Brimley Rd at Steeles Ave East","band":2,"modes":"bus","arr":["21"],"off":[0,-4.1]}},{"type":"Feature","geometry":{"type":"Point","coordinates":[-79.287196,43.828633]},"properties":{"line":"21","mode":"bus","color":"#0059a9","colorDark":"#00294f","band":2,"off":[0,1.1]}},{"type":"Feature","geometry":{"type":"Point","coordinates":[-79.323042,43.684188]},"properties":{"name":"Coxwell Station at Bus Bay 4","band":2,"modes":"bus","arr":["22","70","404"],"off":[0,-0.8]}},{"type":"Feature","geometry":{"type":"Point","coordinates":[-79.323042,43.684188]},"properties":{"name":"Coxwell Station at Bus Bay 1","band":2,"modes":"bus","arr":["22","70","404"],"off":[0,-3]}},{"type":"Feature","geometry":{"type":"Point","coordinates":[-79.323042,43.684188]},"properties":{"name":"Coxwell Station","band":2,"modes":"bus","arr":["22","70","404"],"off":[0,-5.2]}},{"type":"Feature","geometry":{"type":"Point","coordinates":[-79.323042,43.684188]},"properties":{"line":"22","mode":"bus","color":"#0059a9","colorDark":"#00294f","band":2,"off":[-3.4,1.1]}},{"type":"Feature","geometry":{"type":"Point","coordinates":[-79.323042,43.684188]},"properties":{"line":"70","mode":"bus","color":"#0059a9","colorDark":"#00294f","band":2,"off":[0,1.1]}},{"type":"Feature","geometry":{"type":"Point","coordinates":[-79.323042,43.684188]},"properties":{"line":"404","mode":"bus","color":"#0059a9","colorDark":"#00294f","band":2,"off":[3.4,1.1]}},{"type":"Feature","geometry":{"type":"Point","coordinates":[-79.312629,43.666895]},"properties":{"name":"Eastern Ave at Queen St East South Side","band":2,"modes":"bus","arr":["22","31"],"off":[0,-0.8]}},{"type":"Feature","geometry":{"type":"Point","coordinates":[-79.312629,43.666895]},"properties":{"name":"Eastern Ave at Queen St East","band":2,"modes":"bus","arr":["22","31"],"off":[0,-4.1]}},{"type":"Feature","geometry":{"type":"Point","coordinates":[-79.312629,43.666895]},"properties":{"line":"22","mode":"bus","color":"#0059a9","colorDark":"#00294f","band":2,"off":[-1.7,1.1]}},{"type":"Feature","geometry":{"type":"Point","coordinates":[-79.312629,43.666895]},"properties":{"line":"31","mode":"bus","color":"#0059a9","colorDark":"#00294f","band":2,"off":[1.7,1.1]}},{"type":"Feature","geometry":{"type":"Point","coordinates":[-79.305585,43.704588]},"properties":{"name":"195 Rexleigh Dr","band":2,"modes":"bus","arr":["23"],"off":[0,-0.8]}},{"type":"Feature","geometry":{"type":"Point","coordinates":[-79.305585,43.704588]},"properties":{"line":"23","mode":"bus","color":"#0059a9","colorDark":"#00294f","band":2,"off":[0,1.1]}},{"type":"Feature","geometry":{"type":"Point","coordinates":[-79.341511,43.816634]},"properties":{"name":"Victoria Park Ave Loop at Steeles Ave East","band":2,"modes":"bus","arr":["24","924"],"off":[0,-0.8]}},{"type":"Feature","geometry":{"type":"Point","coordinates":[-79.341511,43.816634]},"properties":{"line":"24","mode":"bus","color":"#0059a9","colorDark":"#00294f","band":2,"off":[-1.7,1.1]}},{"type":"Feature","geometry":{"type":"Point","coordinates":[-79.341511,43.816634]},"properties":{"line":"924","mode":"bus","color":"#0059a9","colorDark":"#00294f","band":2,"off":[1.7,1.1]}},{"type":"Feature","geometry":{"type":"Point","coordinates":[-79.358612,43.809172]},"properties":{"name":"Freshmeadow Dr at Don Mills Rd","band":2,"modes":"bus","arr":["25","151","325","925"],"off":[0,-0.8]}},{"type":"Feature","geometry":{"type":"Point","coordinates":[-79.358612,43.809172]},"properties":{"line":"25","mode":"bus","color":"#0059a9","colorDark":"#00294f","band":2,"off":[-5.1,1.1]}},{"type":"Feature","geometry":{"type":"Point","coordinates":[-79.358612,43.809172]},"properties":{"line":"151","mode":"bus","color":"#0059a9","colorDark":"#00294f","band":2,"off":[-1.7,1.1]}},{"type":"Feature","geometry":{"type":"Point","coordinates":[-79.358612,43.809172]},"properties":{"line":"325","mode":"bus","color":"#0059a9","colorDark":"#00294f","band":2,"off":[1.7,1.1]}},{"type":"Feature","geometry":{"type":"Point","coordinates":[-79.358612,43.809172]},"properties":{"line":"925","mode":"bus","color":"#0059a9","colorDark":"#00294f","band":2,"off":[5.1,1.1]}},{"type":"Feature","geometry":{"type":"Point","coordinates":[-79.483771,43.650684]},"properties":{"name":"Jane Station at Bus Bay 5","band":2,"modes":"bus","arr":["26","27","55","149","335"],"off":[0,-0.8]}},{"type":"Feature","geometry":{"type":"Point","coordinates":[-79.483771,43.650684]},"properties":{"name":"Jane Station at Bus Bay 3","band":2,"modes":"bus","arr":["26","27","55","149","335"],"off":[0,-3]}},{"type":"Feature","geometry":{"type":"Point","coordinates":[-79.483771,43.650684]},"properties":{"name":"Jane Station at Bus Bay 2","band":2,"modes":"bus","arr":["26","27","55","149","335"],"off":[0,-5.2]}},{"type":"Feature","geometry":{"type":"Point","coordinates":[-79.483771,43.650684]},"properties":{"line":"26","mode":"bus","color":"#0059a9","colorDark":"#00294f","band":2,"off":[-6.8,1.1]}},{"type":"Feature","geometry":{"type":"Point","coordinates":[-79.483771,43.650684]},"properties":{"line":"27","mode":"bus","color":"#0059a9","colorDark":"#00294f","band":2,"off":[-3.4,1.1]}},{"type":"Feature","geometry":{"type":"Point","coordinates":[-79.483771,43.650684]},"properties":{"line":"55","mode":"bus","color":"#0059a9","colorDark":"#00294f","band":2,"off":[0,1.1]}},{"type":"Feature","geometry":{"type":"Point","coordinates":[-79.483771,43.650684]},"properties":{"line":"149","mode":"bus","color":"#0059a9","colorDark":"#00294f","band":2,"off":[3.4,1.1]}},{"type":"Feature","geometry":{"type":"Point","coordinates":[-79.483771,43.650684]},"properties":{"line":"335","mode":"bus","color":"#0059a9","colorDark":"#00294f","band":2,"off":[6.8,1.1]}},{"type":"Feature","geometry":{"type":"Point","coordinates":[-79.398075,43.668682]},"properties":{"name":"St George Station at Bus Bay 2","band":2,"modes":"bus","arr":["26"],"off":[0,-0.8]}},{"type":"Feature","geometry":{"type":"Point","coordinates":[-79.398075,43.668682]},"properties":{"line":"26","mode":"bus","color":"#0059a9","colorDark":"#00294f","band":2,"off":[0,1.1]}},{"type":"Feature","geometry":{"type":"Point","coordinates":[-79.487969,43.688067]},"properties":{"name":"Mount Dennis Station at Bus Bay 8","band":2,"modes":"bus","arr":["27","32","34","164","334"],"off":[0,-0.8]}},{"type":"Feature","geometry":{"type":"Point","coordinates":[-79.487969,43.688067]},"properties":{"name":"Mount Dennis Station at Bus Bay 2","band":2,"modes":"bus","arr":["27","32","34","164","334"],"off":[0,-3]}},{"type":"Feature","geometry":{"type":"Point","coordinates":[-79.487969,43.688067]},"properties":{"name":"Mount Dennis Station at Bus Bay 13","band":2,"modes":"bus","arr":["27","32","34","164","334"],"off":[0,-5.2]}},{"type":"Feature","geometry":{"type":"Point","coordinates":[-79.487969,43.688067]},"properties":{"line":"27","mode":"bus","color":"#0059a9","colorDark":"#00294f","band":2,"off":[-6.8,1.1]}},{"type":"Feature","geometry":{"type":"Point","coordinates":[-79.487969,43.688067]},"properties":{"line":"32","mode":"bus","color":"#0059a9","colorDark":"#00294f","band":2,"off":[-3.4,1.1]}},{"type":"Feature","geometry":{"type":"Point","coordinates":[-79.487969,43.688067]},"properties":{"line":"34","mode":"bus","color":"#0059a9","colorDark":"#00294f","band":2,"off":[0,1.1]}},{"type":"Feature","geometry":{"type":"Point","coordinates":[-79.487969,43.688067]},"properties":{"line":"164","mode":"bus","color":"#0059a9","colorDark":"#00294f","band":2,"off":[3.4,1.1]}},{"type":"Feature","geometry":{"type":"Point","coordinates":[-79.487969,43.688067]},"properties":{"line":"334","mode":"bus","color":"#0059a9","colorDark":"#00294f","band":2,"off":[6.8,1.1]}},{"type":"Feature","geometry":{"type":"Point","coordinates":[-79.364811,43.683799]},"properties":{"name":"550 Bayview Ave - Evergreen Brick Works","band":2,"modes":"bus","arr":["28"],"off":[0,-0.8]}},{"type":"Feature","geometry":{"type":"Point","coordinates":[-79.364811,43.683799]},"properties":{"line":"28","mode":"bus","color":"#0059a9","colorDark":"#00294f","band":2,"off":[0,1.1]}},{"type":"Feature","geometry":{"type":"Point","coordinates":[-79.45082,43.732488]},"properties":{"name":"Wilson Station at Lower Bus Bay 2","band":2,"modes":"bus","arr":["29","101","104","929"],"off":[0,-0.8]}},{"type":"Feature","geometry":{"type":"Point","coordinates":[-79.45082,43.732488]},"properties":{"name":"Wilson Station at Bus Bay 7","band":2,"modes":"bus","arr":["29","101","104","929"],"off":[0,-3]}},{"type":"Feature","geometry":{"type":"Point","coordinates":[-79.45082,43.732488]},"properties":{"name":"Wilson Station at Bus Bay 1A","band":2,"modes":"bus","arr":["29","101","104","929"],"off":[0,-5.2]}},{"type":"Feature","geometry":{"type":"Point","coordinates":[-79.45082,43.732488]},"properties":{"line":"29","mode":"bus","color":"#0059a9","colorDark":"#00294f","band":2,"off":[-5.1,1.1]}},{"type":"Feature","geometry":{"type":"Point","coordinates":[-79.45082,43.732488]},"properties":{"line":"101","mode":"bus","color":"#0059a9","colorDark":"#00294f","band":2,"off":[-1.7,1.1]}},{"type":"Feature","geometry":{"type":"Point","coordinates":[-79.45082,43.732488]},"properties":{"line":"104","mode":"bus","color":"#0059a9","colorDark":"#00294f","band":2,"off":[1.7,1.1]}},{"type":"Feature","geometry":{"type":"Point","coordinates":[-79.45082,43.732488]},"properties":{"line":"929","mode":"bus","color":"#0059a9","colorDark":"#00294f","band":2,"off":[5.1,1.1]}},{"type":"Feature","geometry":{"type":"Point","coordinates":[-79.425888,43.63444]},"properties":{"name":"Dufferin Gate Loop","band":2,"modes":"bus","arr":["29","929"],"off":[0,-0.8]}},{"type":"Feature","geometry":{"type":"Point","coordinates":[-79.425888,43.63444]},"properties":{"line":"29","mode":"bus","color":"#0059a9","colorDark":"#00294f","band":2,"off":[-1.7,1.1]}},{"type":"Feature","geometry":{"type":"Point","coordinates":[-79.425888,43.63444]},"properties":{"line":"929","mode":"bus","color":"#0059a9","colorDark":"#00294f","band":2,"off":[1.7,1.1]}},{"type":"Feature","geometry":{"type":"Point","coordinates":[-79.482397,43.665817]},"properties":{"name":"Runnymede Loop at Dundas St West","band":2,"modes":"bus","arr":["30"],"off":[0,-0.8]}},{"type":"Feature","geometry":{"type":"Point","coordinates":[-79.482397,43.665817]},"properties":{"line":"30","mode":"bus","color":"#0059a9","colorDark":"#00294f","band":2,"off":[0,1.1]}},{"type":"Feature","geometry":{"type":"Point","coordinates":[-79.465987,43.654136]},"properties":{"name":"High Park Station at High Park Ave","band":2,"modes":"bus","arr":["30","189","203"],"off":[0,-0.8]}},{"type":"Feature","geometry":{"type":"Point","coordinates":[-79.465987,43.654136]},"properties":{"name":"High Park Station at Bus Bay 2","band":2,"modes":"bus","arr":["30","189","203"],"off":[0,-3]}},{"type":"Feature","geometry":{"type":"Point","coordinates":[-79.465987,43.654136]},"properties":{"name":"High Park Station at Bus Bay 1","band":2,"modes":"bus","arr":["30","189","203"],"off":[0,-5.2]}},{"type":"Feature","geometry":{"type":"Point","coordinates":[-79.465987,43.654136]},"properties":{"line":"30","mode":"bus","color":"#0059a9","colorDark":"#00294f","band":2,"off":[-3.4,1.1]}},{"type":"Feature","geometry":{"type":"Point","coordinates":[-79.465987,43.654136]},"properties":{"line":"189","mode":"bus","color":"#0059a9","colorDark":"#00294f","band":2,"off":[0,1.1]}},{"type":"Feature","geometry":{"type":"Point","coordinates":[-79.465987,43.654136]},"properties":{"line":"203","mode":"bus","color":"#0059a9","colorDark":"#00294f","band":2,"off":[3.4,1.1]}},{"type":"Feature","geometry":{"type":"Point","coordinates":[-79.330413,43.68254]},"properties":{"name":"Greenwood Station at Bus Bay 2","band":2,"modes":"bus","arr":["31"],"off":[0,-0.8]}},{"type":"Feature","geometry":{"type":"Point","coordinates":[-79.330413,43.68254]},"properties":{"line":"31","mode":"bus","color":"#0059a9","colorDark":"#00294f","band":2,"off":[0,1.1]}},{"type":"Feature","geometry":{"type":"Point","coordinates":[-79.590582,43.663596]},"properties":{"name":"Renforth Station","band":2,"modes":"bus","arr":["32"],"off":[0,-0.8]}},{"type":"Feature","geometry":{"type":"Point","coordinates":[-79.590582,43.663596]},"properties":{"line":"32","mode":"bus","color":"#0059a9","colorDark":"#00294f","band":2,"off":[0,1.1]}},{"type":"Feature","geometry":{"type":"Point","coordinates":[-79.424575,43.701197]},"properties":{"name":"Eglinton Ave West at Bathurst St","band":2,"modes":"bus","arr":["33"],"off":[0,-0.8]}},{"type":"Feature","geometry":{"type":"Point","coordinates":[-79.424575,43.701197]},"properties":{"line":"33","mode":"bus","color":"#0059a9","colorDark":"#00294f","band":2,"off":[0,1.1]}},{"type":"Feature","geometry":{"type":"Point","coordinates":[-79.415122,43.684277]},"properties":{"name":"St Clair West Station at Bus Bay 7","band":2,"modes":"bus","arr":["33","90","126"],"off":[0,-0.8]}},{"type":"Feature","geometry":{"type":"Point","coordinates":[-79.415122,43.684277]},"properties":{"name":"St Clair West Station at Bay 6","band":2,"modes":"bus","arr":["33","90","126"],"off":[0,-3]}},{"type":"Feature","geometry":{"type":"Point","coordinates":[-79.415122,43.684277]},"properties":{"line":"33","mode":"bus","color":"#0059a9","colorDark":"#00294f","band":2,"off":[-3.4,1.1]}},{"type":"Feature","geometry":{"type":"Point","coordinates":[-79.415122,43.684277]},"properties":{"line":"90","mode":"bus","color":"#0059a9","colorDark":"#00294f","band":2,"off":[0,1.1]}},{"type":"Feature","geometry":{"type":"Point","coordinates":[-79.415122,43.684277]},"properties":{"line":"126","mode":"bus","color":"#0059a9","colorDark":"#00294f","band":2,"off":[3.4,1.1]}},{"type":"Feature","geometry":{"type":"Point","coordinates":[-79.399544,43.706744]},"properties":{"name":"Eglinton Station at Bus Bay 8","band":2,"modes":"bus","arr":["103","354"],"off":[0,-0.8]}},{"type":"Feature","geometry":{"type":"Point","coordinates":[-79.399544,43.706744]},"properties":{"name":"Eglinton Ave West at Yonge St West Side","band":2,"modes":"bus","arr":["103","354"],"off":[0,-3]}},{"type":"Feature","geometry":{"type":"Point","coordinates":[-79.399544,43.706744]},"properties":{"name":"Duplex Ave at Eglinton Ave West","band":2,"modes":"bus","arr":["103","354"],"off":[0,-6.3]}},{"type":"Feature","geometry":{"type":"Point","coordinates":[-79.399544,43.706744]},"properties":{"line":"103","mode":"bus","color":"#0059a9","colorDark":"#00294f","band":2,"off":[-1.7,1.1]}},{"type":"Feature","geometry":{"type":"Point","coordinates":[-79.399544,43.706744]},"properties":{"line":"354","mode":"bus","color":"#0059a9","colorDark":"#00294f","band":2,"off":[1.7,1.1]}},{"type":"Feature","geometry":{"type":"Point","coordinates":[-79.509126,43.775759]},"properties":{"name":"Pioneer Village Station Bus Bay 8","band":2,"modes":"bus","arr":["35","41","106"],"off":[0,-0.8]}},{"type":"Feature","geometry":{"type":"Point","coordinates":[-79.509126,43.775759]},"properties":{"name":"Pioneer Village Station Bus Bay 2","band":2,"modes":"bus","arr":["35","41","106"],"off":[0,-3]}},{"type":"Feature","geometry":{"type":"Point","coordinates":[-79.509126,43.775759]},"properties":{"name":"Pioneer Village Station Bus Bay 11","band":2,"modes":"bus","arr":["35","41","106"],"off":[0,-5.2]}},{"type":"Feature","geometry":{"type":"Point","coordinates":[-79.509126,43.775759]},"properties":{"line":"35","mode":"bus","color":"#0059a9","colorDark":"#00294f","band":2,"off":[-3.4,1.1]}},{"type":"Feature","geometry":{"type":"Point","coordinates":[-79.509126,43.775759]},"properties":{"line":"41","mode":"bus","color":"#0059a9","colorDark":"#00294f","band":2,"off":[0,1.1]}},{"type":"Feature","geometry":{"type":"Point","coordinates":[-79.509126,43.775759]},"properties":{"line":"106","mode":"bus","color":"#0059a9","colorDark":"#00294f","band":2,"off":[3.4,1.1]}},{"type":"Feature","geometry":{"type":"Point","coordinates":[-79.513336,43.739522]},"properties":{"name":"Jane St at Sheppard Ave West","band":2,"modes":"bus","arr":["99"],"off":[0,-0.8]}},{"type":"Feature","geometry":{"type":"Point","coordinates":[-79.513336,43.739522]},"properties":{"line":"99","mode":"bus","color":"#0059a9","colorDark":"#00294f","band":2,"off":[0,1.1]}},{"type":"Feature","geometry":{"type":"Point","coordinates":[-79.487897,43.69031]},"properties":{"name":"Mount Dennis Station at Bus Bay 5","band":2,"modes":"bus","arr":["35","161","168"],"off":[0,-0.8]}},{"type":"Feature","geometry":{"type":"Point","coordinates":[-79.487897,43.69031]},"properties":{"name":"Mount Dennis Station at Bus Bay 15","band":2,"modes":"bus","arr":["35","161","168"],"off":[0,-3]}},{"type":"Feature","geometry":{"type":"Point","coordinates":[-79.487897,43.69031]},"properties":{"name":"Mount Dennis Station at Bus Bay 10","band":2,"modes":"bus","arr":["35","161","168"],"off":[0,-5.2]}},{"type":"Feature","geometry":{"type":"Point","coordinates":[-79.487897,43.69031]},"properties":{"line":"35","mode":"bus","color":"#0059a9","colorDark":"#00294f","band":2,"off":[-3.4,1.1]}},{"type":"Feature","geometry":{"type":"Point","coordinates":[-79.487897,43.69031]},"properties":{"line":"161","mode":"bus","color":"#0059a9","colorDark":"#00294f","band":2,"off":[0,1.1]}},{"type":"Feature","geometry":{"type":"Point","coordinates":[-79.487897,43.69031]},"properties":{"line":"168","mode":"bus","color":"#0059a9","colorDark":"#00294f","band":2,"off":[3.4,1.1]}},{"type":"Feature","geometry":{"type":"Point","coordinates":[-79.490827,43.765665]},"properties":{"name":"Finch West Station Bus Bay 5","band":2,"modes":"bus","arr":["36","101","107"],"off":[0,-0.8]}},{"type":"Feature","geometry":{"type":"Point","coordinates":[-79.490827,43.765665]},"properties":{"name":"Finch West Station Bus Bay 3","band":2,"modes":"bus","arr":["36","101","107"],"off":[0,-3]}},{"type":"Feature","geometry":{"type":"Point","coordinates":[-79.490827,43.765665]},"properties":{"name":"Finch West Station Bus Bay 2","band":2,"modes":"bus","arr":["36","101","107"],"off":[0,-5.2]}},{"type":"Feature","geometry":{"type":"Point","coordinates":[-79.490827,43.765665]},"properties":{"line":"36","mode":"bus","color":"#0059a9","colorDark":"#00294f","band":2,"off":[-3.4,1.1]}},{"type":"Feature","geometry":{"type":"Point","coordinates":[-79.490827,43.765665]},"properties":{"line":"101","mode":"bus","color":"#0059a9","colorDark":"#00294f","band":2,"off":[0,1.1]}},{"type":"Feature","geometry":{"type":"Point","coordinates":[-79.490827,43.765665]},"properties":{"line":"107","mode":"bus","color":"#0059a9","colorDark":"#00294f","band":2,"off":[3.4,1.1]}},{"type":"Feature","geometry":{"type":"Point","coordinates":[-79.415246,43.777135]},"properties":{"name":"Finch Station at Bus Bay 5","band":2,"modes":"bus","arr":["36","39","336","339"],"off":[0,-0.8]}},{"type":"Feature","geometry":{"type":"Point","coordinates":[-79.415246,43.777135]},"properties":{"name":"Finch Station at Bus Bay 13","band":2,"modes":"bus","arr":["36","39","336","339"],"off":[0,-3]}},{"type":"Feature","geometry":{"type":"Point","coordinates":[-79.415246,43.777135]},"properties":{"name":"Finch Ave West at Yonge St West Side","band":2,"modes":"bus","arr":["36","39","336","339"],"off":[0,-5.2]}},{"type":"Feature","geometry":{"type":"Point","coordinates":[-79.415246,43.777135]},"properties":{"line":"36","mode":"bus","color":"#0059a9","colorDark":"#00294f","band":2,"off":[-5.1,1.1]}},{"type":"Feature","geometry":{"type":"Point","coordinates":[-79.415246,43.777135]},"properties":{"line":"39","mode":"bus","color":"#0059a9","colorDark":"#00294f","band":2,"off":[-1.7,1.1]}},{"type":"Feature","geometry":{"type":"Point","coordinates":[-79.415246,43.777135]},"properties":{"line":"336","mode":"bus","color":"#0059a9","colorDark":"#00294f","band":2,"off":[1.7,1.1]}},{"type":"Feature","geometry":{"type":"Point","coordinates":[-79.415246,43.777135]},"properties":{"line":"339","mode":"bus","color":"#0059a9","colorDark":"#00294f","band":2,"off":[5.1,1.1]}},{"type":"Feature","geometry":{"type":"Point","coordinates":[-79.604992,43.728775]},"properties":{"name":"Humber College Bus Terminal","band":2,"modes":"bus","arr":["37"],"off":[0,-0.8]}},{"type":"Feature","geometry":{"type":"Point","coordinates":[-79.604992,43.728775]},"properties":{"line":"37","mode":"bus","color":"#0059a9","colorDark":"#00294f","band":2,"off":[0,1.1]}},{"type":"Feature","geometry":{"type":"Point","coordinates":[-79.621264,43.724583]},"properties":{"name":"Humberwood Blvd Loop at View Green Cres","band":2,"modes":"bus","arr":["906","996"],"off":[0,-0.8]}},{"type":"Feature","geometry":{"type":"Point","coordinates":[-79.621264,43.724583]},"properties":{"line":"906","mode":"bus","color":"#0059a9","colorDark":"#00294f","band":2,"off":[-1.7,1.1]}},{"type":"Feature","geometry":{"type":"Point","coordinates":[-79.621264,43.724583]},"properties":{"line":"996","mode":"bus","color":"#0059a9","colorDark":"#00294f","band":2,"off":[1.7,1.1]}},{"type":"Feature","geometry":{"type":"Point","coordinates":[-79.603508,43.716055]},"properties":{"name":"Woodbine Race Track Loop (Main Entrance)","band":2,"modes":"bus","arr":["336"],"off":[0,-0.8]}},{"type":"Feature","geometry":{"type":"Point","coordinates":[-79.603508,43.716055]},"properties":{"line":"336","mode":"bus","color":"#0059a9","colorDark":"#00294f","band":2,"off":[0,1.1]}},{"type":"Feature","geometry":{"type":"Point","coordinates":[-79.52455,43.644868]},"properties":{"name":"Islington Station at Bus Bay 13","band":2,"modes":"bus","arr":["37","50","110","937"],"off":[0,-0.8]}},{"type":"Feature","geometry":{"type":"Point","coordinates":[-79.52455,43.644868]},"properties":{"name":"Islington Station at Bus Bay 12","band":2,"modes":"bus","arr":["37","50","110","937"],"off":[0,-3]}},{"type":"Feature","geometry":{"type":"Point","coordinates":[-79.52455,43.644868]},"properties":{"name":"Islington Station at Bus Bay 11","band":2,"modes":"bus","arr":["37","50","110","937"],"off":[0,-5.2]}},{"type":"Feature","geometry":{"type":"Point","coordinates":[-79.52455,43.644868]},"properties":{"line":"37","mode":"bus","color":"#0059a9","colorDark":"#00294f","band":2,"off":[-5.1,1.1]}},{"type":"Feature","geometry":{"type":"Point","coordinates":[-79.52455,43.644868]},"properties":{"line":"50","mode":"bus","color":"#0059a9","colorDark":"#00294f","band":2,"off":[-1.7,1.1]}},{"type":"Feature","geometry":{"type":"Point","coordinates":[-79.52455,43.644868]},"properties":{"line":"110","mode":"bus","color":"#0059a9","colorDark":"#00294f","band":2,"off":[1.7,1.1]}},{"type":"Feature","geometry":{"type":"Point","coordinates":[-79.52455,43.644868]},"properties":{"line":"937","mode":"bus","color":"#0059a9","colorDark":"#00294f","band":2,"off":[5.1,1.1]}},{"type":"Feature","geometry":{"type":"Point","coordinates":[-79.263348,43.728106]},"properties":{"name":"Kennedy Station at Bus Bay 4","band":2,"modes":"bus","arr":["38","43","86","133","154","343","386"],"off":[0,-0.8]}},{"type":"Feature","geometry":{"type":"Point","coordinates":[-79.263348,43.728106]},"properties":{"name":"Kennedy Station at Bus Bay 16 (Platform B)","band":2,"modes":"bus","arr":["38","43","86","133","154","343","386"],"off":[0,-3]}},{"type":"Feature","geometry":{"type":"Point","coordinates":[-79.263348,43.728106]},"properties":{"name":"Kennedy Station at Bus Bay 12 (Platform B)","band":2,"modes":"bus","arr":["38","43","86","133","154","343","386"],"off":[0,-6.3]}},{"type":"Feature","geometry":{"type":"Point","coordinates":[-79.263348,43.728106]},"properties":{"line":"38","mode":"bus","color":"#0059a9","colorDark":"#00294f","band":2,"off":[-6.8,1.1]}},{"type":"Feature","geometry":{"type":"Point","coordinates":[-79.263348,43.728106]},"properties":{"line":"43","mode":"bus","color":"#0059a9","colorDark":"#00294f","band":2,"off":[-3.4,1.1]}},{"type":"Feature","geometry":{"type":"Point","coordinates":[-79.263348,43.728106]},"properties":{"line":"86","mode":"bus","color":"#0059a9","colorDark":"#00294f","band":2,"off":[0,1.1]}},{"type":"Feature","geometry":{"type":"Point","coordinates":[-79.263348,43.728106]},"properties":{"line":"133","mode":"bus","color":"#0059a9","colorDark":"#00294f","band":2,"off":[3.4,1.1]}},{"type":"Feature","geometry":{"type":"Point","coordinates":[-79.263348,43.728106]},"properties":{"line":"154","mode":"bus","color":"#0059a9","colorDark":"#00294f","band":2,"off":[6.8,1.1]}},{"type":"Feature","geometry":{"type":"Point","coordinates":[-79.263348,43.728106]},"properties":{"line":"343","mode":"bus","color":"#0059a9","colorDark":"#00294f","band":2,"off":[-1.7,3.1]}},{"type":"Feature","geometry":{"type":"Point","coordinates":[-79.263348,43.728106]},"properties":{"line":"386","mode":"bus","color":"#0059a9","colorDark":"#00294f","band":2,"off":[1.7,3.1]}},{"type":"Feature","geometry":{"type":"Point","coordinates":[-79.130346,43.780784]},"properties":{"name":"Rouge Hill Go Station Loop at Lawrence Ave East","band":2,"modes":"bus","arr":["38","85","200","385","395"],"off":[0,-0.8]}},{"type":"Feature","geometry":{"type":"Point","coordinates":[-79.130346,43.780784]},"properties":{"name":"Rouge Hill GO Station Loop","band":2,"modes":"bus","arr":["38","85","200","385","395"],"off":[0,-4.1]}},{"type":"Feature","geometry":{"type":"Point","coordinates":[-79.130346,43.780784]},"properties":{"line":"38","mode":"bus","color":"#0059a9","colorDark":"#00294f","band":2,"off":[-6.8,1.1]}},{"type":"Feature","geometry":{"type":"Point","coordinates":[-79.130346,43.780784]},"properties":{"line":"85","mode":"bus","color":"#0059a9","colorDark":"#00294f","band":2,"off":[-3.4,1.1]}},{"type":"Feature","geometry":{"type":"Point","coordinates":[-79.130346,43.780784]},"properties":{"line":"200","mode":"bus","color":"#0059a9","colorDark":"#00294f","band":2,"off":[0,1.1]}},{"type":"Feature","geometry":{"type":"Point","coordinates":[-79.130346,43.780784]},"properties":{"line":"385","mode":"bus","color":"#0059a9","colorDark":"#00294f","band":2,"off":[3.4,1.1]}},{"type":"Feature","geometry":{"type":"Point","coordinates":[-79.130346,43.780784]},"properties":{"line":"395","mode":"bus","color":"#0059a9","colorDark":"#00294f","band":2,"off":[6.8,1.1]}},{"type":"Feature","geometry":{"type":"Point","coordinates":[-79.200936,43.819977]},"properties":{"name":"Morningview Trail at Sewells Rd","band":2,"modes":"bus","arr":["131"],"off":[0,-0.8]}},{"type":"Feature","geometry":{"type":"Point","coordinates":[-79.200936,43.819977]},"properties":{"line":"131","mode":"bus","color":"#0059a9","colorDark":"#00294f","band":2,"off":[0,1.1]}},{"type":"Feature","geometry":{"type":"Point","coordinates":[-79.205353,43.819173]},"properties":{"name":"Littles Rd at Sewells Rd North Side","band":2,"modes":"bus","arr":["39"],"off":[0,-0.8]}},{"type":"Feature","geometry":{"type":"Point","coordinates":[-79.205353,43.819173]},"properties":{"line":"39","mode":"bus","color":"#0059a9","colorDark":"#00294f","band":2,"off":[0,1.1]}},{"type":"Feature","geometry":{"type":"Point","coordinates":[-79.221446,43.81949]},"properties":{"name":"Morningside Ave at Staines Rd North Side","band":2,"modes":"bus","arr":["53","116","133","953"],"off":[0,-0.8]}},{"type":"Feature","geometry":{"type":"Point","coordinates":[-79.221446,43.81949]},"properties":{"name":"Morningside Ave at Finch Ave East","band":2,"modes":"bus","arr":["53","116","133","953"],"off":[0,-4.1]}},{"type":"Feature","geometry":{"type":"Point","coordinates":[-79.221446,43.81949]},"properties":{"name":"Finch Ave East at Morningside Ave West Side","band":2,"modes":"bus","arr":["53","116","133","953"],"off":[0,-6.3]}},{"type":"Feature","geometry":{"type":"Point","coordinates":[-79.221446,43.81949]},"properties":{"line":"53","mode":"bus","color":"#0059a9","colorDark":"#00294f","band":2,"off":[-5.1,1.1]}},{"type":"Feature","geometry":{"type":"Point","coordinates":[-79.221446,43.81949]},"properties":{"line":"116","mode":"bus","color":"#0059a9","colorDark":"#00294f","band":2,"off":[-1.7,1.1]}},{"type":"Feature","geometry":{"type":"Point","coordinates":[-79.221446,43.81949]},"properties":{"line":"133","mode":"bus","color":"#0059a9","colorDark":"#00294f","band":2,"off":[1.7,1.1]}},{"type":"Feature","geometry":{"type":"Point","coordinates":[-79.221446,43.81949]},"properties":{"line":"953","mode":"bus","color":"#0059a9","colorDark":"#00294f","band":2,"off":[5.1,1.1]}},{"type":"Feature","geometry":{"type":"Point","coordinates":[-79.535358,43.640746]},"properties":{"name":"Kipling Station at Bus Bay 9","band":2,"modes":"bus","arr":["40","44","45","49"],"off":[0,-0.8]}},{"type":"Feature","geometry":{"type":"Point","coordinates":[-79.535358,43.640746]},"properties":{"name":"Kipling Station at Bus Bay 6","band":2,"modes":"bus","arr":["40","44","45","49"],"off":[0,-3]}},{"type":"Feature","geometry":{"type":"Point","coordinates":[-79.535358,43.640746]},"properties":{"name":"Kipling Station at Bus Bay 5","band":2,"modes":"bus","arr":["40","44","45","49"],"off":[0,-5.2]}},{"type":"Feature","geometry":{"type":"Point","coordinates":[-79.535358,43.640746]},"properties":{"line":"40","mode":"bus","color":"#0059a9","colorDark":"#00294f","band":2,"off":[-5.1,1.1]}},{"type":"Feature","geometry":{"type":"Point","coordinates":[-79.535358,43.640746]},"properties":{"line":"44","mode":"bus","color":"#0059a9","colorDark":"#00294f","band":2,"off":[-1.7,1.1]}},{"type":"Feature","geometry":{"type":"Point","coordinates":[-79.535358,43.640746]},"properties":{"line":"45","mode":"bus","color":"#0059a9","colorDark":"#00294f","band":2,"off":[1.7,1.1]}},{"type":"Feature","geometry":{"type":"Point","coordinates":[-79.535358,43.640746]},"properties":{"line":"49","mode":"bus","color":"#0059a9","colorDark":"#00294f","band":2,"off":[5.1,1.1]}},{"type":"Feature","geometry":{"type":"Point","coordinates":[-79.453168,43.657932]},"properties":{"name":"Edna Ave at Dundas St West","band":2,"modes":"bus,tram","arr":["40","168","304","305","340"],"off":[0,-0.8]}},{"type":"Feature","geometry":{"type":"Point","coordinates":[-79.453168,43.657932]},"properties":{"name":"Dundas West Station at Bus Bay 2","band":2,"modes":"bus,tram","arr":["40","168","304","305","340"],"off":[0,-3]}},{"type":"Feature","geometry":{"type":"Point","coordinates":[-79.453168,43.657932]},"properties":{"name":"Dundas West Station at Bus Bay 1","band":2,"modes":"bus,tram","arr":["40","168","304","305","340"],"off":[0,-5.2]}},{"type":"Feature","geometry":{"type":"Point","coordinates":[-79.453168,43.657932]},"properties":{"line":"40","mode":"bus","color":"#0059a9","colorDark":"#00294f","band":2,"off":[-6.8,1.1]}},{"type":"Feature","geometry":{"type":"Point","coordinates":[-79.453168,43.657932]},"properties":{"line":"168","mode":"bus","color":"#0059a9","colorDark":"#00294f","band":2,"off":[-3.4,1.1]}},{"type":"Feature","geometry":{"type":"Point","coordinates":[-79.453168,43.657932]},"properties":{"line":"304","mode":"tram","color":"#d6212b","colorDark":"#7c1116","band":2,"off":[0,1.1]}},{"type":"Feature","geometry":{"type":"Point","coordinates":[-79.453168,43.657932]},"properties":{"line":"305","mode":"tram","color":"#d6212b","colorDark":"#7c1116","band":2,"off":[3.4,1.1]}},{"type":"Feature","geometry":{"type":"Point","coordinates":[-79.453168,43.657932]},"properties":{"line":"340","mode":"bus","color":"#0059a9","colorDark":"#00294f","band":2,"off":[6.8,1.1]}},{"type":"Feature","geometry":{"type":"Point","coordinates":[-79.5007,43.776438]},"properties":{"name":"Ian MacDonald Blvd at The Chimneystack Rd","band":2,"modes":"bus","arr":["335","341","353"],"off":[0,-0.8]}},{"type":"Feature","geometry":{"type":"Point","coordinates":[-79.5007,43.776438]},"properties":{"line":"335","mode":"bus","color":"#0059a9","colorDark":"#00294f","band":2,"off":[-3.4,1.1]}},{"type":"Feature","geometry":{"type":"Point","coordinates":[-79.5007,43.776438]},"properties":{"line":"341","mode":"bus","color":"#0059a9","colorDark":"#00294f","band":2,"off":[0,1.1]}},{"type":"Feature","geometry":{"type":"Point","coordinates":[-79.5007,43.776438]},"properties":{"line":"353","mode":"bus","color":"#0059a9","colorDark":"#00294f","band":2,"off":[3.4,1.1]}},{"type":"Feature","geometry":{"type":"Point","coordinates":[-79.459666,43.654603]},"properties":{"name":"Keele Station at Bus Bay 5","band":2,"modes":"bus","arr":["41","80","89","989"],"off":[0,-0.8]}},{"type":"Feature","geometry":{"type":"Point","coordinates":[-79.459666,43.654603]},"properties":{"name":"Keele Station at Bus Bay 4","band":2,"modes":"bus","arr":["41","80","89","989"],"off":[0,-3]}},{"type":"Feature","geometry":{"type":"Point","coordinates":[-79.459666,43.654603]},"properties":{"name":"Keele Station at Bus Bay 2","band":2,"modes":"bus","arr":["41","80","89","989"],"off":[0,-5.2]}},{"type":"Feature","geometry":{"type":"Point","coordinates":[-79.459666,43.654603]},"properties":{"line":"41","mode":"bus","color":"#0059a9","colorDark":"#00294f","band":2,"off":[-5.1,1.1]}},{"type":"Feature","geometry":{"type":"Point","coordinates":[-79.459666,43.654603]},"properties":{"line":"80","mode":"bus","color":"#0059a9","colorDark":"#00294f","band":2,"off":[-1.7,1.1]}},{"type":"Feature","geometry":{"type":"Point","coordinates":[-79.459666,43.654603]},"properties":{"line":"89","mode":"bus","color":"#0059a9","colorDark":"#00294f","band":2,"off":[1.7,1.1]}},{"type":"Feature","geometry":{"type":"Point","coordinates":[-79.459666,43.654603]},"properties":{"line":"989","mode":"bus","color":"#0059a9","colorDark":"#00294f","band":2,"off":[5.1,1.1]}},{"type":"Feature","geometry":{"type":"Point","coordinates":[-79.414821,43.783768]},"properties":{"name":"Finch Station at Bus Bay 2","band":2,"modes":"bus","arr":["42","53","60","960"],"off":[0,-0.8]}},{"type":"Feature","geometry":{"type":"Point","coordinates":[-79.414821,43.783768]},"properties":{"name":"Finch Station at Bus Bay 11","band":2,"modes":"bus","arr":["42","53","60","960"],"off":[0,-3]}},{"type":"Feature","geometry":{"type":"Point","coordinates":[-79.414821,43.783768]},"properties":{"name":"Finch Station at Bus Bay 1","band":2,"modes":"bus","arr":["42","53","60","960"],"off":[0,-5.2]}},{"type":"Feature","geometry":{"type":"Point","coordinates":[-79.414821,43.783768]},"properties":{"line":"42","mode":"bus","color":"#0059a9","colorDark":"#00294f","band":2,"off":[-5.1,1.1]}},{"type":"Feature","geometry":{"type":"Point","coordinates":[-79.414821,43.783768]},"properties":{"line":"53","mode":"bus","color":"#0059a9","colorDark":"#00294f","band":2,"off":[-1.7,1.1]}},{"type":"Feature","geometry":{"type":"Point","coordinates":[-79.414821,43.783768]},"properties":{"line":"60","mode":"bus","color":"#0059a9","colorDark":"#00294f","band":2,"off":[1.7,1.1]}},{"type":"Feature","geometry":{"type":"Point","coordinates":[-79.414821,43.783768]},"properties":{"line":"960","mode":"bus","color":"#0059a9","colorDark":"#00294f","band":2,"off":[5.1,1.1]}},{"type":"Feature","geometry":{"type":"Point","coordinates":[-79.251626,43.824299]},"properties":{"name":"80 Dynamic Dr","band":2,"modes":"bus","arr":["42"],"off":[0,-0.8]}},{"type":"Feature","geometry":{"type":"Point","coordinates":[-79.251626,43.824299]},"properties":{"line":"42","mode":"bus","color":"#0059a9","colorDark":"#00294f","band":2,"off":[0,1.1]}},{"type":"Feature","geometry":{"type":"Point","coordinates":[-79.297046,43.825452]},"properties":{"name":"Midland Ave at Steeles Ave East South Side","band":2,"modes":"bus","arr":["43","343"],"off":[0,-0.8]}},{"type":"Feature","geometry":{"type":"Point","coordinates":[-79.297046,43.825452]},"properties":{"line":"43","mode":"bus","color":"#0059a9","colorDark":"#00294f","band":2,"off":[-1.7,1.1]}},{"type":"Feature","geometry":{"type":"Point","coordinates":[-79.297046,43.825452]},"properties":{"line":"343","mode":"bus","color":"#0059a9","colorDark":"#00294f","band":2,"off":[1.7,1.1]}},{"type":"Feature","geometry":{"type":"Point","coordinates":[-79.302608,43.824674]},"properties":{"name":"Steeles Ave East at Milliken Go Station","band":2,"modes":"bus","arr":["57"],"off":[0,-0.8]}},{"type":"Feature","geometry":{"type":"Point","coordinates":[-79.302608,43.824674]},"properties":{"line":"57","mode":"bus","color":"#0059a9","colorDark":"#00294f","band":2,"off":[0,1.1]}},{"type":"Feature","geometry":{"type":"Point","coordinates":[-79.516814,43.594239]},"properties":{"name":"Colonel Samuel Smith Park Dr","band":2,"modes":"bus","arr":["44"],"off":[0,-0.8]}},{"type":"Feature","geometry":{"type":"Point","coordinates":[-79.516814,43.594239]},"properties":{"line":"44","mode":"bus","color":"#0059a9","colorDark":"#00294f","band":2,"off":[0,1.1]}},{"type":"Feature","geometry":{"type":"Point","coordinates":[-79.589697,43.759232]},"properties":{"name":"Kipling Ave at Steeles Ave West South Side","band":2,"modes":"bus","arr":["45","337"],"off":[0,-0.8]}},{"type":"Feature","geometry":{"type":"Point","coordinates":[-79.589697,43.759232]},"properties":{"name":"Kipling Ave at Steeles Ave West","band":2,"modes":"bus","arr":["45","337"],"off":[0,-4.1]}},{"type":"Feature","geometry":{"type":"Point","coordinates":[-79.589697,43.759232]},"properties":{"line":"45","mode":"bus","color":"#0059a9","colorDark":"#00294f","band":2,"off":[-1.7,1.1]}},{"type":"Feature","geometry":{"type":"Point","coordinates":[-79.589697,43.759232]},"properties":{"line":"337","mode":"bus","color":"#0059a9","colorDark":"#00294f","band":2,"off":[1.7,1.1]}},{"type":"Feature","geometry":{"type":"Point","coordinates":[-79.607887,43.756677]},"properties":{"name":"Steeles Ave West Loop at Martin Grove Rd","band":2,"modes":"bus","arr":["46","60","396","927"],"off":[0,-0.8]}},{"type":"Feature","geometry":{"type":"Point","coordinates":[-79.607887,43.756677]},"properties":{"line":"46","mode":"bus","color":"#0059a9","colorDark":"#00294f","band":2,"off":[-5.1,1.1]}},{"type":"Feature","geometry":{"type":"Point","coordinates":[-79.607887,43.756677]},"properties":{"line":"60","mode":"bus","color":"#0059a9","colorDark":"#00294f","band":2,"off":[-1.7,1.1]}},{"type":"Feature","geometry":{"type":"Point","coordinates":[-79.607887,43.756677]},"properties":{"line":"396","mode":"bus","color":"#0059a9","colorDark":"#00294f","band":2,"off":[1.7,1.1]}},{"type":"Feature","geometry":{"type":"Point","coordinates":[-79.607887,43.756677]},"properties":{"line":"927","mode":"bus","color":"#0059a9","colorDark":"#00294f","band":2,"off":[5.1,1.1]}},{"type":"Feature","geometry":{"type":"Point","coordinates":[-79.535786,43.634787]},"properties":{"name":"Kipling Station at Bus Bay 8","band":2,"modes":"bus","arr":["46","111","112"],"off":[0,-0.8]}},{"type":"Feature","geometry":{"type":"Point","coordinates":[-79.535786,43.634787]},"properties":{"name":"Kipling Station at Bus Bay 2","band":2,"modes":"bus","arr":["46","111","112"],"off":[0,-3]}},{"type":"Feature","geometry":{"type":"Point","coordinates":[-79.535786,43.634787]},"properties":{"name":"Kipling Station at Bus Bay 1","band":2,"modes":"bus","arr":["46","111","112"],"off":[0,-5.2]}},{"type":"Feature","geometry":{"type":"Point","coordinates":[-79.535786,43.634787]},"properties":{"line":"46","mode":"bus","color":"#0059a9","colorDark":"#00294f","band":2,"off":[-3.4,1.1]}},{"type":"Feature","geometry":{"type":"Point","coordinates":[-79.535786,43.634787]},"properties":{"line":"111","mode":"bus","color":"#0059a9","colorDark":"#00294f","band":2,"off":[0,1.1]}},{"type":"Feature","geometry":{"type":"Point","coordinates":[-79.535786,43.634787]},"properties":{"line":"112","mode":"bus","color":"#0059a9","colorDark":"#00294f","band":2,"off":[3.4,1.1]}},{"type":"Feature","geometry":{"type":"Point","coordinates":[-79.443075,43.659342]},"properties":{"name":"Lansdowne Ave at Wade Ave - Lansdowne Station","band":2,"modes":"bus","arr":["47"],"off":[0,-0.8]}},{"type":"Feature","geometry":{"type":"Point","coordinates":[-79.443075,43.659342]},"properties":{"line":"47","mode":"bus","color":"#0059a9","colorDark":"#00294f","band":2,"off":[0,1.1]}},{"type":"Feature","geometry":{"type":"Point","coordinates":[-79.590206,43.645426]},"properties":{"name":"Mill Rd at Rathburn Rd Loop","band":2,"modes":"bus","arr":["48"],"off":[0,-0.8]}},{"type":"Feature","geometry":{"type":"Point","coordinates":[-79.590206,43.645426]},"properties":{"line":"48","mode":"bus","color":"#0059a9","colorDark":"#00294f","band":2,"off":[0,1.1]}},{"type":"Feature","geometry":{"type":"Point","coordinates":[-79.580286,43.629624]},"properties":{"name":"Markland Dr (West) at Bloor St West North Side","band":2,"modes":"bus","arr":["49"],"off":[0,-0.8]}},{"type":"Feature","geometry":{"type":"Point","coordinates":[-79.580286,43.629624]},"properties":{"line":"49","mode":"bus","color":"#0059a9","colorDark":"#00294f","band":2,"off":[0,1.1]}},{"type":"Feature","geometry":{"type":"Point","coordinates":[-79.582909,43.640556]},"properties":{"name":"Mill Rd at Burnhamthorpe Loop","band":2,"modes":"bus","arr":["50"],"off":[0,-0.8]}},{"type":"Feature","geometry":{"type":"Point","coordinates":[-79.582909,43.640556]},"properties":{"line":"50","mode":"bus","color":"#0059a9","colorDark":"#00294f","band":2,"off":[0,1.1]}},{"type":"Feature","geometry":{"type":"Point","coordinates":[-79.367752,43.77044]},"properties":{"name":"Leslie Station at Bus Bay 3","band":2,"modes":"bus","arr":["51","151"],"off":[0,-0.8]}},{"type":"Feature","geometry":{"type":"Point","coordinates":[-79.367752,43.77044]},"properties":{"name":"Leslie Station at Bus Bay 2","band":2,"modes":"bus","arr":["51","151"],"off":[0,-3]}},{"type":"Feature","geometry":{"type":"Point","coordinates":[-79.367752,43.77044]},"properties":{"line":"51","mode":"bus","color":"#0059a9","colorDark":"#00294f","band":2,"off":[-1.7,1.1]}},{"type":"Feature","geometry":{"type":"Point","coordinates":[-79.367752,43.77044]},"properties":{"line":"151","mode":"bus","color":"#0059a9","colorDark":"#00294f","band":2,"off":[1.7,1.1]}},{"type":"Feature","geometry":{"type":"Point","coordinates":[-79.337892,43.680941]},"properties":{"name":"Donlands Station at Bus Bay 3","band":2,"modes":"bus","arr":["51","83"],"off":[0,-0.8]}},{"type":"Feature","geometry":{"type":"Point","coordinates":[-79.337892,43.680941]},"properties":{"name":"Donlands Station at Bus Bay 1","band":2,"modes":"bus","arr":["51","83"],"off":[0,-3]}},{"type":"Feature","geometry":{"type":"Point","coordinates":[-79.337892,43.680941]},"properties":{"line":"51","mode":"bus","color":"#0059a9","colorDark":"#00294f","band":2,"off":[-1.7,1.1]}},{"type":"Feature","geometry":{"type":"Point","coordinates":[-79.337892,43.680941]},"properties":{"line":"83","mode":"bus","color":"#0059a9","colorDark":"#00294f","band":2,"off":[1.7,1.1]}},{"type":"Feature","geometry":{"type":"Point","coordinates":[-79.640651,43.721692]},"properties":{"name":"Westwood Square Bus Terminal at Morning Star Dr","band":2,"modes":"bus","arr":["52"],"off":[0,-0.8]}},{"type":"Feature","geometry":{"type":"Point","coordinates":[-79.640651,43.721692]},"properties":{"line":"52","mode":"bus","color":"#0059a9","colorDark":"#00294f","band":2,"off":[0,1.1]}},{"type":"Feature","geometry":{"type":"Point","coordinates":[-79.402267,43.725844]},"properties":{"name":"Lawrence Station at Bus Bay 5","band":2,"modes":"bus","arr":["52","124","162"],"off":[0,-0.8]}},{"type":"Feature","geometry":{"type":"Point","coordinates":[-79.402267,43.725844]},"properties":{"name":"Lawrence Station at Bus Bay 4","band":2,"modes":"bus","arr":["52","124","162"],"off":[0,-3]}},{"type":"Feature","geometry":{"type":"Point","coordinates":[-79.402267,43.725844]},"properties":{"name":"Lawrence Station at Bus Bay 2","band":2,"modes":"bus","arr":["52","124","162"],"off":[0,-5.2]}},{"type":"Feature","geometry":{"type":"Point","coordinates":[-79.402267,43.725844]},"properties":{"line":"52","mode":"bus","color":"#0059a9","colorDark":"#00294f","band":2,"off":[-3.4,1.1]}},{"type":"Feature","geometry":{"type":"Point","coordinates":[-79.402267,43.725844]},"properties":{"line":"124","mode":"bus","color":"#0059a9","colorDark":"#00294f","band":2,"off":[0,1.1]}},{"type":"Feature","geometry":{"type":"Point","coordinates":[-79.402267,43.725844]},"properties":{"line":"162","mode":"bus","color":"#0059a9","colorDark":"#00294f","band":2,"off":[3.4,1.1]}},{"type":"Feature","geometry":{"type":"Point","coordinates":[-79.33763,43.722134]},"properties":{"name":"Don Valley Station at Bus Bay 4","band":2,"modes":"bus","arr":["54","72","100","954"],"off":[0,-0.8]}},{"type":"Feature","geometry":{"type":"Point","coordinates":[-79.33763,43.722134]},"properties":{"name":"Don Valley Station at Bus Bay 3","band":2,"modes":"bus","arr":["54","72","100","954"],"off":[0,-3]}},{"type":"Feature","geometry":{"type":"Point","coordinates":[-79.33763,43.722134]},"properties":{"name":"Don Valley Station at Bus Bay 2","band":2,"modes":"bus","arr":["54","72","100","954"],"off":[0,-5.2]}},{"type":"Feature","geometry":{"type":"Point","coordinates":[-79.33763,43.722134]},"properties":{"line":"54","mode":"bus","color":"#0059a9","colorDark":"#00294f","band":2,"off":[-5.1,1.1]}},{"type":"Feature","geometry":{"type":"Point","coordinates":[-79.33763,43.722134]},"properties":{"line":"72","mode":"bus","color":"#0059a9","colorDark":"#00294f","band":2,"off":[-1.7,1.1]}},{"type":"Feature","geometry":{"type":"Point","coordinates":[-79.33763,43.722134]},"properties":{"line":"100","mode":"bus","color":"#0059a9","colorDark":"#00294f","band":2,"off":[1.7,1.1]}},{"type":"Feature","geometry":{"type":"Point","coordinates":[-79.33763,43.722134]},"properties":{"line":"954","mode":"bus","color":"#0059a9","colorDark":"#00294f","band":2,"off":[5.1,1.1]}},{"type":"Feature","geometry":{"type":"Point","coordinates":[-79.123013,43.788645]},"properties":{"name":"Starspray Loop at Lawrence Ave East","band":2,"modes":"bus","arr":["54","354","954"],"off":[0,-0.8]}},{"type":"Feature","geometry":{"type":"Point","coordinates":[-79.123013,43.788645]},"properties":{"line":"54","mode":"bus","color":"#0059a9","colorDark":"#00294f","band":2,"off":[-3.4,1.1]}},{"type":"Feature","geometry":{"type":"Point","coordinates":[-79.123013,43.788645]},"properties":{"line":"354","mode":"bus","color":"#0059a9","colorDark":"#00294f","band":2,"off":[0,1.1]}},{"type":"Feature","geometry":{"type":"Point","coordinates":[-79.123013,43.788645]},"properties":{"line":"954","mode":"bus","color":"#0059a9","colorDark":"#00294f","band":2,"off":[3.4,1.1]}},{"type":"Feature","geometry":{"type":"Point","coordinates":[-79.502708,43.662684]},"properties":{"name":"Lundy Ave at Warren Cres","band":2,"modes":"bus","arr":["55"],"off":[0,-0.8]}},{"type":"Feature","geometry":{"type":"Point","coordinates":[-79.502708,43.662684]},"properties":{"line":"55","mode":"bus","color":"#0059a9","colorDark":"#00294f","band":2,"off":[0,1.1]}},{"type":"Feature","geometry":{"type":"Point","coordinates":[-79.532699,43.708002]},"properties":{"name":"Oak St at Weston Rd East Side","band":2,"modes":"bus","arr":["59","158"],"off":[0,-0.8]}},{"type":"Feature","geometry":{"type":"Point","coordinates":[-79.532699,43.708002]},"properties":{"name":"Oak St at Weston Rd","band":2,"modes":"bus","arr":["59","158"],"off":[0,-3]}},{"type":"Feature","geometry":{"type":"Point","coordinates":[-79.532699,43.708002]},"properties":{"line":"59","mode":"bus","color":"#0059a9","colorDark":"#00294f","band":2,"off":[-1.7,1.1]}},{"type":"Feature","geometry":{"type":"Point","coordinates":[-79.532699,43.708002]},"properties":{"line":"158","mode":"bus","color":"#0059a9","colorDark":"#00294f","band":2,"off":[1.7,1.1]}},{"type":"Feature","geometry":{"type":"Point","coordinates":[-79.443894,43.715585]},"properties":{"name":"Lawrence West Station at Bus Bay 2","band":2,"modes":"bus","arr":["59"],"off":[0,-0.8]}},{"type":"Feature","geometry":{"type":"Point","coordinates":[-79.443894,43.715585]},"properties":{"line":"59","mode":"bus","color":"#0059a9","colorDark":"#00294f","band":2,"off":[0,1.1]}},{"type":"Feature","geometry":{"type":"Point","coordinates":[-79.470251,43.786916]},"properties":{"name":"Steeles Ave West at Dufferin St","band":2,"modes":"bus","arr":["105","329"],"off":[0,-0.8]}},{"type":"Feature","geometry":{"type":"Point","coordinates":[-79.470251,43.786916]},"properties":{"name":"Dufferin St at Steeles Ave West South Side","band":2,"modes":"bus","arr":["105","329"],"off":[0,-3]}},{"type":"Feature","geometry":{"type":"Point","coordinates":[-79.470251,43.786916]},"properties":{"line":"105","mode":"bus","color":"#0059a9","colorDark":"#00294f","band":2,"off":[-1.7,1.1]}},{"type":"Feature","geometry":{"type":"Point","coordinates":[-79.470251,43.786916]},"properties":{"line":"329","mode":"bus","color":"#0059a9","colorDark":"#00294f","band":2,"off":[1.7,1.1]}},{"type":"Feature","geometry":{"type":"Point","coordinates":[-79.424261,43.743619]},"properties":{"name":"Bombay Loop at Avenue Rd","band":2,"modes":"bus","arr":["61"],"off":[0,-0.8]}},{"type":"Feature","geometry":{"type":"Point","coordinates":[-79.424261,43.743619]},"properties":{"line":"61","mode":"bus","color":"#0059a9","colorDark":"#00294f","band":2,"off":[0,1.1]}},{"type":"Feature","geometry":{"type":"Point","coordinates":[-79.435866,43.700284]},"properties":{"name":"Cedarvale Station at Bus Bay 8","band":2,"modes":"bus","arr":["63","90","109","164"],"off":[0,-0.8]}},{"type":"Feature","geometry":{"type":"Point","coordinates":[-79.435866,43.700284]},"properties":{"name":"Cedarvale Station at Bus Bay 7","band":2,"modes":"bus","arr":["63","90","109","164"],"off":[0,-3]}},{"type":"Feature","geometry":{"type":"Point","coordinates":[-79.435866,43.700284]},"properties":{"name":"Cedarvale Station at Bus Bay 5","band":2,"modes":"bus","arr":["63","90","109","164"],"off":[0,-5.2]}},{"type":"Feature","geometry":{"type":"Point","coordinates":[-79.435866,43.700284]},"properties":{"line":"63","mode":"bus","color":"#0059a9","colorDark":"#00294f","band":2,"off":[-5.1,1.1]}},{"type":"Feature","geometry":{"type":"Point","coordinates":[-79.435866,43.700284]},"properties":{"line":"90","mode":"bus","color":"#0059a9","colorDark":"#00294f","band":2,"off":[-1.7,1.1]}},{"type":"Feature","geometry":{"type":"Point","coordinates":[-79.435866,43.700284]},"properties":{"line":"109","mode":"bus","color":"#0059a9","colorDark":"#00294f","band":2,"off":[1.7,1.1]}},{"type":"Feature","geometry":{"type":"Point","coordinates":[-79.435866,43.700284]},"properties":{"line":"164","mode":"bus","color":"#0059a9","colorDark":"#00294f","band":2,"off":[5.1,1.1]}},{"type":"Feature","geometry":{"type":"Point","coordinates":[-79.42645,43.662912]},"properties":{"name":"Ossington Station at Bus Bay 6","band":2,"modes":"bus","arr":["63","94"],"off":[0,-0.8]}},{"type":"Feature","geometry":{"type":"Point","coordinates":[-79.42645,43.662912]},"properties":{"name":"Ossington Station at Bus Bay 4","band":2,"modes":"bus","arr":["63","94"],"off":[0,-3]}},{"type":"Feature","geometry":{"type":"Point","coordinates":[-79.42645,43.662912]},"properties":{"name":"Ossington Station at Bus Bay 2","band":2,"modes":"bus","arr":["63","94"],"off":[0,-5.2]}},{"type":"Feature","geometry":{"type":"Point","coordinates":[-79.42645,43.662912]},"properties":{"line":"63","mode":"bus","color":"#0059a9","colorDark":"#00294f","band":2,"off":[-1.7,1.1]}},{"type":"Feature","geometry":{"type":"Point","coordinates":[-79.42645,43.662912]},"properties":{"line":"94","mode":"bus","color":"#0059a9","colorDark":"#00294f","band":2,"off":[1.7,1.1]}},{"type":"Feature","geometry":{"type":"Point","coordinates":[-79.301477,43.687037]},"properties":{"name":"Main Street Station at Bus Bay 5","band":2,"modes":"bus,tram","arr":["64","87","306"],"off":[0,-0.8]}},{"type":"Feature","geometry":{"type":"Point","coordinates":[-79.301477,43.687037]},"properties":{"name":"Main Street Station at Bus Bay 3","band":2,"modes":"bus,tram","arr":["64","87","306"],"off":[0,-3]}},{"type":"Feature","geometry":{"type":"Point","coordinates":[-79.301477,43.687037]},"properties":{"name":"Main St at Danforth Ave","band":2,"modes":"bus,tram","arr":["64","87","306"],"off":[0,-5.2]}},{"type":"Feature","geometry":{"type":"Point","coordinates":[-79.301477,43.687037]},"properties":{"line":"64","mode":"bus","color":"#0059a9","colorDark":"#00294f","band":2,"off":[-3.4,1.1]}},{"type":"Feature","geometry":{"type":"Point","coordinates":[-79.301477,43.687037]},"properties":{"line":"87","mode":"bus","color":"#0059a9","colorDark":"#00294f","band":2,"off":[0,1.1]}},{"type":"Feature","geometry":{"type":"Point","coordinates":[-79.301477,43.687037]},"properties":{"line":"306","mode":"tram","color":"#d6212b","colorDark":"#7c1116","band":2,"off":[3.4,1.1]}},{"type":"Feature","geometry":{"type":"Point","coordinates":[-79.295812,43.671113]},"properties":{"name":"Wineva Ave at Queen St East","band":2,"modes":"bus","arr":["64"],"off":[0,-0.8]}},{"type":"Feature","geometry":{"type":"Point","coordinates":[-79.295812,43.671113]},"properties":{"line":"64","mode":"bus","color":"#0059a9","colorDark":"#00294f","band":2,"off":[0,1.1]}},{"type":"Feature","geometry":{"type":"Point","coordinates":[-79.369038,43.67358]},"properties":{"name":"Castle Frank Station at Bus Bay 2","band":2,"modes":"bus","arr":["65","94"],"off":[0,-0.8]}},{"type":"Feature","geometry":{"type":"Point","coordinates":[-79.369038,43.67358]},"properties":{"name":"Castle Frank Station at Bus Bay 1","band":2,"modes":"bus","arr":["65","94"],"off":[0,-3]}},{"type":"Feature","geometry":{"type":"Point","coordinates":[-79.369038,43.67358]},"properties":{"line":"65","mode":"bus","color":"#0059a9","colorDark":"#00294f","band":2,"off":[-1.7,1.1]}},{"type":"Feature","geometry":{"type":"Point","coordinates":[-79.369038,43.67358]},"properties":{"line":"94","mode":"bus","color":"#0059a9","colorDark":"#00294f","band":2,"off":[1.7,1.1]}},{"type":"Feature","geometry":{"type":"Point","coordinates":[-79.370829,43.671353]},"properties":{"name":"Parliament St at Howard St South Side","band":2,"modes":"bus","arr":["365"],"off":[0,-0.8]}},{"type":"Feature","geometry":{"type":"Point","coordinates":[-79.370829,43.671353]},"properties":{"name":"Parliament St at Bloor St East","band":2,"modes":"bus","arr":["365"],"off":[0,-4.1]}},{"type":"Feature","geometry":{"type":"Point","coordinates":[-79.370829,43.671353]},"properties":{"line":"365","mode":"bus","color":"#0059a9","colorDark":"#00294f","band":2,"off":[0,1.1]}},{"type":"Feature","geometry":{"type":"Point","coordinates":[-79.36544,43.644832]},"properties":{"name":"Dockside Dr at Queens Quay East","band":2,"modes":"bus","arr":["65","365"],"off":[0,-0.8]}},{"type":"Feature","geometry":{"type":"Point","coordinates":[-79.36544,43.644832]},"properties":{"line":"65","mode":"bus","color":"#0059a9","colorDark":"#00294f","band":2,"off":[-1.7,1.1]}},{"type":"Feature","geometry":{"type":"Point","coordinates":[-79.36544,43.644832]},"properties":{"line":"365","mode":"bus","color":"#0059a9","colorDark":"#00294f","band":2,"off":[1.7,1.1]}},{"type":"Feature","geometry":{"type":"Point","coordinates":[-79.495151,43.650226]},"properties":{"name":"Old Mill Station at Bus Bay 2","band":2,"modes":"bus","arr":["66"],"off":[0,-0.8]}},{"type":"Feature","geometry":{"type":"Point","coordinates":[-79.495151,43.650226]},"properties":{"line":"66","mode":"bus","color":"#0059a9","colorDark":"#00294f","band":2,"off":[0,1.1]}},{"type":"Feature","geometry":{"type":"Point","coordinates":[-79.477561,43.624637]},"properties":{"name":"Marine Parade Dr at Silver Moon Dr","band":2,"modes":"bus","arr":["66"],"off":[0,-0.8]}},{"type":"Feature","geometry":{"type":"Point","coordinates":[-79.477561,43.624637]},"properties":{"line":"66","mode":"bus","color":"#0059a9","colorDark":"#00294f","band":2,"off":[0,1.1]}},{"type":"Feature","geometry":{"type":"Point","coordinates":[-79.310629,43.765192]},"properties":{"name":"Penworth Rd at Crosland Dr","band":2,"modes":"bus","arr":["67"],"off":[0,-0.8]}},{"type":"Feature","geometry":{"type":"Point","coordinates":[-79.310629,43.765192]},"properties":{"line":"67","mode":"bus","color":"#0059a9","colorDark":"#00294f","band":2,"off":[0,1.1]}},{"type":"Feature","geometry":{"type":"Point","coordinates":[-79.337464,43.8946]},"properties":{"name":"Angus Glen Community Centre Loop at Major Mackenzie Dr East","band":2,"modes":"bus","arr":["68"],"off":[0,-0.8]}},{"type":"Feature","geometry":{"type":"Point","coordinates":[-79.337464,43.8946]},"properties":{"line":"68","mode":"bus","color":"#0059a9","colorDark":"#00294f","band":2,"off":[0,1.1]}},{"type":"Feature","geometry":{"type":"Point","coordinates":[-79.280069,43.708931]},"properties":{"name":"Warden Station at Temporary Bus Bay 7","band":2,"modes":"bus","arr":["69","102","117","135","902"],"off":[0,-0.8]}},{"type":"Feature","geometry":{"type":"Point","coordinates":[-79.280069,43.708931]},"properties":{"name":"Warden Station at Temporary Bus Bay 4","band":2,"modes":"bus","arr":["69","102","117","135","902"],"off":[0,-4.1]}},{"type":"Feature","geometry":{"type":"Point","coordinates":[-79.280069,43.708931]},"properties":{"name":"Warden Station at Temporary Bus Bay 1","band":2,"modes":"bus","arr":["69","102","117","135","902"],"off":[0,-7.4]}},{"type":"Feature","geometry":{"type":"Point","coordinates":[-79.280069,43.708931]},"properties":{"line":"69","mode":"bus","color":"#0059a9","colorDark":"#00294f","band":2,"off":[-6.8,1.1]}},{"type":"Feature","geometry":{"type":"Point","coordinates":[-79.280069,43.708931]},"properties":{"line":"102","mode":"bus","color":"#0059a9","colorDark":"#00294f","band":2,"off":[-3.4,1.1]}},{"type":"Feature","geometry":{"type":"Point","coordinates":[-79.280069,43.708931]},"properties":{"line":"117","mode":"bus","color":"#0059a9","colorDark":"#00294f","band":2,"off":[0,1.1]}},{"type":"Feature","geometry":{"type":"Point","coordinates":[-79.280069,43.708931]},"properties":{"line":"135","mode":"bus","color":"#0059a9","colorDark":"#00294f","band":2,"off":[3.4,1.1]}},{"type":"Feature","geometry":{"type":"Point","coordinates":[-79.280069,43.708931]},"properties":{"line":"902","mode":"bus","color":"#0059a9","colorDark":"#00294f","band":2,"off":[6.8,1.1]}},{"type":"Feature","geometry":{"type":"Point","coordinates":[-79.233722,43.716877]},"properties":{"name":"Brooklawn Ave at Barkdene Hills","band":2,"modes":"bus","arr":["69"],"off":[0,-0.8]}},{"type":"Feature","geometry":{"type":"Point","coordinates":[-79.233722,43.716877]},"properties":{"line":"69","mode":"bus","color":"#0059a9","colorDark":"#00294f","band":2,"off":[0,1.1]}},{"type":"Feature","geometry":{"type":"Point","coordinates":[-79.298451,43.727182]},"properties":{"name":"Craigton Dr at Pharmacy Ave","band":2,"modes":"bus","arr":["70"],"off":[0,-0.8]}},{"type":"Feature","geometry":{"type":"Point","coordinates":[-79.298451,43.727182]},"properties":{"line":"70","mode":"bus","color":"#0059a9","colorDark":"#00294f","band":2,"off":[0,1.1]}},{"type":"Feature","geometry":{"type":"Point","coordinates":[-79.494055,43.693442]},"properties":{"name":"Mount Dennis Garage","band":2,"modes":"bus","arr":["71","171"],"off":[0,-0.8]}},{"type":"Feature","geometry":{"type":"Point","coordinates":[-79.494055,43.693442]},"properties":{"name":"109 Industry St","band":2,"modes":"bus","arr":["71","171"],"off":[0,-3]}},{"type":"Feature","geometry":{"type":"Point","coordinates":[-79.494055,43.693442]},"properties":{"line":"71","mode":"bus","color":"#0059a9","colorDark":"#00294f","band":2,"off":[-1.7,1.1]}},{"type":"Feature","geometry":{"type":"Point","coordinates":[-79.494055,43.693442]},"properties":{"line":"171","mode":"bus","color":"#0059a9","colorDark":"#00294f","band":2,"off":[1.7,1.1]}},{"type":"Feature","geometry":{"type":"Point","coordinates":[-79.491418,43.692607]},"properties":{"name":"Industry St at Ray Ave","band":2,"modes":"bus","arr":["171"],"off":[0,-0.8]}},{"type":"Feature","geometry":{"type":"Point","coordinates":[-79.491418,43.692607]},"properties":{"line":"171","mode":"bus","color":"#0059a9","colorDark":"#00294f","band":2,"off":[0,1.1]}},{"type":"Feature","geometry":{"type":"Point","coordinates":[-79.475766,43.651852]},"properties":{"name":"Runnymede Station at Bus Bay 4","band":2,"modes":"bus","arr":["71","77","79"],"off":[0,-0.8]}},{"type":"Feature","geometry":{"type":"Point","coordinates":[-79.475766,43.651852]},"properties":{"name":"Runnymede Station at Bus Bay 3","band":2,"modes":"bus","arr":["71","77","79"],"off":[0,-3]}},{"type":"Feature","geometry":{"type":"Point","coordinates":[-79.475766,43.651852]},"properties":{"name":"Runnymede Station at Bus Bay 2","band":2,"modes":"bus","arr":["71","77","79"],"off":[0,-5.2]}},{"type":"Feature","geometry":{"type":"Point","coordinates":[-79.475766,43.651852]},"properties":{"line":"71","mode":"bus","color":"#0059a9","colorDark":"#00294f","band":2,"off":[-3.4,1.1]}},{"type":"Feature","geometry":{"type":"Point","coordinates":[-79.475766,43.651852]},"properties":{"line":"77","mode":"bus","color":"#0059a9","colorDark":"#00294f","band":2,"off":[0,1.1]}},{"type":"Feature","geometry":{"type":"Point","coordinates":[-79.475766,43.651852]},"properties":{"line":"79","mode":"bus","color":"#0059a9","colorDark":"#00294f","band":2,"off":[3.4,1.1]}},{"type":"Feature","geometry":{"type":"Point","coordinates":[-79.342149,43.649792]},"properties":{"name":"Commissioners St at Saulter St","band":2,"modes":"bus","arr":["72"],"off":[0,-0.8]}},{"type":"Feature","geometry":{"type":"Point","coordinates":[-79.342149,43.649792]},"properties":{"line":"72","mode":"bus","color":"#0059a9","colorDark":"#00294f","band":2,"off":[0,1.1]}},{"type":"Feature","geometry":{"type":"Point","coordinates":[-79.343326,43.706896]},"properties":{"name":"Thorncliffe Park Dr (East) at Overlea Blvd","band":2,"modes":"bus","arr":["156"],"off":[0,-0.8]}},{"type":"Feature","geometry":{"type":"Point","coordinates":[-79.343326,43.706896]},"properties":{"line":"156","mode":"bus","color":"#0059a9","colorDark":"#00294f","band":2,"off":[0,1.1]}},{"type":"Feature","geometry":{"type":"Point","coordinates":[-79.634744,43.746833]},"properties":{"name":"Claireport Cres (West) at Albion Rd","band":2,"modes":"bus","arr":["73"],"off":[0,-0.8]}},{"type":"Feature","geometry":{"type":"Point","coordinates":[-79.634744,43.746833]},"properties":{"line":"73","mode":"bus","color":"#0059a9","colorDark":"#00294f","band":2,"off":[0,1.1]}},{"type":"Feature","geometry":{"type":"Point","coordinates":[-79.537772,43.717042]},"properties":{"name":"Weston Rd at Albion Rd South Side","band":2,"modes":"bus","arr":["89"],"off":[0,-0.8]}},{"type":"Feature","geometry":{"type":"Point","coordinates":[-79.537772,43.717042]},"properties":{"line":"89","mode":"bus","color":"#0059a9","colorDark":"#00294f","band":2,"off":[0,1.1]}},{"type":"Feature","geometry":{"type":"Point","coordinates":[-79.511186,43.649243]},"properties":{"name":"Royal York Station at Bus Bay 1","band":2,"modes":"bus","arr":["73"],"off":[0,-0.8]}},{"type":"Feature","geometry":{"type":"Point","coordinates":[-79.511186,43.649243]},"properties":{"line":"73","mode":"bus","color":"#0059a9","colorDark":"#00294f","band":2,"off":[0,1.1]}},{"type":"Feature","geometry":{"type":"Point","coordinates":[-79.392435,43.688686]},"properties":{"name":"St Clair Station at Lower Platform Bus Bay 4","band":2,"modes":"bus","arr":["74","88","97"],"off":[0,-0.8]}},{"type":"Feature","geometry":{"type":"Point","coordinates":[-79.392435,43.688686]},"properties":{"name":"St Clair Station at Lower Platform Bus Bay 3","band":2,"modes":"bus","arr":["74","88","97"],"off":[0,-4.1]}},{"type":"Feature","geometry":{"type":"Point","coordinates":[-79.392435,43.688686]},"properties":{"name":"St Clair Station at Lower Platform Bus Bay 2","band":2,"modes":"bus","arr":["74","88","97"],"off":[0,-7.4]}},{"type":"Feature","geometry":{"type":"Point","coordinates":[-79.392435,43.688686]},"properties":{"line":"74","mode":"bus","color":"#0059a9","colorDark":"#00294f","band":2,"off":[-3.4,1.1]}},{"type":"Feature","geometry":{"type":"Point","coordinates":[-79.392435,43.688686]},"properties":{"line":"88","mode":"bus","color":"#0059a9","colorDark":"#00294f","band":2,"off":[0,1.1]}},{"type":"Feature","geometry":{"type":"Point","coordinates":[-79.392435,43.688686]},"properties":{"line":"97","mode":"bus","color":"#0059a9","colorDark":"#00294f","band":2,"off":[3.4,1.1]}},{"type":"Feature","geometry":{"type":"Point","coordinates":[-79.376767,43.67213]},"properties":{"name":"Sherbourne St at Bloor St East - Sherbourne Station","band":2,"modes":"bus","arr":["75"],"off":[0,-0.8]}},{"type":"Feature","geometry":{"type":"Point","coordinates":[-79.376767,43.67213]},"properties":{"line":"75","mode":"bus","color":"#0059a9","colorDark":"#00294f","band":2,"off":[0,1.1]}},{"type":"Feature","geometry":{"type":"Point","coordinates":[-79.369241,43.644358]},"properties":{"name":"Lower Jarvis St at Queens Quay East North Side","band":2,"modes":"bus","arr":["75"],"off":[0,-0.8]}},{"type":"Feature","geometry":{"type":"Point","coordinates":[-79.369241,43.644358]},"properties":{"line":"75","mode":"bus","color":"#0059a9","colorDark":"#00294f","band":2,"off":[0,1.1]}},{"type":"Feature","geometry":{"type":"Point","coordinates":[-79.489607,43.613278]},"properties":{"name":"Lake Shore Blvd West at Mimico Ave","band":2,"modes":"bus","arr":["76"],"off":[0,-0.8]}},{"type":"Feature","geometry":{"type":"Point","coordinates":[-79.489607,43.613278]},"properties":{"line":"76","mode":"bus","color":"#0059a9","colorDark":"#00294f","band":2,"off":[0,1.1]}},{"type":"Feature","geometry":{"type":"Point","coordinates":[-79.471136,43.638195]},"properties":{"name":"Windermere Pl at Windermere Ave","band":2,"modes":"bus","arr":["77"],"off":[0,-0.8]}},{"type":"Feature","geometry":{"type":"Point","coordinates":[-79.471136,43.638195]},"properties":{"line":"77","mode":"bus","color":"#0059a9","colorDark":"#00294f","band":2,"off":[0,1.1]}},{"type":"Feature","geometry":{"type":"Point","coordinates":[-79.405758,43.742671]},"properties":{"name":"York Mills Station at Bus Bay 7","band":2,"modes":"bus","arr":["78","95","115","395"],"off":[0,-0.8]}},{"type":"Feature","geometry":{"type":"Point","coordinates":[-79.405758,43.742671]},"properties":{"name":"York Mills Station at Bus Bay 5","band":2,"modes":"bus","arr":["78","95","115","395"],"off":[0,-3]}},{"type":"Feature","geometry":{"type":"Point","coordinates":[-79.405758,43.742671]},"properties":{"name":"York Mills Rd at Old York Mills Rd","band":2,"modes":"bus","arr":["78","95","115","395"],"off":[0,-5.2]}},{"type":"Feature","geometry":{"type":"Point","coordinates":[-79.405758,43.742671]},"properties":{"line":"78","mode":"bus","color":"#0059a9","colorDark":"#00294f","band":2,"off":[-5.1,1.1]}},{"type":"Feature","geometry":{"type":"Point","coordinates":[-79.405758,43.742671]},"properties":{"line":"95","mode":"bus","color":"#0059a9","colorDark":"#00294f","band":2,"off":[-1.7,1.1]}},{"type":"Feature","geometry":{"type":"Point","coordinates":[-79.405758,43.742671]},"properties":{"line":"115","mode":"bus","color":"#0059a9","colorDark":"#00294f","band":2,"off":[1.7,1.1]}},{"type":"Feature","geometry":{"type":"Point","coordinates":[-79.405758,43.742671]},"properties":{"line":"395","mode":"bus","color":"#0059a9","colorDark":"#00294f","band":2,"off":[5.1,1.1]}},{"type":"Feature","geometry":{"type":"Point","coordinates":[-79.389548,43.759951]},"properties":{"name":"Carluke Cres at Fifeshire Rd (West)","band":2,"modes":"bus","arr":["78"],"off":[0,-0.8]}},{"type":"Feature","geometry":{"type":"Point","coordinates":[-79.389548,43.759951]},"properties":{"line":"78","mode":"bus","color":"#0059a9","colorDark":"#00294f","band":2,"off":[0,1.1]}},{"type":"Feature","geometry":{"type":"Point","coordinates":[-79.508018,43.701329]},"properties":{"name":"Pine St at Lawrence Ave West","band":2,"modes":"bus","arr":["79"],"off":[0,-0.8]}},{"type":"Feature","geometry":{"type":"Point","coordinates":[-79.508018,43.701329]},"properties":{"line":"79","mode":"bus","color":"#0059a9","colorDark":"#00294f","band":2,"off":[0,1.1]}},{"type":"Feature","geometry":{"type":"Point","coordinates":[-79.38892,43.676831]},"properties":{"name":"Rosedale Station at Bus Bay 2","band":2,"modes":"bus","arr":["82"],"off":[0,-0.8]}},{"type":"Feature","geometry":{"type":"Point","coordinates":[-79.38892,43.676831]},"properties":{"line":"82","mode":"bus","color":"#0059a9","colorDark":"#00294f","band":2,"off":[0,1.1]}},{"type":"Feature","geometry":{"type":"Point","coordinates":[-79.377678,43.685695]},"properties":{"name":"Summerhill Ave at Maclennan Ave","band":2,"modes":"bus","arr":["82"],"off":[0,-0.8]}},{"type":"Feature","geometry":{"type":"Point","coordinates":[-79.377678,43.685695]},"properties":{"line":"82","mode":"bus","color":"#0059a9","colorDark":"#00294f","band":2,"off":[0,1.1]}},{"type":"Feature","geometry":{"type":"Point","coordinates":[-79.329611,43.655703]},"properties":{"name":"Lake Shore Garage Loop","band":2,"modes":"bus","arr":["83","114","325"],"off":[0,-0.8]}},{"type":"Feature","geometry":{"type":"Point","coordinates":[-79.329611,43.655703]},"properties":{"name":"545 Commissioners St East Side","band":2,"modes":"bus","arr":["83","114","325"],"off":[0,-3]}},{"type":"Feature","geometry":{"type":"Point","coordinates":[-79.329611,43.655703]},"properties":{"line":"83","mode":"bus","color":"#0059a9","colorDark":"#00294f","band":2,"off":[-3.4,1.1]}},{"type":"Feature","geometry":{"type":"Point","coordinates":[-79.329611,43.655703]},"properties":{"line":"114","mode":"bus","color":"#0059a9","colorDark":"#00294f","band":2,"off":[0,1.1]}},{"type":"Feature","geometry":{"type":"Point","coordinates":[-79.329611,43.655703]},"properties":{"line":"325","mode":"bus","color":"#0059a9","colorDark":"#00294f","band":2,"off":[3.4,1.1]}},{"type":"Feature","geometry":{"type":"Point","coordinates":[-79.538973,43.739087]},"properties":{"name":"Bradstock Rd at Weston Rd East Side","band":2,"modes":"bus","arr":["84","984"],"off":[0,-0.8]}},{"type":"Feature","geometry":{"type":"Point","coordinates":[-79.538973,43.739087]},"properties":{"line":"84","mode":"bus","color":"#0059a9","colorDark":"#00294f","band":2,"off":[-1.7,1.1]}},{"type":"Feature","geometry":{"type":"Point","coordinates":[-79.538973,43.739087]},"properties":{"line":"984","mode":"bus","color":"#0059a9","colorDark":"#00294f","band":2,"off":[1.7,1.1]}},{"type":"Feature","geometry":{"type":"Point","coordinates":[-79.533328,43.734771]},"properties":{"name":"Sheppard Ave West at Abraham Welsh Rd East Side","band":2,"modes":"bus","arr":["984"],"off":[0,-0.8]}},{"type":"Feature","geometry":{"type":"Point","coordinates":[-79.533328,43.734771]},"properties":{"line":"984","mode":"bus","color":"#0059a9","colorDark":"#00294f","band":2,"off":[0,1.1]}},{"type":"Feature","geometry":{"type":"Point","coordinates":[-79.411367,43.763051]},"properties":{"name":"Sheppard-Yonge Station at Bus Bay 5/5A","band":2,"modes":"bus","arr":["84","185","384","385"],"off":[0,-0.8]}},{"type":"Feature","geometry":{"type":"Point","coordinates":[-79.411367,43.763051]},"properties":{"name":"Sheppard-Yonge Station at Bus Bay 3/3A","band":2,"modes":"bus","arr":["84","185","384","385"],"off":[0,-4.1]}},{"type":"Feature","geometry":{"type":"Point","coordinates":[-79.411367,43.763051]},"properties":{"name":"Sheppard Ave East at Yonge St East Side","band":2,"modes":"bus","arr":["84","185","384","385"],"off":[0,-7.4]}},{"type":"Feature","geometry":{"type":"Point","coordinates":[-79.411367,43.763051]},"properties":{"line":"84","mode":"bus","color":"#0059a9","colorDark":"#00294f","band":2,"off":[-5.1,1.1]}},{"type":"Feature","geometry":{"type":"Point","coordinates":[-79.411367,43.763051]},"properties":{"line":"185","mode":"bus","color":"#0059a9","colorDark":"#00294f","band":2,"off":[-1.7,1.1]}},{"type":"Feature","geometry":{"type":"Point","coordinates":[-79.411367,43.763051]},"properties":{"line":"384","mode":"bus","color":"#0059a9","colorDark":"#00294f","band":2,"off":[1.7,1.1]}},{"type":"Feature","geometry":{"type":"Point","coordinates":[-79.411367,43.763051]},"properties":{"line":"385","mode":"bus","color":"#0059a9","colorDark":"#00294f","band":2,"off":[5.1,1.1]}},{"type":"Feature","geometry":{"type":"Point","coordinates":[-79.179871,43.819761]},"properties":{"name":"Toronto Zoo","band":2,"modes":"bus","arr":["86","200"],"off":[0,-0.8]}},{"type":"Feature","geometry":{"type":"Point","coordinates":[-79.179871,43.819761]},"properties":{"line":"86","mode":"bus","color":"#0059a9","colorDark":"#00294f","band":2,"off":[-1.7,1.1]}},{"type":"Feature","geometry":{"type":"Point","coordinates":[-79.179871,43.819761]},"properties":{"line":"200","mode":"bus","color":"#0059a9","colorDark":"#00294f","band":2,"off":[1.7,1.1]}},{"type":"Feature","geometry":{"type":"Point","coordinates":[-79.350941,43.712774]},"properties":{"name":"Wicksteed Ave at Leslie St","band":2,"modes":"bus","arr":["88","156"],"off":[0,-0.8]}},{"type":"Feature","geometry":{"type":"Point","coordinates":[-79.350941,43.712774]},"properties":{"line":"88","mode":"bus","color":"#0059a9","colorDark":"#00294f","band":2,"off":[-1.7,1.1]}},{"type":"Feature","geometry":{"type":"Point","coordinates":[-79.350941,43.712774]},"properties":{"line":"156","mode":"bus","color":"#0059a9","colorDark":"#00294f","band":2,"off":[1.7,1.1]}},{"type":"Feature","geometry":{"type":"Point","coordinates":[-79.324573,43.740547]},"properties":{"name":"Railside Rd (West) at Lawrence Ave East","band":2,"modes":"bus","arr":["91"],"off":[0,-0.8]}},{"type":"Feature","geometry":{"type":"Point","coordinates":[-79.324573,43.740547]},"properties":{"line":"91","mode":"bus","color":"#0059a9","colorDark":"#00294f","band":2,"off":[0,1.1]}},{"type":"Feature","geometry":{"type":"Point","coordinates":[-79.312392,43.686511]},"properties":{"name":"Woodbine Station at Bus Bay 3","band":2,"modes":"bus","arr":["91","92","93"],"off":[0,-0.8]}},{"type":"Feature","geometry":{"type":"Point","coordinates":[-79.312392,43.686511]},"properties":{"name":"Woodbine Station at Bus Bay 2","band":2,"modes":"bus","arr":["91","92","93"],"off":[0,-3]}},{"type":"Feature","geometry":{"type":"Point","coordinates":[-79.312392,43.686511]},"properties":{"line":"91","mode":"bus","color":"#0059a9","colorDark":"#00294f","band":2,"off":[-3.4,1.1]}},{"type":"Feature","geometry":{"type":"Point","coordinates":[-79.312392,43.686511]},"properties":{"line":"92","mode":"bus","color":"#0059a9","colorDark":"#00294f","band":2,"off":[0,1.1]}},{"type":"Feature","geometry":{"type":"Point","coordinates":[-79.312392,43.686511]},"properties":{"line":"93","mode":"bus","color":"#0059a9","colorDark":"#00294f","band":2,"off":[3.4,1.1]}},{"type":"Feature","geometry":{"type":"Point","coordinates":[-79.309105,43.663402]},"properties":{"name":"Woodbine Beach Loop at Lake Shore Blvd East","band":2,"modes":"bus","arr":["92"],"off":[0,-0.8]}},{"type":"Feature","geometry":{"type":"Point","coordinates":[-79.309105,43.663402]},"properties":{"line":"92","mode":"bus","color":"#0059a9","colorDark":"#00294f","band":2,"off":[0,1.1]}},{"type":"Feature","geometry":{"type":"Point","coordinates":[-79.328265,43.704455]},"properties":{"name":"Parkview Hill Cres at Aspen Ave (North) East Side","band":2,"modes":"bus","arr":["93"],"off":[0,-0.8]}},{"type":"Feature","geometry":{"type":"Point","coordinates":[-79.328265,43.704455]},"properties":{"line":"93","mode":"bus","color":"#0059a9","colorDark":"#00294f","band":2,"off":[0,1.1]}},{"type":"Feature","geometry":{"type":"Point","coordinates":[-79.332829,43.759473]},"properties":{"name":"York Mills Rd at Valley Woods Rd","band":2,"modes":"bus","arr":["191"],"off":[0,-0.8]}},{"type":"Feature","geometry":{"type":"Point","coordinates":[-79.332829,43.759473]},"properties":{"line":"191","mode":"bus","color":"#0059a9","colorDark":"#00294f","band":2,"off":[0,1.1]}},{"type":"Feature","geometry":{"type":"Point","coordinates":[-79.149945,43.797761]},"properties":{"name":"Rylander Blvd at Kingston Rd","band":2,"modes":"bus","arr":["95"],"off":[0,-0.8]}},{"type":"Feature","geometry":{"type":"Point","coordinates":[-79.149945,43.797761]},"properties":{"line":"95","mode":"bus","color":"#0059a9","colorDark":"#00294f","band":2,"off":[0,1.1]}},{"type":"Feature","geometry":{"type":"Point","coordinates":[-79.327525,43.760734]},"properties":{"name":"York Mills Rd at Fenside Dr","band":2,"modes":"bus","arr":["122"],"off":[0,-0.8]}},{"type":"Feature","geometry":{"type":"Point","coordinates":[-79.327525,43.760734]},"properties":{"line":"122","mode":"bus","color":"#0059a9","colorDark":"#00294f","band":2,"off":[0,1.1]}},{"type":"Feature","geometry":{"type":"Point","coordinates":[-79.339301,43.757574]},"properties":{"name":"York Mills Rd at Lochinvar Cres","band":2,"modes":"bus","arr":["191"],"off":[0,-0.8]}},{"type":"Feature","geometry":{"type":"Point","coordinates":[-79.339301,43.757574]},"properties":{"line":"191","mode":"bus","color":"#0059a9","colorDark":"#00294f","band":2,"off":[0,1.1]}},{"type":"Feature","geometry":{"type":"Point","coordinates":[-79.614227,43.750843]},"properties":{"name":"263 Carrier Dr","band":2,"modes":"bus","arr":["96"],"off":[0,-0.8]}},{"type":"Feature","geometry":{"type":"Point","coordinates":[-79.614227,43.750843]},"properties":{"line":"96","mode":"bus","color":"#0059a9","colorDark":"#00294f","band":2,"off":[0,1.1]}},{"type":"Feature","geometry":{"type":"Point","coordinates":[-79.406298,43.747208]},"properties":{"name":"York Mills Station at Bus Bay 6","band":2,"modes":"bus","arr":["96","122","165"],"off":[0,-0.8]}},{"type":"Feature","geometry":{"type":"Point","coordinates":[-79.406298,43.747208]},"properties":{"name":"York Mills Station at Bus Bay 3","band":2,"modes":"bus","arr":["96","122","165"],"off":[0,-3]}},{"type":"Feature","geometry":{"type":"Point","coordinates":[-79.406298,43.747208]},"properties":{"name":"York Mills Station at Bus Bay 2","band":2,"modes":"bus","arr":["96","122","165"],"off":[0,-5.2]}},{"type":"Feature","geometry":{"type":"Point","coordinates":[-79.406298,43.747208]},"properties":{"line":"96","mode":"bus","color":"#0059a9","colorDark":"#00294f","band":2,"off":[-3.4,1.1]}},{"type":"Feature","geometry":{"type":"Point","coordinates":[-79.406298,43.747208]},"properties":{"line":"122","mode":"bus","color":"#0059a9","colorDark":"#00294f","band":2,"off":[0,1.1]}},{"type":"Feature","geometry":{"type":"Point","coordinates":[-79.406298,43.747208]},"properties":{"line":"165","mode":"bus","color":"#0059a9","colorDark":"#00294f","band":2,"off":[3.4,1.1]}},{"type":"Feature","geometry":{"type":"Point","coordinates":[-79.419835,43.793667]},"properties":{"name":"Moore Park Ave at Yonge St West Side","band":2,"modes":"bus","arr":["97"],"off":[0,-0.8]}},{"type":"Feature","geometry":{"type":"Point","coordinates":[-79.419835,43.793667]},"properties":{"line":"97","mode":"bus","color":"#0059a9","colorDark":"#00294f","band":2,"off":[0,1.1]}},{"type":"Feature","geometry":{"type":"Point","coordinates":[-79.414902,43.78154]},"properties":{"name":"Finch Station at Bus Bay 4","band":2,"modes":"bus","arr":["125","336","339","953"],"off":[0,-0.8]}},{"type":"Feature","geometry":{"type":"Point","coordinates":[-79.414902,43.78154]},"properties":{"name":"Finch Station at Bus Bay 10","band":2,"modes":"bus","arr":["125","336","339","953"],"off":[0,-3]}},{"type":"Feature","geometry":{"type":"Point","coordinates":[-79.414902,43.78154]},"properties":{"name":"Finch Ave East at Yonge St East Side","band":2,"modes":"bus","arr":["125","336","339","953"],"off":[0,-5.2]}},{"type":"Feature","geometry":{"type":"Point","coordinates":[-79.414902,43.78154]},"properties":{"line":"125","mode":"bus","color":"#0059a9","colorDark":"#00294f","band":2,"off":[-5.1,1.1]}},{"type":"Feature","geometry":{"type":"Point","coordinates":[-79.414902,43.78154]},"properties":{"line":"336","mode":"bus","color":"#0059a9","colorDark":"#00294f","band":2,"off":[-1.7,1.1]}},{"type":"Feature","geometry":{"type":"Point","coordinates":[-79.414902,43.78154]},"properties":{"line":"339","mode":"bus","color":"#0059a9","colorDark":"#00294f","band":2,"off":[1.7,1.1]}},{"type":"Feature","geometry":{"type":"Point","coordinates":[-79.414902,43.78154]},"properties":{"line":"953","mode":"bus","color":"#0059a9","colorDark":"#00294f","band":2,"off":[5.1,1.1]}},{"type":"Feature","geometry":{"type":"Point","coordinates":[-79.435861,43.793125]},"properties":{"name":"Cactus Ave at Green Bush Rd West Side","band":2,"modes":"bus","arr":["98"],"off":[0,-0.8]}},{"type":"Feature","geometry":{"type":"Point","coordinates":[-79.435861,43.793125]},"properties":{"line":"98","mode":"bus","color":"#0059a9","colorDark":"#00294f","band":2,"off":[0,1.1]}},{"type":"Feature","geometry":{"type":"Point","coordinates":[-79.417955,43.798329]},"properties":{"name":"Steeles Ave East Loop","band":2,"modes":"bus","arr":["98","320"],"off":[0,-0.8]}},{"type":"Feature","geometry":{"type":"Point","coordinates":[-79.417955,43.798329]},"properties":{"line":"98","mode":"bus","color":"#0059a9","colorDark":"#00294f","band":2,"off":[-1.7,1.1]}},{"type":"Feature","geometry":{"type":"Point","coordinates":[-79.417955,43.798329]},"properties":{"line":"320","mode":"bus","color":"#0059a9","colorDark":"#00294f","band":2,"off":[1.7,1.1]}},{"type":"Feature","geometry":{"type":"Point","coordinates":[-79.532607,43.74518]},"properties":{"name":"Arrow Division Transportation Office","band":2,"modes":"bus","arr":["99"],"off":[0,-0.8]}},{"type":"Feature","geometry":{"type":"Point","coordinates":[-79.532607,43.74518]},"properties":{"line":"99","mode":"bus","color":"#0059a9","colorDark":"#00294f","band":2,"off":[0,1.1]}},{"type":"Feature","geometry":{"type":"Point","coordinates":[-79.530347,43.747578]},"properties":{"name":"Arrow Rd at Deerhide Cres (South)","band":2,"modes":"bus","arr":["99"],"off":[0,-0.8]}},{"type":"Feature","geometry":{"type":"Point","coordinates":[-79.530347,43.747578]},"properties":{"line":"99","mode":"bus","color":"#0059a9","colorDark":"#00294f","band":2,"off":[0,1.1]}},{"type":"Feature","geometry":{"type":"Point","coordinates":[-79.358134,43.678764]},"properties":{"name":"Erindale Ave at Broadview Ave East Side","band":2,"modes":"bus","arr":["100","322","925"],"off":[0,-0.8]}},{"type":"Feature","geometry":{"type":"Point","coordinates":[-79.358134,43.678764]},"properties":{"name":"Broadview Station at Bus Bay 3","band":2,"modes":"bus","arr":["100","322","925"],"off":[0,-4.1]}},{"type":"Feature","geometry":{"type":"Point","coordinates":[-79.358134,43.678764]},"properties":{"name":"Broadview Station at Bus Bay 2","band":2,"modes":"bus","arr":["100","322","925"],"off":[0,-6.3]}},{"type":"Feature","geometry":{"type":"Point","coordinates":[-79.358134,43.678764]},"properties":{"line":"100","mode":"bus","color":"#0059a9","colorDark":"#00294f","band":2,"off":[-3.4,1.1]}},{"type":"Feature","geometry":{"type":"Point","coordinates":[-79.358134,43.678764]},"properties":{"line":"322","mode":"bus","color":"#0059a9","colorDark":"#00294f","band":2,"off":[0,1.1]}},{"type":"Feature","geometry":{"type":"Point","coordinates":[-79.358134,43.678764]},"properties":{"line":"925","mode":"bus","color":"#0059a9","colorDark":"#00294f","band":2,"off":[3.4,1.1]}},{"type":"Feature","geometry":{"type":"Point","coordinates":[-79.477841,43.733626]},"properties":{"name":"Locust Lodge Gardens at Stanley Greene Blvd","band":2,"modes":"bus","arr":["101"],"off":[0,-0.8]}},{"type":"Feature","geometry":{"type":"Point","coordinates":[-79.477841,43.733626]},"properties":{"line":"101","mode":"bus","color":"#0059a9","colorDark":"#00294f","band":2,"off":[0,1.1]}},{"type":"Feature","geometry":{"type":"Point","coordinates":[-79.268471,43.909772]},"properties":{"name":"Major Mackenzie Dr East at Markham Rd","band":2,"modes":"bus","arr":["102"],"off":[0,-0.8]}},{"type":"Feature","geometry":{"type":"Point","coordinates":[-79.268471,43.909772]},"properties":{"line":"102","mode":"bus","color":"#0059a9","colorDark":"#00294f","band":2,"off":[0,1.1]}},{"type":"Feature","geometry":{"type":"Point","coordinates":[-79.4002,43.73471]},"properties":{"name":"Doncliffe Loop at Glen Echo Rd","band":2,"modes":"bus","arr":["103"],"off":[0,-0.8]}},{"type":"Feature","geometry":{"type":"Point","coordinates":[-79.4002,43.73471]},"properties":{"line":"103","mode":"bus","color":"#0059a9","colorDark":"#00294f","band":2,"off":[0,1.1]}},{"type":"Feature","geometry":{"type":"Point","coordinates":[-79.462431,43.750095]},"properties":{"name":"Sheppard West Station at Bus Bay 3","band":2,"modes":"bus","arr":["104","105","106"],"off":[0,-0.8]}},{"type":"Feature","geometry":{"type":"Point","coordinates":[-79.462431,43.750095]},"properties":{"name":"Sheppard West Station at Bus Bay 11","band":2,"modes":"bus","arr":["104","105","106"],"off":[0,-3]}},{"type":"Feature","geometry":{"type":"Point","coordinates":[-79.462431,43.750095]},"properties":{"name":"Sheppard West Station at Bus Bay 10","band":2,"modes":"bus","arr":["104","105","106"],"off":[0,-5.2]}},{"type":"Feature","geometry":{"type":"Point","coordinates":[-79.462431,43.750095]},"properties":{"line":"104","mode":"bus","color":"#0059a9","colorDark":"#00294f","band":2,"off":[-3.4,1.1]}},{"type":"Feature","geometry":{"type":"Point","coordinates":[-79.462431,43.750095]},"properties":{"line":"105","mode":"bus","color":"#0059a9","colorDark":"#00294f","band":2,"off":[0,1.1]}},{"type":"Feature","geometry":{"type":"Point","coordinates":[-79.462431,43.750095]},"properties":{"line":"106","mode":"bus","color":"#0059a9","colorDark":"#00294f","band":2,"off":[3.4,1.1]}},{"type":"Feature","geometry":{"type":"Point","coordinates":[-79.462169,43.748321]},"properties":{"name":"Sheppard West Station at Bus Bay 8","band":2,"modes":"bus","arr":["107","108"],"off":[0,-0.8]}},{"type":"Feature","geometry":{"type":"Point","coordinates":[-79.462169,43.748321]},"properties":{"name":"Sheppard West Station at Bus Bay 5","band":2,"modes":"bus","arr":["107","108"],"off":[0,-3]}},{"type":"Feature","geometry":{"type":"Point","coordinates":[-79.462169,43.748321]},"properties":{"line":"107","mode":"bus","color":"#0059a9","colorDark":"#00294f","band":2,"off":[-1.7,1.1]}},{"type":"Feature","geometry":{"type":"Point","coordinates":[-79.462169,43.748321]},"properties":{"line":"108","mode":"bus","color":"#0059a9","colorDark":"#00294f","band":2,"off":[1.7,1.1]}},{"type":"Feature","geometry":{"type":"Point","coordinates":[-79.509288,43.778051]},"properties":{"name":"Pioneer Village Station Bus Bay 9","band":2,"modes":"bus","arr":["108","166","935"],"off":[0,-0.8]}},{"type":"Feature","geometry":{"type":"Point","coordinates":[-79.509288,43.778051]},"properties":{"name":"Pioneer Village Station Bus Bay 6","band":2,"modes":"bus","arr":["108","166","935"],"off":[0,-3]}},{"type":"Feature","geometry":{"type":"Point","coordinates":[-79.509288,43.778051]},"properties":{"name":"Pioneer Village Station Bus Bay 12","band":2,"modes":"bus","arr":["108","166","935"],"off":[0,-5.2]}},{"type":"Feature","geometry":{"type":"Point","coordinates":[-79.509288,43.778051]},"properties":{"line":"108","mode":"bus","color":"#0059a9","colorDark":"#00294f","band":2,"off":[-3.4,1.1]}},{"type":"Feature","geometry":{"type":"Point","coordinates":[-79.509288,43.778051]},"properties":{"line":"166","mode":"bus","color":"#0059a9","colorDark":"#00294f","band":2,"off":[0,1.1]}},{"type":"Feature","geometry":{"type":"Point","coordinates":[-79.509288,43.778051]},"properties":{"line":"935","mode":"bus","color":"#0059a9","colorDark":"#00294f","band":2,"off":[3.4,1.1]}},{"type":"Feature","geometry":{"type":"Point","coordinates":[-79.433419,43.731328]},"properties":{"name":"Neptune Dr at Bathurst St","band":2,"modes":"bus","arr":["109"],"off":[0,-0.8]}},{"type":"Feature","geometry":{"type":"Point","coordinates":[-79.433419,43.731328]},"properties":{"line":"109","mode":"bus","color":"#0059a9","colorDark":"#00294f","band":2,"off":[0,1.1]}},{"type":"Feature","geometry":{"type":"Point","coordinates":[-79.543709,43.592123]},"properties":{"name":"Long Branch Loop","band":2,"modes":"bus,tram","arr":["110","123","315","507"],"off":[0,-0.8]}},{"type":"Feature","geometry":{"type":"Point","coordinates":[-79.543709,43.592123]},"properties":{"line":"110","mode":"bus","color":"#0059a9","colorDark":"#00294f","band":2,"off":[-5.1,1.1]}},{"type":"Feature","geometry":{"type":"Point","coordinates":[-79.543709,43.592123]},"properties":{"line":"123","mode":"bus","color":"#0059a9","colorDark":"#00294f","band":2,"off":[-1.7,1.1]}},{"type":"Feature","geometry":{"type":"Point","coordinates":[-79.543709,43.592123]},"properties":{"line":"315","mode":"bus","color":"#0059a9","colorDark":"#00294f","band":2,"off":[1.7,1.1]}},{"type":"Feature","geometry":{"type":"Point","coordinates":[-79.543709,43.592123]},"properties":{"line":"507","mode":"tram","color":"#d6212b","colorDark":"#7c1116","band":2,"off":[5.1,1.1]}},{"type":"Feature","geometry":{"type":"Point","coordinates":[-79.568557,43.675782]},"properties":{"name":"Willowridge Rd at Richgrove Dr","band":2,"modes":"bus","arr":["111"],"off":[0,-0.8]}},{"type":"Feature","geometry":{"type":"Point","coordinates":[-79.568557,43.675782]},"properties":{"line":"111","mode":"bus","color":"#0059a9","colorDark":"#00294f","band":2,"off":[0,1.1]}},{"type":"Feature","geometry":{"type":"Point","coordinates":[-79.590951,43.677192]},"properties":{"name":"International Blvd at Carlingview Dr East Side","band":2,"modes":"bus","arr":["112"],"off":[0,-0.8]}},{"type":"Feature","geometry":{"type":"Point","coordinates":[-79.590951,43.677192]},"properties":{"name":"Carlingview Dr at Renforth Dr","band":2,"modes":"bus","arr":["112"],"off":[0,-4.1]}},{"type":"Feature","geometry":{"type":"Point","coordinates":[-79.590951,43.677192]},"properties":{"line":"112","mode":"bus","color":"#0059a9","colorDark":"#00294f","band":2,"off":[0,1.1]}},{"type":"Feature","geometry":{"type":"Point","coordinates":[-79.364608,43.762617]},"properties":{"name":"Davean Dr at Woodsworth Rd West Side","band":2,"modes":"bus","arr":["115"],"off":[0,-0.8]}},{"type":"Feature","geometry":{"type":"Point","coordinates":[-79.364608,43.762617]},"properties":{"line":"115","mode":"bus","color":"#0059a9","colorDark":"#00294f","band":2,"off":[0,1.1]}},{"type":"Feature","geometry":{"type":"Point","coordinates":[-79.263491,43.733325]},"properties":{"name":"Kennedy Station at Bus Bay 3","band":2,"modes":"bus","arr":["116","129","201","903","904","939"],"off":[0,-0.8]}},{"type":"Feature","geometry":{"type":"Point","coordinates":[-79.263491,43.733325]},"properties":{"name":"Kennedy Station at Bus Bay 15 (Platform B)","band":2,"modes":"bus","arr":["116","129","201","903","904","939"],"off":[0,-3]}},{"type":"Feature","geometry":{"type":"Point","coordinates":[-79.263491,43.733325]},"properties":{"name":"Kennedy Station at Bus Bay 11","band":2,"modes":"bus","arr":["116","129","201","903","904","939"],"off":[0,-6.3]}},{"type":"Feature","geometry":{"type":"Point","coordinates":[-79.263491,43.733325]},"properties":{"line":"116","mode":"bus","color":"#0059a9","colorDark":"#00294f","band":2,"off":[-6.8,1.1]}},{"type":"Feature","geometry":{"type":"Point","coordinates":[-79.263491,43.733325]},"properties":{"line":"129","mode":"bus","color":"#0059a9","colorDark":"#00294f","band":2,"off":[-3.4,1.1]}},{"type":"Feature","geometry":{"type":"Point","coordinates":[-79.263491,43.733325]},"properties":{"line":"201","mode":"bus","color":"#0059a9","colorDark":"#00294f","band":2,"off":[0,1.1]}},{"type":"Feature","geometry":{"type":"Point","coordinates":[-79.263491,43.733325]},"properties":{"line":"903","mode":"bus","color":"#0059a9","colorDark":"#00294f","band":2,"off":[3.4,1.1]}},{"type":"Feature","geometry":{"type":"Point","coordinates":[-79.263491,43.733325]},"properties":{"line":"904","mode":"bus","color":"#0059a9","colorDark":"#00294f","band":2,"off":[6.8,1.1]}},{"type":"Feature","geometry":{"type":"Point","coordinates":[-79.263491,43.733325]},"properties":{"line":"939","mode":"bus","color":"#0059a9","colorDark":"#00294f","band":2,"off":[0,3.1]}},{"type":"Feature","geometry":{"type":"Point","coordinates":[-79.28862,43.693443]},"properties":{"name":"Victoria Park Station at Bus Bay 3","band":2,"modes":"bus","arr":["117"],"off":[0,-0.8]}},{"type":"Feature","geometry":{"type":"Point","coordinates":[-79.28862,43.693443]},"properties":{"line":"117","mode":"bus","color":"#0059a9","colorDark":"#00294f","band":2,"off":[0,1.1]}},{"type":"Feature","geometry":{"type":"Point","coordinates":[-79.559432,43.737071]},"properties":{"name":"Thistle Down Blvd at Barkwin Dr West Side","band":2,"modes":"bus","arr":["118"],"off":[0,-0.8]}},{"type":"Feature","geometry":{"type":"Point","coordinates":[-79.559432,43.737071]},"properties":{"line":"118","mode":"bus","color":"#0059a9","colorDark":"#00294f","band":2,"off":[0,1.1]}},{"type":"Feature","geometry":{"type":"Point","coordinates":[-79.450722,43.736481]},"properties":{"name":"Wilson Station at Bus Bay 8","band":2,"modes":"bus","arr":["118","119","120"],"off":[0,-0.8]}},{"type":"Feature","geometry":{"type":"Point","coordinates":[-79.450722,43.736481]},"properties":{"name":"Wilson Station at Bus Bay 6","band":2,"modes":"bus","arr":["118","119","120"],"off":[0,-3]}},{"type":"Feature","geometry":{"type":"Point","coordinates":[-79.450722,43.736481]},"properties":{"name":"Wilson Station at Bus Bay 5","band":2,"modes":"bus","arr":["118","119","120"],"off":[0,-5.2]}},{"type":"Feature","geometry":{"type":"Point","coordinates":[-79.450722,43.736481]},"properties":{"line":"118","mode":"bus","color":"#0059a9","colorDark":"#00294f","band":2,"off":[-3.4,1.1]}},{"type":"Feature","geometry":{"type":"Point","coordinates":[-79.450722,43.736481]},"properties":{"line":"119","mode":"bus","color":"#0059a9","colorDark":"#00294f","band":2,"off":[0,1.1]}},{"type":"Feature","geometry":{"type":"Point","coordinates":[-79.450722,43.736481]},"properties":{"line":"120","mode":"bus","color":"#0059a9","colorDark":"#00294f","band":2,"off":[3.4,1.1]}},{"type":"Feature","geometry":{"type":"Point","coordinates":[-79.553016,43.751636]},"properties":{"name":"Milvan Dr at Penn Drive S North Side","band":2,"modes":"bus","arr":["119","166"],"off":[0,-0.8]}},{"type":"Feature","geometry":{"type":"Point","coordinates":[-79.553016,43.751636]},"properties":{"name":"Milvan Dr at Penn Dr (South)","band":2,"modes":"bus","arr":["119","166"],"off":[0,-3]}},{"type":"Feature","geometry":{"type":"Point","coordinates":[-79.553016,43.751636]},"properties":{"line":"119","mode":"bus","color":"#0059a9","colorDark":"#00294f","band":2,"off":[-1.7,1.1]}},{"type":"Feature","geometry":{"type":"Point","coordinates":[-79.553016,43.751636]},"properties":{"line":"166","mode":"bus","color":"#0059a9","colorDark":"#00294f","band":2,"off":[1.7,1.1]}},{"type":"Feature","geometry":{"type":"Point","coordinates":[-79.501214,43.740852]},"properties":{"name":"Northover St at Sheppard Ave West South Side","band":2,"modes":"bus","arr":["120"],"off":[0,-0.8]}},{"type":"Feature","geometry":{"type":"Point","coordinates":[-79.501214,43.740852]},"properties":{"line":"120","mode":"bus","color":"#0059a9","colorDark":"#00294f","band":2,"off":[0,1.1]}},{"type":"Feature","geometry":{"type":"Point","coordinates":[-79.535649,43.638525]},"properties":{"name":"Kipling Station at Bus Bay 7","band":2,"modes":"bus","arr":["123","149","900","927"],"off":[0,-0.8]}},{"type":"Feature","geometry":{"type":"Point","coordinates":[-79.535649,43.638525]},"properties":{"name":"Kipling Station at Bus Bay 4","band":2,"modes":"bus","arr":["123","149","900","927"],"off":[0,-3]}},{"type":"Feature","geometry":{"type":"Point","coordinates":[-79.535649,43.638525]},"properties":{"name":"Kipling Station at Bus Bay 3","band":2,"modes":"bus","arr":["123","149","900","927"],"off":[0,-5.2]}},{"type":"Feature","geometry":{"type":"Point","coordinates":[-79.535649,43.638525]},"properties":{"line":"123","mode":"bus","color":"#0059a9","colorDark":"#00294f","band":2,"off":[-5.1,1.1]}},{"type":"Feature","geometry":{"type":"Point","coordinates":[-79.535649,43.638525]},"properties":{"line":"149","mode":"bus","color":"#0059a9","colorDark":"#00294f","band":2,"off":[-1.7,1.1]}},{"type":"Feature","geometry":{"type":"Point","coordinates":[-79.535649,43.638525]},"properties":{"line":"900","mode":"bus","color":"#0059a9","colorDark":"#00294f","band":2,"off":[1.7,1.1]}},{"type":"Feature","geometry":{"type":"Point","coordinates":[-79.535649,43.638525]},"properties":{"line":"927","mode":"bus","color":"#0059a9","colorDark":"#00294f","band":2,"off":[5.1,1.1]}},{"type":"Feature","geometry":{"type":"Point","coordinates":[-79.451785,43.779444]},"properties":{"name":"Antibes Dr (South) at Torresdale Ave East Side","band":2,"modes":"bus","arr":["125"],"off":[0,-0.8]}},{"type":"Feature","geometry":{"type":"Point","coordinates":[-79.451785,43.779444]},"properties":{"line":"125","mode":"bus","color":"#0059a9","colorDark":"#00294f","band":2,"off":[0,1.1]}},{"type":"Feature","geometry":{"type":"Point","coordinates":[-79.418619,43.664114]},"properties":{"name":"Christie Station North Side","band":2,"modes":"bus","arr":["126"],"off":[0,-0.8]}},{"type":"Feature","geometry":{"type":"Point","coordinates":[-79.418619,43.664114]},"properties":{"line":"126","mode":"bus","color":"#0059a9","colorDark":"#00294f","band":2,"off":[0,1.1]}},{"type":"Feature","geometry":{"type":"Point","coordinates":[-79.463494,43.674074]},"properties":{"name":"Townsley Loop at Tonwsley St","band":2,"modes":"bus","arr":["127"],"off":[0,-0.8]}},{"type":"Feature","geometry":{"type":"Point","coordinates":[-79.463494,43.674074]},"properties":{"line":"127","mode":"bus","color":"#0059a9","colorDark":"#00294f","band":2,"off":[0,1.1]}},{"type":"Feature","geometry":{"type":"Point","coordinates":[-79.403724,43.667244]},"properties":{"name":"Spadina Station Streetcar Platform","band":2,"modes":"bus,tram","arr":["127","310","510"],"off":[0,-0.8]}},{"type":"Feature","geometry":{"type":"Point","coordinates":[-79.403724,43.667244]},"properties":{"name":"Spadina Station at Bus Bay 4","band":2,"modes":"bus,tram","arr":["127","310","510"],"off":[0,-3]}},{"type":"Feature","geometry":{"type":"Point","coordinates":[-79.403724,43.667244]},"properties":{"line":"127","mode":"bus","color":"#0059a9","colorDark":"#00294f","band":2,"off":[-3.4,1.1]}},{"type":"Feature","geometry":{"type":"Point","coordinates":[-79.403724,43.667244]},"properties":{"line":"310","mode":"tram","color":"#d6212b","colorDark":"#7c1116","band":2,"off":[0,1.1]}},{"type":"Feature","geometry":{"type":"Point","coordinates":[-79.403724,43.667244]},"properties":{"line":"510","mode":"tram","color":"#d6212b","colorDark":"#7c1116","band":2,"off":[3.4,1.1]}},{"type":"Feature","geometry":{"type":"Point","coordinates":[-79.304829,43.900709]},"properties":{"name":"Major Mackenzie Dr East at Ridgecrest Rd","band":2,"modes":"bus","arr":["129"],"off":[0,-0.8]}},{"type":"Feature","geometry":{"type":"Point","coordinates":[-79.304829,43.900709]},"properties":{"line":"129","mode":"bus","color":"#0059a9","colorDark":"#00294f","band":2,"off":[0,1.1]}},{"type":"Feature","geometry":{"type":"Point","coordinates":[-79.268323,43.83508]},"properties":{"name":"Middlefield Rd Loop at Steeles Ave East","band":2,"modes":"bus","arr":["130"],"off":[0,-0.8]}},{"type":"Feature","geometry":{"type":"Point","coordinates":[-79.268323,43.83508]},"properties":{"line":"130","mode":"bus","color":"#0059a9","colorDark":"#00294f","band":2,"off":[0,1.1]}},{"type":"Feature","geometry":{"type":"Point","coordinates":[-79.201765,43.82182]},"properties":{"name":"Morningview Trail at Old Finch Ave","band":2,"modes":"bus","arr":["131"],"off":[0,-0.8]}},{"type":"Feature","geometry":{"type":"Point","coordinates":[-79.201765,43.82182]},"properties":{"line":"131","mode":"bus","color":"#0059a9","colorDark":"#00294f","band":2,"off":[0,1.1]}},{"type":"Feature","geometry":{"type":"Point","coordinates":[-79.213462,43.814362]},"properties":{"name":"Sewells Rd at Hupfield Trail West Side","band":2,"modes":"bus","arr":["132"],"off":[0,-0.8]}},{"type":"Feature","geometry":{"type":"Point","coordinates":[-79.213462,43.814362]},"properties":{"line":"132","mode":"bus","color":"#0059a9","colorDark":"#00294f","band":2,"off":[0,1.1]}},{"type":"Feature","geometry":{"type":"Point","coordinates":[-79.225859,43.812373]},"properties":{"name":"Neilson Rd at Crow Trail","band":2,"modes":"bus","arr":["339"],"off":[0,-0.8]}},{"type":"Feature","geometry":{"type":"Point","coordinates":[-79.225859,43.812373]},"properties":{"line":"339","mode":"bus","color":"#0059a9","colorDark":"#00294f","band":2,"off":[0,1.1]}},{"type":"Feature","geometry":{"type":"Point","coordinates":[-79.232191,43.817131]},"properties":{"name":"Finchdene Sq (East) at Finchdene Sq (South)","band":2,"modes":"bus","arr":["134"],"off":[0,-0.8]}},{"type":"Feature","geometry":{"type":"Point","coordinates":[-79.232191,43.817131]},"properties":{"line":"134","mode":"bus","color":"#0059a9","colorDark":"#00294f","band":2,"off":[0,1.1]}},{"type":"Feature","geometry":{"type":"Point","coordinates":[-79.237881,43.81886]},"properties":{"name":"Newgale Gate at Finchdene Sq West Side","band":2,"modes":"bus","arr":["334","339","353"],"off":[0,-0.8]}},{"type":"Feature","geometry":{"type":"Point","coordinates":[-79.237881,43.81886]},"properties":{"name":"Newgale Gate at Finchdene Sq","band":2,"modes":"bus","arr":["334","339","353"],"off":[0,-4.1]}},{"type":"Feature","geometry":{"type":"Point","coordinates":[-79.237881,43.81886]},"properties":{"line":"334","mode":"bus","color":"#0059a9","colorDark":"#00294f","band":2,"off":[-3.4,1.1]}},{"type":"Feature","geometry":{"type":"Point","coordinates":[-79.237881,43.81886]},"properties":{"line":"339","mode":"bus","color":"#0059a9","colorDark":"#00294f","band":2,"off":[0,1.1]}},{"type":"Feature","geometry":{"type":"Point","coordinates":[-79.237881,43.81886]},"properties":{"line":"353","mode":"bus","color":"#0059a9","colorDark":"#00294f","band":2,"off":[3.4,1.1]}},{"type":"Feature","geometry":{"type":"Point","coordinates":[-79.258465,43.772913]},"properties":{"name":"Scarborough Centre Station at Bus Bay 2","band":2,"modes":"bus","arr":["134","996"],"off":[0,-0.8]}},{"type":"Feature","geometry":{"type":"Point","coordinates":[-79.258465,43.772913]},"properties":{"name":"Scarborough Centre Station at Bus Bay 11","band":2,"modes":"bus","arr":["134","996"],"off":[0,-4.1]}},{"type":"Feature","geometry":{"type":"Point","coordinates":[-79.258465,43.772913]},"properties":{"line":"134","mode":"bus","color":"#0059a9","colorDark":"#00294f","band":2,"off":[-1.7,1.1]}},{"type":"Feature","geometry":{"type":"Point","coordinates":[-79.258465,43.772913]},"properties":{"line":"996","mode":"bus","color":"#0059a9","colorDark":"#00294f","band":2,"off":[1.7,1.1]}},{"type":"Feature","geometry":{"type":"Point","coordinates":[-79.173436,43.79042]},"properties":{"name":"Morrish Rd at Ellesmere Rd","band":2,"modes":"bus","arr":["154"],"off":[0,-0.8]}},{"type":"Feature","geometry":{"type":"Point","coordinates":[-79.173436,43.79042]},"properties":{"line":"154","mode":"bus","color":"#0059a9","colorDark":"#00294f","band":2,"off":[0,1.1]}},{"type":"Feature","geometry":{"type":"Point","coordinates":[-79.474949,43.690673]},"properties":{"name":"Keelesdale Station at Bus Bay 4","band":2,"modes":"bus","arr":["158"],"off":[0,-0.8]}},{"type":"Feature","geometry":{"type":"Point","coordinates":[-79.474949,43.690673]},"properties":{"line":"158","mode":"bus","color":"#0059a9","colorDark":"#00294f","band":2,"off":[0,1.1]}},{"type":"Feature","geometry":{"type":"Point","coordinates":[-79.448364,43.802903]},"properties":{"name":"Bathurst St at Clark Ave West South Side","band":2,"modes":"bus","arr":["160"],"off":[0,-0.8]}},{"type":"Feature","geometry":{"type":"Point","coordinates":[-79.448364,43.802903]},"properties":{"line":"160","mode":"bus","color":"#0059a9","colorDark":"#00294f","band":2,"off":[0,1.1]}},{"type":"Feature","geometry":{"type":"Point","coordinates":[-79.450906,43.73478]},"properties":{"name":"Wilson Station at Lower Bus Bay 8","band":2,"modes":"bus","arr":["160","184"],"off":[0,-0.8]}},{"type":"Feature","geometry":{"type":"Point","coordinates":[-79.450906,43.73478]},"properties":{"name":"Wilson Station at Lower Bus Bay 4","band":2,"modes":"bus","arr":["160","184"],"off":[0,-3]}},{"type":"Feature","geometry":{"type":"Point","coordinates":[-79.450906,43.73478]},"properties":{"line":"160","mode":"bus","color":"#0059a9","colorDark":"#00294f","band":2,"off":[-1.7,1.1]}},{"type":"Feature","geometry":{"type":"Point","coordinates":[-79.450906,43.73478]},"properties":{"line":"184","mode":"bus","color":"#0059a9","colorDark":"#00294f","band":2,"off":[1.7,1.1]}},{"type":"Feature","geometry":{"type":"Point","coordinates":[-79.426747,43.661655]},"properties":{"name":"Ossington Station at Bus Bay 3","band":2,"modes":"bus","arr":["161"],"off":[0,-0.8]}},{"type":"Feature","geometry":{"type":"Point","coordinates":[-79.426747,43.661655]},"properties":{"line":"161","mode":"bus","color":"#0059a9","colorDark":"#00294f","band":2,"off":[0,1.1]}},{"type":"Feature","geometry":{"type":"Point","coordinates":[-79.337804,43.720619]},"properties":{"name":"Don Valley Station at Temporary Bus Bay 5","band":2,"modes":"bus","arr":["162","191"],"off":[0,-0.8]}},{"type":"Feature","geometry":{"type":"Point","coordinates":[-79.337804,43.720619]},"properties":{"line":"162","mode":"bus","color":"#0059a9","colorDark":"#00294f","band":2,"off":[-1.7,1.1]}},{"type":"Feature","geometry":{"type":"Point","coordinates":[-79.337804,43.720619]},"properties":{"line":"191","mode":"bus","color":"#0059a9","colorDark":"#00294f","band":2,"off":[1.7,1.1]}},{"type":"Feature","geometry":{"type":"Point","coordinates":[-79.545776,43.764768]},"properties":{"name":"Ormont Dr at Weston Rd","band":2,"modes":"bus","arr":["165"],"off":[0,-0.8]}},{"type":"Feature","geometry":{"type":"Point","coordinates":[-79.545776,43.764768]},"properties":{"line":"165","mode":"bus","color":"#0059a9","colorDark":"#00294f","band":2,"off":[0,1.1]}},{"type":"Feature","geometry":{"type":"Point","coordinates":[-79.543437,43.771141]},"properties":{"name":"Old Weston Rd at Steeles Ave West","band":2,"modes":"bus","arr":["989"],"off":[0,-0.8]}},{"type":"Feature","geometry":{"type":"Point","coordinates":[-79.543437,43.771141]},"properties":{"line":"989","mode":"bus","color":"#0059a9","colorDark":"#00294f","band":2,"off":[0,1.1]}},{"type":"Feature","geometry":{"type":"Point","coordinates":[-79.336893,43.818198]},"properties":{"name":"Esna Park Dr Loop at Steeles Ave East","band":2,"modes":"bus","arr":["167"],"off":[0,-0.8]}},{"type":"Feature","geometry":{"type":"Point","coordinates":[-79.336893,43.818198]},"properties":{"line":"167","mode":"bus","color":"#0059a9","colorDark":"#00294f","band":2,"off":[0,1.1]}},{"type":"Feature","geometry":{"type":"Point","coordinates":[-79.346659,43.777562]},"properties":{"name":"Don Mills Station at Bus Bay 15","band":2,"modes":"bus","arr":["169","185","904","985"],"off":[0,-0.8]}},{"type":"Feature","geometry":{"type":"Point","coordinates":[-79.346659,43.777562]},"properties":{"name":"Don Mills Station at Bus Bay 14","band":2,"modes":"bus","arr":["169","185","904","985"],"off":[0,-3]}},{"type":"Feature","geometry":{"type":"Point","coordinates":[-79.346659,43.777562]},"properties":{"name":"Don Mills Station at Bus Bay 10","band":2,"modes":"bus","arr":["169","185","904","985"],"off":[0,-5.2]}},{"type":"Feature","geometry":{"type":"Point","coordinates":[-79.346659,43.777562]},"properties":{"line":"169","mode":"bus","color":"#0059a9","colorDark":"#00294f","band":2,"off":[-5.1,1.1]}},{"type":"Feature","geometry":{"type":"Point","coordinates":[-79.346659,43.777562]},"properties":{"line":"185","mode":"bus","color":"#0059a9","colorDark":"#00294f","band":2,"off":[-1.7,1.1]}},{"type":"Feature","geometry":{"type":"Point","coordinates":[-79.346659,43.777562]},"properties":{"line":"904","mode":"bus","color":"#0059a9","colorDark":"#00294f","band":2,"off":[1.7,1.1]}},{"type":"Feature","geometry":{"type":"Point","coordinates":[-79.346659,43.777562]},"properties":{"line":"985","mode":"bus","color":"#0059a9","colorDark":"#00294f","band":2,"off":[5.1,1.1]}},{"type":"Feature","geometry":{"type":"Point","coordinates":[-79.495259,43.676247]},"properties":{"name":"Alliance Ave at Jane St","band":2,"modes":"bus","arr":["171"],"off":[0,-0.8]}},{"type":"Feature","geometry":{"type":"Point","coordinates":[-79.495259,43.676247]},"properties":{"line":"171","mode":"bus","color":"#0059a9","colorDark":"#00294f","band":2,"off":[0,1.1]}},{"type":"Feature","geometry":{"type":"Point","coordinates":[-79.467874,43.736581]},"properties":{"name":"Ancaster Rd at Powell Rd South Side","band":2,"modes":"bus","arr":["184"],"off":[0,-0.8]}},{"type":"Feature","geometry":{"type":"Point","coordinates":[-79.467874,43.736581]},"properties":{"line":"184","mode":"bus","color":"#0059a9","colorDark":"#00294f","band":2,"off":[0,1.1]}},{"type":"Feature","geometry":{"type":"Point","coordinates":[-79.497207,43.666448]},"properties":{"name":"2672 St Clair Ave West","band":2,"modes":"bus","arr":["189"],"off":[0,-0.8]}},{"type":"Feature","geometry":{"type":"Point","coordinates":[-79.497207,43.666448]},"properties":{"line":"189","mode":"bus","color":"#0059a9","colorDark":"#00294f","band":2,"off":[0,1.1]}},{"type":"Feature","geometry":{"type":"Point","coordinates":[-79.460436,43.656896]},"properties":{"name":"Keele St at Bloor St West - Keele Station","band":2,"modes":"bus","arr":["341"],"off":[0,-0.8]}},{"type":"Feature","geometry":{"type":"Point","coordinates":[-79.460436,43.656896]},"properties":{"name":"66 Keele St","band":2,"modes":"bus","arr":["341"],"off":[0,-4.1]}},{"type":"Feature","geometry":{"type":"Point","coordinates":[-79.460436,43.656896]},"properties":{"line":"341","mode":"bus","color":"#0059a9","colorDark":"#00294f","band":2,"off":[0,1.1]}},{"type":"Feature","geometry":{"type":"Point","coordinates":[-79.471674,43.671878]},"properties":{"name":"Gunns Loop at St Clair Ave West","band":2,"modes":"tram,bus","arr":["312","340","512"],"off":[0,-0.8]}},{"type":"Feature","geometry":{"type":"Point","coordinates":[-79.471674,43.671878]},"properties":{"line":"312","mode":"tram","color":"#d6212b","colorDark":"#7c1116","band":2,"off":[-3.4,1.1]}},{"type":"Feature","geometry":{"type":"Point","coordinates":[-79.471674,43.671878]},"properties":{"line":"340","mode":"bus","color":"#0059a9","colorDark":"#00294f","band":2,"off":[0,1.1]}},{"type":"Feature","geometry":{"type":"Point","coordinates":[-79.471674,43.671878]},"properties":{"line":"512","mode":"tram","color":"#d6212b","colorDark":"#7c1116","band":2,"off":[3.4,1.1]}},{"type":"Feature","geometry":{"type":"Point","coordinates":[-79.228584,43.712869]},"properties":{"name":"Scarborough Bluffs Beach Loop at Bluffers Park","band":2,"modes":"bus","arr":["201"],"off":[0,-0.8]}},{"type":"Feature","geometry":{"type":"Point","coordinates":[-79.228584,43.712869]},"properties":{"line":"201","mode":"bus","color":"#0059a9","colorDark":"#00294f","band":2,"off":[0,1.1]}},{"type":"Feature","geometry":{"type":"Point","coordinates":[-79.344416,43.637007]},"properties":{"name":"Cherry Beach Loop at Clarke Beach","band":2,"modes":"bus","arr":["202"],"off":[0,-0.8]}},{"type":"Feature","geometry":{"type":"Point","coordinates":[-79.344416,43.637007]},"properties":{"line":"202","mode":"bus","color":"#0059a9","colorDark":"#00294f","band":2,"off":[0,1.1]}},{"type":"Feature","geometry":{"type":"Point","coordinates":[-79.46485,43.645536]},"properties":{"name":"Colborne Lodge Dr at Centre Rd","band":2,"modes":"bus","arr":["203"],"off":[0,-0.8]}},{"type":"Feature","geometry":{"type":"Point","coordinates":[-79.46485,43.645536]},"properties":{"line":"203","mode":"bus","color":"#0059a9","colorDark":"#00294f","band":2,"off":[0,1.1]}},{"type":"Feature","geometry":{"type":"Point","coordinates":[-79.620987,43.686789]},"properties":{"name":"Pearson Airport Terminal 3 (Arrivals Level Columns C8-C12)","band":2,"modes":"bus","arr":["300","352","900","952"],"off":[0,-0.8]}},{"type":"Feature","geometry":{"type":"Point","coordinates":[-79.620987,43.686789]},"properties":{"line":"300","mode":"bus","color":"#0059a9","colorDark":"#00294f","band":2,"off":[-5.1,1.1]}},{"type":"Feature","geometry":{"type":"Point","coordinates":[-79.620987,43.686789]},"properties":{"line":"352","mode":"bus","color":"#0059a9","colorDark":"#00294f","band":2,"off":[-1.7,1.1]}},{"type":"Feature","geometry":{"type":"Point","coordinates":[-79.620987,43.686789]},"properties":{"line":"900","mode":"bus","color":"#0059a9","colorDark":"#00294f","band":2,"off":[1.7,1.1]}},{"type":"Feature","geometry":{"type":"Point","coordinates":[-79.620987,43.686789]},"properties":{"line":"952","mode":"bus","color":"#0059a9","colorDark":"#00294f","band":2,"off":[5.1,1.1]}},{"type":"Feature","geometry":{"type":"Point","coordinates":[-79.611087,43.681868]},"properties":{"name":"Pearson Airport Terminal 1 (Ground Level Column R4)","band":2,"modes":"bus","arr":["300","352","900","952"],"off":[0,-0.8]}},{"type":"Feature","geometry":{"type":"Point","coordinates":[-79.611087,43.681868]},"properties":{"line":"300","mode":"bus","color":"#0059a9","colorDark":"#00294f","band":2,"off":[-5.1,1.1]}},{"type":"Feature","geometry":{"type":"Point","coordinates":[-79.611087,43.681868]},"properties":{"line":"352","mode":"bus","color":"#0059a9","colorDark":"#00294f","band":2,"off":[-1.7,1.1]}},{"type":"Feature","geometry":{"type":"Point","coordinates":[-79.611087,43.681868]},"properties":{"line":"900","mode":"bus","color":"#0059a9","colorDark":"#00294f","band":2,"off":[1.7,1.1]}},{"type":"Feature","geometry":{"type":"Point","coordinates":[-79.611087,43.681868]},"properties":{"line":"952","mode":"bus","color":"#0059a9","colorDark":"#00294f","band":2,"off":[5.1,1.1]}},{"type":"Feature","geometry":{"type":"Point","coordinates":[-79.41518,43.636437]},"properties":{"name":"Exhibition Loop at Manitoba Dr","band":2,"modes":"bus,tram","arr":["307","329","363","509","511"],"off":[0,-0.8]}},{"type":"Feature","geometry":{"type":"Point","coordinates":[-79.41518,43.636437]},"properties":{"name":"Exhibition Loop","band":2,"modes":"bus,tram","arr":["307","329","363","509","511"],"off":[0,-3]}},{"type":"Feature","geometry":{"type":"Point","coordinates":[-79.41518,43.636437]},"properties":{"line":"307","mode":"bus","color":"#0059a9","colorDark":"#00294f","band":2,"off":[-6.8,1.1]}},{"type":"Feature","geometry":{"type":"Point","coordinates":[-79.41518,43.636437]},"properties":{"line":"329","mode":"bus","color":"#0059a9","colorDark":"#00294f","band":2,"off":[-3.4,1.1]}},{"type":"Feature","geometry":{"type":"Point","coordinates":[-79.41518,43.636437]},"properties":{"line":"363","mode":"bus","color":"#0059a9","colorDark":"#00294f","band":2,"off":[0,1.1]}},{"type":"Feature","geometry":{"type":"Point","coordinates":[-79.41518,43.636437]},"properties":{"line":"509","mode":"tram","color":"#d6212b","colorDark":"#7c1116","band":2,"off":[3.4,1.1]}},{"type":"Feature","geometry":{"type":"Point","coordinates":[-79.41518,43.636437]},"properties":{"line":"511","mode":"tram","color":"#d6212b","colorDark":"#7c1116","band":2,"off":[6.8,1.1]}},{"type":"Feature","geometry":{"type":"Point","coordinates":[-79.275157,43.83242]},"properties":{"name":"McCowan Rd Loop at Steeles Ave East","band":2,"modes":"bus","arr":["316"],"off":[0,-0.8]}},{"type":"Feature","geometry":{"type":"Point","coordinates":[-79.275157,43.83242]},"properties":{"line":"316","mode":"bus","color":"#0059a9","colorDark":"#00294f","band":2,"off":[0,1.1]}},{"type":"Feature","geometry":{"type":"Point","coordinates":[-79.375188,43.642746]},"properties":{"name":"Yonge St at Queens Quay East North Side","band":2,"modes":"bus","arr":["320"],"off":[0,-0.8]}},{"type":"Feature","geometry":{"type":"Point","coordinates":[-79.375188,43.642746]},"properties":{"line":"320","mode":"bus","color":"#0059a9","colorDark":"#00294f","band":2,"off":[0,1.1]}},{"type":"Feature","geometry":{"type":"Point","coordinates":[-79.436636,43.69825]},"properties":{"name":"Eglinton Ave West at Everden Rd (Eglinton West Sta","band":2,"modes":"bus","arr":["363"],"off":[0,-0.8]}},{"type":"Feature","geometry":{"type":"Point","coordinates":[-79.436636,43.69825]},"properties":{"name":"Cedarvale Station at Bus Bay 2","band":2,"modes":"bus","arr":["363"],"off":[0,-4.1]}},{"type":"Feature","geometry":{"type":"Point","coordinates":[-79.436636,43.69825]},"properties":{"line":"363","mode":"bus","color":"#0059a9","colorDark":"#00294f","band":2,"off":[0,1.1]}},{"type":"Feature","geometry":{"type":"Point","coordinates":[-79.576507,43.764114]},"properties":{"name":"Steeles Ave West Loop at Islington Ave","band":2,"modes":"bus","arr":["337","384","937"],"off":[0,-0.8]}},{"type":"Feature","geometry":{"type":"Point","coordinates":[-79.576507,43.764114]},"properties":{"line":"337","mode":"bus","color":"#0059a9","colorDark":"#00294f","band":2,"off":[-3.4,1.1]}},{"type":"Feature","geometry":{"type":"Point","coordinates":[-79.576507,43.764114]},"properties":{"line":"384","mode":"bus","color":"#0059a9","colorDark":"#00294f","band":2,"off":[0,1.1]}},{"type":"Feature","geometry":{"type":"Point","coordinates":[-79.576507,43.764114]},"properties":{"line":"937","mode":"bus","color":"#0059a9","colorDark":"#00294f","band":2,"off":[3.4,1.1]}},{"type":"Feature","geometry":{"type":"Point","coordinates":[-79.506534,43.600756]},"properties":{"name":"Eighth St at Lake Shore Blvd West North Side","band":2,"modes":"bus","arr":["337"],"off":[0,-0.8]}},{"type":"Feature","geometry":{"type":"Point","coordinates":[-79.506534,43.600756]},"properties":{"line":"337","mode":"bus","color":"#0059a9","colorDark":"#00294f","band":2,"off":[0,1.1]}},{"type":"Feature","geometry":{"type":"Point","coordinates":[-79.412149,43.760289]},"properties":{"name":"Sheppard-Yonge Station at Bus Bay 6/6A","band":2,"modes":"metro,bus","arr":["4","385","984"],"off":[0,-0.8]}},{"type":"Feature","geometry":{"type":"Point","coordinates":[-79.412149,43.760289]},"properties":{"name":"Sheppard-Yonge Station","band":2,"modes":"metro,bus","arr":["4","385","984"],"off":[0,-4.1]}},{"type":"Feature","geometry":{"type":"Point","coordinates":[-79.412149,43.760289]},"properties":{"name":"Sheppard Ave East at Yonge St","band":2,"modes":"metro,bus","arr":["4","385","984"],"off":[0,-6.3]}},{"type":"Feature","geometry":{"type":"Point","coordinates":[-79.412149,43.760289]},"properties":{"line":"4","mode":"tram","color":"#B300B3","colorDark":"#620062","band":2,"metro":1,"off":[-3.4,1.1]}},{"type":"Feature","geometry":{"type":"Point","coordinates":[-79.412149,43.760289]},"properties":{"line":"385","mode":"bus","color":"#0059a9","colorDark":"#00294f","band":2,"off":[0,1.1]}},{"type":"Feature","geometry":{"type":"Point","coordinates":[-79.412149,43.760289]},"properties":{"line":"984","mode":"bus","color":"#0059a9","colorDark":"#00294f","band":2,"off":[3.4,1.1]}},{"type":"Feature","geometry":{"type":"Point","coordinates":[-79.170819,43.809172]},"properties":{"name":"Meadowvale Loop at Sheppard Ave East","band":2,"modes":"bus","arr":["386","985","986"],"off":[0,-0.8]}},{"type":"Feature","geometry":{"type":"Point","coordinates":[-79.170819,43.809172]},"properties":{"line":"386","mode":"bus","color":"#0059a9","colorDark":"#00294f","band":2,"off":[-3.4,1.1]}},{"type":"Feature","geometry":{"type":"Point","coordinates":[-79.170819,43.809172]},"properties":{"line":"985","mode":"bus","color":"#0059a9","colorDark":"#00294f","band":2,"off":[0,1.1]}},{"type":"Feature","geometry":{"type":"Point","coordinates":[-79.170819,43.809172]},"properties":{"line":"986","mode":"bus","color":"#0059a9","colorDark":"#00294f","band":2,"off":[3.4,1.1]}},{"type":"Feature","geometry":{"type":"Point","coordinates":[-79.405931,43.744916]},"properties":{"name":"York Mills Station at Bus Bay 8","band":2,"modes":"bus","arr":["396","995"],"off":[0,-0.8]}},{"type":"Feature","geometry":{"type":"Point","coordinates":[-79.405931,43.744916]},"properties":{"name":"York Mills Rd at Yonge St East Side","band":2,"modes":"bus","arr":["396","995"],"off":[0,-3]}},{"type":"Feature","geometry":{"type":"Point","coordinates":[-79.405931,43.744916]},"properties":{"name":"York Mills Rd at Yonge St","band":2,"modes":"bus","arr":["396","995"],"off":[0,-5.2]}},{"type":"Feature","geometry":{"type":"Point","coordinates":[-79.405931,43.744916]},"properties":{"line":"396","mode":"bus","color":"#0059a9","colorDark":"#00294f","band":2,"off":[-1.7,1.1]}},{"type":"Feature","geometry":{"type":"Point","coordinates":[-79.405931,43.744916]},"properties":{"line":"995","mode":"bus","color":"#0059a9","colorDark":"#00294f","band":2,"off":[1.7,1.1]}},{"type":"Feature","geometry":{"type":"Point","coordinates":[-79.488142,43.723559]},"properties":{"name":"Humber River Hospital","band":2,"modes":"bus","arr":["400"],"off":[0,-0.8]}},{"type":"Feature","geometry":{"type":"Point","coordinates":[-79.488142,43.723559]},"properties":{"line":"400","mode":"bus","color":"#0059a9","colorDark":"#00294f","band":2,"off":[0,1.1]}},{"type":"Feature","geometry":{"type":"Point","coordinates":[-79.433223,43.73797]},"properties":{"name":"270 Wilson Ave - No Frills","band":2,"modes":"bus","arr":["400"],"off":[0,-0.8]}},{"type":"Feature","geometry":{"type":"Point","coordinates":[-79.433223,43.73797]},"properties":{"line":"400","mode":"bus","color":"#0059a9","colorDark":"#00294f","band":2,"off":[0,1.1]}},{"type":"Feature","geometry":{"type":"Point","coordinates":[-79.434105,43.655969]},"properties":{"name":"Dufferin Mall","band":2,"modes":"bus","arr":["402"],"off":[0,-0.8]}},{"type":"Feature","geometry":{"type":"Point","coordinates":[-79.434105,43.655969]},"properties":{"line":"402","mode":"bus","color":"#0059a9","colorDark":"#00294f","band":2,"off":[0,1.1]}},{"type":"Feature","geometry":{"type":"Point","coordinates":[-79.432323,43.635329]},"properties":{"name":"Toronto Rehab - Bickle Centre at 130 Dunn Ave","band":2,"modes":"bus","arr":["402"],"off":[0,-0.8]}},{"type":"Feature","geometry":{"type":"Point","coordinates":[-79.432323,43.635329]},"properties":{"line":"402","mode":"bus","color":"#0059a9","colorDark":"#00294f","band":2,"off":[0,1.1]}},{"type":"Feature","geometry":{"type":"Point","coordinates":[-79.345589,43.733828]},"properties":{"name":"1050 Don Mills Rd - Shops On Don Mills","band":2,"modes":"bus","arr":["403"],"off":[0,-0.8]}},{"type":"Feature","geometry":{"type":"Point","coordinates":[-79.345589,43.733828]},"properties":{"line":"403","mode":"bus","color":"#0059a9","colorDark":"#00294f","band":2,"off":[0,1.1]}},{"type":"Feature","geometry":{"type":"Point","coordinates":[-79.347469,43.706655]},"properties":{"name":"East York Town Centre","band":2,"modes":"bus","arr":["403"],"off":[0,-0.8]}},{"type":"Feature","geometry":{"type":"Point","coordinates":[-79.347469,43.706655]},"properties":{"line":"403","mode":"bus","color":"#0059a9","colorDark":"#00294f","band":2,"off":[0,1.1]}},{"type":"Feature","geometry":{"type":"Point","coordinates":[-79.552446,43.680683]},"properties":{"name":"1540 Kipling Ave - Richview Residence - Kipling Building","band":2,"modes":"bus","arr":["405"],"off":[0,-0.8]}},{"type":"Feature","geometry":{"type":"Point","coordinates":[-79.552446,43.680683]},"properties":{"line":"405","mode":"bus","color":"#0059a9","colorDark":"#00294f","band":2,"off":[0,1.1]}},{"type":"Feature","geometry":{"type":"Point","coordinates":[-79.507803,43.689578]},"properties":{"name":"170 Emmett Ave - West Park Healthcare Centre - Main Entrance","band":2,"modes":"bus","arr":["405"],"off":[0,-0.8]}},{"type":"Feature","geometry":{"type":"Point","coordinates":[-79.507803,43.689578]},"properties":{"line":"405","mode":"bus","color":"#0059a9","colorDark":"#00294f","band":2,"off":[0,1.1]}},{"type":"Feature","geometry":{"type":"Point","coordinates":[-79.197532,43.754507]},"properties":{"name":"130 Westlake Rd - Guildwood Station","band":2,"modes":"bus","arr":["406"],"off":[0,-0.8]}},{"type":"Feature","geometry":{"type":"Point","coordinates":[-79.197532,43.754507]},"properties":{"line":"406","mode":"bus","color":"#0059a9","colorDark":"#00294f","band":2,"off":[0,1.1]}},{"type":"Feature","geometry":{"type":"Point","coordinates":[-79.242302,43.835741]},"properties":{"name":"Morningside Ave at Passmore Ave - Amazon Fulfillment Centre","band":2,"modes":"bus","arr":["902"],"off":[0,-0.8]}},{"type":"Feature","geometry":{"type":"Point","coordinates":[-79.242302,43.835741]},"properties":{"line":"902","mode":"bus","color":"#0059a9","colorDark":"#00294f","band":2,"off":[0,1.1]}},{"type":"Feature","geometry":{"type":"Point","coordinates":[-79.229602,43.786078]},"properties":{"name":"Centennial College Bus Terminal","band":2,"modes":"bus","arr":["903"],"off":[0,-0.8]}},{"type":"Feature","geometry":{"type":"Point","coordinates":[-79.229602,43.786078]},"properties":{"line":"903","mode":"bus","color":"#0059a9","colorDark":"#00294f","band":2,"off":[0,1.1]}},{"type":"Feature","geometry":{"type":"Point","coordinates":[-79.264366,43.730868]},"properties":{"name":"Kennedy Station at Bus Bay 5","band":2,"modes":"metro,bus","arr":["2","5","905","986"],"off":[0,-0.8]}},{"type":"Feature","geometry":{"type":"Point","coordinates":[-79.264366,43.730868]},"properties":{"name":"Kennedy Station - Subway Platform","band":2,"modes":"metro,bus","arr":["2","5","905","986"],"off":[0,-3]}},{"type":"Feature","geometry":{"type":"Point","coordinates":[-79.264366,43.730868]},"properties":{"name":"Kennedy Station","band":2,"modes":"metro,bus","arr":["2","5","905","986"],"off":[0,-5.2]}},{"type":"Feature","geometry":{"type":"Point","coordinates":[-79.264366,43.730868]},"properties":{"line":"2","mode":"tram","color":"#008000","colorDark":"#004600","band":2,"metro":1,"off":[-5.1,1.1]}},{"type":"Feature","geometry":{"type":"Point","coordinates":[-79.264366,43.730868]},"properties":{"line":"5","mode":"tram","color":"#FF8000","colorDark":"#8c4600","band":2,"metro":1,"off":[-1.7,1.1]}},{"type":"Feature","geometry":{"type":"Point","coordinates":[-79.264366,43.730868]},"properties":{"line":"905","mode":"bus","color":"#0059a9","colorDark":"#00294f","band":2,"off":[1.7,1.1]}},{"type":"Feature","geometry":{"type":"Point","coordinates":[-79.264366,43.730868]},"properties":{"line":"986","mode":"bus","color":"#0059a9","colorDark":"#00294f","band":2,"off":[5.1,1.1]}},{"type":"Feature","geometry":{"type":"Point","coordinates":[-79.185568,43.78435]},"properties":{"name":"University of Toronto Scarborough","band":2,"modes":"bus","arr":["905","995"],"off":[0,-0.8]}},{"type":"Feature","geometry":{"type":"Point","coordinates":[-79.185568,43.78435]},"properties":{"line":"905","mode":"bus","color":"#0059a9","colorDark":"#00294f","band":2,"off":[-1.7,1.1]}},{"type":"Feature","geometry":{"type":"Point","coordinates":[-79.185568,43.78435]},"properties":{"line":"995","mode":"bus","color":"#0059a9","colorDark":"#00294f","band":2,"off":[1.7,1.1]}},{"type":"Feature","geometry":{"type":"Point","coordinates":[-79.615517,43.689525]},"properties":{"name":"Toronto Pearson Airport - Viscount Station","band":2,"modes":"bus","arr":["906"],"off":[0,-0.8]}},{"type":"Feature","geometry":{"type":"Point","coordinates":[-79.615517,43.689525]},"properties":{"line":"906","mode":"bus","color":"#0059a9","colorDark":"#00294f","band":2,"off":[0,1.1]}},{"type":"Feature","geometry":{"type":"Point","coordinates":[-79.483614,43.649427]},"properties":{"name":"Jane Station at Bus Bay 4","band":2,"modes":"bus","arr":["935"],"off":[0,-0.8]}},{"type":"Feature","geometry":{"type":"Point","coordinates":[-79.483614,43.649427]},"properties":{"line":"935","mode":"bus","color":"#0059a9","colorDark":"#00294f","band":2,"off":[0,1.1]}},{"type":"Feature","geometry":{"type":"Point","coordinates":[-79.490967,43.763632]},"properties":{"name":"Finch West Station Bus Bay 4","band":2,"modes":"metro,bus","arr":["6","939"],"off":[0,-0.8]}},{"type":"Feature","geometry":{"type":"Point","coordinates":[-79.490967,43.763632]},"properties":{"name":"Finch West Station - Subway Platform","band":2,"modes":"metro,bus","arr":["6","939"],"off":[0,-3]}},{"type":"Feature","geometry":{"type":"Point","coordinates":[-79.490967,43.763632]},"properties":{"name":"Finch West Station","band":2,"modes":"metro,bus","arr":["6","939"],"off":[0,-5.2]}},{"type":"Feature","geometry":{"type":"Point","coordinates":[-79.490967,43.763632]},"properties":{"line":"6","mode":"tram","color":"#808080","colorDark":"#464646","band":2,"metro":1,"off":[-1.7,1.1]}},{"type":"Feature","geometry":{"type":"Point","coordinates":[-79.490967,43.763632]},"properties":{"line":"939","mode":"bus","color":"#0059a9","colorDark":"#00294f","band":2,"off":[1.7,1.1]}},{"type":"Feature","geometry":{"type":"Point","coordinates":[-79.402223,43.724587]},"properties":{"name":"Lawrence Station at Bus Bay 1","band":2,"modes":"bus","arr":["952"],"off":[0,-0.8]}},{"type":"Feature","geometry":{"type":"Point","coordinates":[-79.402223,43.724587]},"properties":{"line":"952","mode":"bus","color":"#0059a9","colorDark":"#00294f","band":2,"off":[0,1.1]}},{"type":"Feature","geometry":{"type":"Point","coordinates":[-79.624921,43.752764]},"properties":{"name":"Signal Hill Ave at Steeles Ave West","band":2,"modes":"bus","arr":["960"],"off":[0,-0.8]}},{"type":"Feature","geometry":{"type":"Point","coordinates":[-79.624921,43.752764]},"properties":{"line":"960","mode":"bus","color":"#0059a9","colorDark":"#00294f","band":2,"off":[0,1.1]}},{"type":"Feature","geometry":{"type":"Point","coordinates":[-79.478718,43.630998]},"properties":{"name":"Humber Loop at the Queensway","band":2,"modes":"tram","arr":["301","501","507"],"off":[0,-0.8]}},{"type":"Feature","geometry":{"type":"Point","coordinates":[-79.478718,43.630998]},"properties":{"line":"301","mode":"tram","color":"#d6212b","colorDark":"#7c1116","band":2,"off":[-3.4,1.1]}},{"type":"Feature","geometry":{"type":"Point","coordinates":[-79.478718,43.630998]},"properties":{"line":"501","mode":"tram","color":"#d6212b","colorDark":"#7c1116","band":2,"off":[0,1.1]}},{"type":"Feature","geometry":{"type":"Point","coordinates":[-79.478718,43.630998]},"properties":{"line":"507","mode":"tram","color":"#d6212b","colorDark":"#7c1116","band":2,"off":[3.4,1.1]}},{"type":"Feature","geometry":{"type":"Point","coordinates":[-79.282556,43.67368]},"properties":{"name":"Queen St East at Neville Park Blvd","band":2,"modes":"tram","arr":["301","501"],"off":[0,-0.8]}},{"type":"Feature","geometry":{"type":"Point","coordinates":[-79.282556,43.67368]},"properties":{"line":"301","mode":"tram","color":"#d6212b","colorDark":"#7c1116","band":2,"off":[-1.7,1.1]}},{"type":"Feature","geometry":{"type":"Point","coordinates":[-79.282556,43.67368]},"properties":{"line":"501","mode":"tram","color":"#d6212b","colorDark":"#7c1116","band":2,"off":[1.7,1.1]}},{"type":"Feature","geometry":{"type":"Point","coordinates":[-79.35843,43.67705]},"properties":{"name":"Broadview Station at Bay 6","band":2,"modes":"tram","arr":["304","305","505"],"off":[0,-0.8]}},{"type":"Feature","geometry":{"type":"Point","coordinates":[-79.35843,43.67705]},"properties":{"name":"Broadview Ave at Danforth Ave","band":2,"modes":"tram","arr":["304","305","505"],"off":[0,-3]}},{"type":"Feature","geometry":{"type":"Point","coordinates":[-79.35843,43.67705]},"properties":{"line":"304","mode":"tram","color":"#d6212b","colorDark":"#7c1116","band":2,"off":[-3.4,1.1]}},{"type":"Feature","geometry":{"type":"Point","coordinates":[-79.35843,43.67705]},"properties":{"line":"305","mode":"tram","color":"#d6212b","colorDark":"#7c1116","band":2,"off":[0,1.1]}},{"type":"Feature","geometry":{"type":"Point","coordinates":[-79.35843,43.67705]},"properties":{"line":"505","mode":"tram","color":"#d6212b","colorDark":"#7c1116","band":2,"off":[3.4,1.1]}},{"type":"Feature","geometry":{"type":"Point","coordinates":[-79.453145,43.65564]},"properties":{"name":"Dundas West Station at Bay 5","band":2,"modes":"tram","arr":["304","305","504","505"],"off":[0,-0.8]}},{"type":"Feature","geometry":{"type":"Point","coordinates":[-79.453145,43.65564]},"properties":{"name":"Dundas West Station at Bay 4","band":2,"modes":"tram","arr":["304","305","504","505"],"off":[0,-3]}},{"type":"Feature","geometry":{"type":"Point","coordinates":[-79.453145,43.65564]},"properties":{"name":"Dundas St West at Bloor St West","band":2,"modes":"tram","arr":["304","305","504","505"],"off":[0,-5.2]}},{"type":"Feature","geometry":{"type":"Point","coordinates":[-79.453145,43.65564]},"properties":{"line":"304","mode":"tram","color":"#d6212b","colorDark":"#7c1116","band":2,"off":[-5.1,1.1]}},{"type":"Feature","geometry":{"type":"Point","coordinates":[-79.453145,43.65564]},"properties":{"line":"305","mode":"tram","color":"#d6212b","colorDark":"#7c1116","band":2,"off":[-1.7,1.1]}},{"type":"Feature","geometry":{"type":"Point","coordinates":[-79.453145,43.65564]},"properties":{"line":"504","mode":"tram","color":"#d6212b","colorDark":"#7c1116","band":2,"off":[1.7,1.1]}},{"type":"Feature","geometry":{"type":"Point","coordinates":[-79.453145,43.65564]},"properties":{"line":"505","mode":"tram","color":"#d6212b","colorDark":"#7c1116","band":2,"off":[5.1,1.1]}},{"type":"Feature","geometry":{"type":"Point","coordinates":[-79.457441,43.649106]},"properties":{"name":"Howard Park Ave at Parkside Dr East Side","band":2,"modes":"tram","arr":["306"],"off":[0,-0.8]}},{"type":"Feature","geometry":{"type":"Point","coordinates":[-79.457441,43.649106]},"properties":{"name":"Howard Park Ave at Parkside Dr","band":2,"modes":"tram","arr":["306"],"off":[0,-4.1]}},{"type":"Feature","geometry":{"type":"Point","coordinates":[-79.457441,43.649106]},"properties":{"line":"306","mode":"tram","color":"#d6212b","colorDark":"#7c1116","band":2,"off":[0,1.1]}},{"type":"Feature","geometry":{"type":"Point","coordinates":[-79.392425,43.686912]},"properties":{"name":"St Clair Station at Bay 2","band":2,"modes":"tram","arr":["312","512"],"off":[0,-0.8]}},{"type":"Feature","geometry":{"type":"Point","coordinates":[-79.392425,43.686912]},"properties":{"name":"St Clair Station at Bay 1","band":2,"modes":"tram","arr":["312","512"],"off":[0,-3]}},{"type":"Feature","geometry":{"type":"Point","coordinates":[-79.392425,43.686912]},"properties":{"line":"312","mode":"tram","color":"#d6212b","colorDark":"#7c1116","band":2,"off":[-1.7,1.1]}},{"type":"Feature","geometry":{"type":"Point","coordinates":[-79.392425,43.686912]},"properties":{"line":"512","mode":"tram","color":"#d6212b","colorDark":"#7c1116","band":2,"off":[1.7,1.1]}},{"type":"Feature","geometry":{"type":"Point","coordinates":[-79.383678,43.648287]},"properties":{"name":"York St at King St West North Side","band":2,"modes":"tram","arr":["503"],"off":[0,-0.8]}},{"type":"Feature","geometry":{"type":"Point","coordinates":[-79.383678,43.648287]},"properties":{"line":"503","mode":"tram","color":"#d6212b","colorDark":"#7c1116","band":2,"off":[0,1.1]}},{"type":"Feature","geometry":{"type":"Point","coordinates":[-79.356986,43.650818]},"properties":{"name":"Distillery Loop","band":2,"modes":"tram","arr":["504"],"off":[0,-0.8]}},{"type":"Feature","geometry":{"type":"Point","coordinates":[-79.356986,43.650818]},"properties":{"line":"504","mode":"tram","color":"#d6212b","colorDark":"#7c1116","band":2,"off":[0,1.1]}},{"type":"Feature","geometry":{"type":"Point","coordinates":[-79.45813,43.64783]},"properties":{"name":"High Park Loop","band":2,"modes":"tram","arr":["506"],"off":[0,-0.8]}},{"type":"Feature","geometry":{"type":"Point","coordinates":[-79.45813,43.64783]},"properties":{"line":"506","mode":"tram","color":"#d6212b","colorDark":"#7c1116","band":2,"off":[0,1.1]}},{"type":"Feature","geometry":{"type":"Point","coordinates":[-79.3018,43.68925]},"properties":{"name":"Main Street Station at Bay 7","band":2,"modes":"tram","arr":["506"],"off":[0,-0.8]}},{"type":"Feature","geometry":{"type":"Point","coordinates":[-79.3018,43.68925]},"properties":{"line":"506","mode":"tram","color":"#d6212b","colorDark":"#7c1116","band":2,"off":[0,1.1]}},{"type":"Feature","geometry":{"type":"Point","coordinates":[-79.415549,43.779349]},"properties":{"name":"Finch Station","band":2,"modes":"metro","arr":["1"],"off":[0,-0.8]}},{"type":"Feature","geometry":{"type":"Point","coordinates":[-79.415549,43.779349]},"properties":{"line":"1","mode":"tram","color":"#D5C82B","colorDark":"#756e18","band":2,"metro":1,"off":[0,1.1]}},{"type":"Feature","geometry":{"type":"Point","coordinates":[-79.52741,43.793792]},"properties":{"name":"Vaughan Metropolitan Centre Station - Subway Platform","band":2,"modes":"metro","arr":["1"],"off":[0,-0.8]}},{"type":"Feature","geometry":{"type":"Point","coordinates":[-79.52741,43.793792]},"properties":{"name":"Vaughan Metropolitan Centre Station","band":2,"modes":"metro","arr":["1"],"off":[0,-4.1]}},{"type":"Feature","geometry":{"type":"Point","coordinates":[-79.52741,43.793792]},"properties":{"line":"1","mode":"tram","color":"#D5C82B","colorDark":"#756e18","band":2,"metro":1,"off":[0,1.1]}},{"type":"Feature","geometry":{"type":"Point","coordinates":[-79.415839,43.780283]},"properties":{"name":"Finch Station - Subway Platform","band":2,"modes":"metro","arr":["1"],"off":[0,-0.8]}},{"type":"Feature","geometry":{"type":"Point","coordinates":[-79.415839,43.780283]},"properties":{"line":"1","mode":"tram","color":"#D5C82B","colorDark":"#756e18","band":2,"metro":1,"off":[0,1.1]}},{"type":"Feature","geometry":{"type":"Point","coordinates":[-79.535362,43.637009]},"properties":{"name":"Kipling Station - Subway Platform","band":2,"modes":"metro","arr":["2"],"off":[0,-0.8]}},{"type":"Feature","geometry":{"type":"Point","coordinates":[-79.535362,43.637009]},"properties":{"name":"Kipling Station","band":2,"modes":"metro","arr":["2"],"off":[0,-3]}},{"type":"Feature","geometry":{"type":"Point","coordinates":[-79.535362,43.637009]},"properties":{"line":"2","mode":"tram","color":"#008000","colorDark":"#004600","band":2,"metro":1,"off":[0,1.1]}},{"type":"Feature","geometry":{"type":"Point","coordinates":[-79.347223,43.773811]},"properties":{"name":"Don Mills Station - Subway Platform","band":2,"modes":"metro","arr":["4"],"off":[0,-0.8]}},{"type":"Feature","geometry":{"type":"Point","coordinates":[-79.347223,43.773811]},"properties":{"name":"Don Mills Station","band":2,"modes":"metro","arr":["4"],"off":[0,-3]}},{"type":"Feature","geometry":{"type":"Point","coordinates":[-79.347223,43.773811]},"properties":{"line":"4","mode":"tram","color":"#B300B3","colorDark":"#620062","band":2,"metro":1,"off":[0,1.1]}},{"type":"Feature","geometry":{"type":"Point","coordinates":[-79.408929,43.761535]},"properties":{"name":"Sheppard-Yonge Station - Subway Platform","band":2,"modes":"metro","arr":["4"],"off":[0,-0.8]}},{"type":"Feature","geometry":{"type":"Point","coordinates":[-79.408929,43.761535]},"properties":{"line":"4","mode":"tram","color":"#B300B3","colorDark":"#620062","band":2,"metro":1,"off":[0,1.1]}},{"type":"Feature","geometry":{"type":"Point","coordinates":[-79.48642,43.68681]},"properties":{"name":"Mount Dennis Station","band":2,"modes":"metro","arr":["5"],"off":[0,-0.8]}},{"type":"Feature","geometry":{"type":"Point","coordinates":[-79.48642,43.68681]},"properties":{"line":"5","mode":"tram","color":"#FF8000","colorDark":"#8c4600","band":2,"metro":1,"off":[0,1.1]}},{"type":"Feature","geometry":{"type":"Point","coordinates":[-79.601462,43.729926]},"properties":{"name":"Humber College Station - Subway Platform","band":2,"modes":"metro","arr":["6"],"off":[0,-0.8]}},{"type":"Feature","geometry":{"type":"Point","coordinates":[-79.601462,43.729926]},"properties":{"name":"Humber College Station","band":2,"modes":"metro","arr":["6"],"off":[0,-4.1]}},{"type":"Feature","geometry":{"type":"Point","coordinates":[-79.601462,43.729926]},"properties":{"line":"6","mode":"tram","color":"#808080","colorDark":"#464646","band":2,"metro":1,"off":[0,1.1]}},{"type":"Feature","geometry":{"type":"Point","coordinates":[-79.444647,43.790798]},"properties":{"name":"Greenwin Village Rd at Bathurst St","band":3,"modes":"bus","arr":["7","307"],"off":[0,-0.8]}},{"type":"Feature","geometry":{"type":"Point","coordinates":[-79.444647,43.790798]},"properties":{"line":"7","mode":"bus","color":"#0059a9","colorDark":"#00294f","band":3,"off":[-1.7,1.1]}},{"type":"Feature","geometry":{"type":"Point","coordinates":[-79.444647,43.790798]},"properties":{"line":"307","mode":"bus","color":"#0059a9","colorDark":"#00294f","band":3,"off":[1.7,1.1]}},{"type":"Feature","geometry":{"type":"Point","coordinates":[-79.411156,43.666305]},"properties":{"name":"Bathurst Station at Bus Bay 3","band":3,"modes":"bus,tram","arr":["7","511"],"off":[0,-0.8]}},{"type":"Feature","geometry":{"type":"Point","coordinates":[-79.411156,43.666305]},"properties":{"name":"Bathurst Station at Bay 6","band":3,"modes":"bus,tram","arr":["7","511"],"off":[0,-3]}},{"type":"Feature","geometry":{"type":"Point","coordinates":[-79.411156,43.666305]},"properties":{"line":"7","mode":"bus","color":"#0059a9","colorDark":"#00294f","band":3,"off":[-1.7,1.1]}},{"type":"Feature","geometry":{"type":"Point","coordinates":[-79.411156,43.666305]},"properties":{"line":"511","mode":"tram","color":"#d6212b","colorDark":"#7c1116","band":3,"off":[1.7,1.1]}},{"type":"Feature","geometry":{"type":"Point","coordinates":[-79.444394,43.792584]},"properties":{"name":"Steeles Ave West at Bathurst St East Side","band":3,"modes":"bus","arr":["307"],"off":[0,-0.8]}},{"type":"Feature","geometry":{"type":"Point","coordinates":[-79.444394,43.792584]},"properties":{"line":"307","mode":"bus","color":"#0059a9","colorDark":"#00294f","band":3,"off":[0,1.1]}},{"type":"Feature","geometry":{"type":"Point","coordinates":[-79.280212,43.711181]},"properties":{"name":"Warden Station at Temporary Bus Bay 8","band":3,"modes":"bus","arr":["8","9","16","17","68"],"off":[0,-0.8]}},{"type":"Feature","geometry":{"type":"Point","coordinates":[-79.280212,43.711181]},"properties":{"name":"Warden Station at Temporary Bus Bay 5","band":3,"modes":"bus","arr":["8","9","16","17","68"],"off":[0,-4.1]}},{"type":"Feature","geometry":{"type":"Point","coordinates":[-79.280212,43.711181]},"properties":{"name":"Warden Station at Temporary Bus Bay 3","band":3,"modes":"bus","arr":["8","9","16","17","68"],"off":[0,-7.4]}},{"type":"Feature","geometry":{"type":"Point","coordinates":[-79.280212,43.711181]},"properties":{"line":"8","mode":"bus","color":"#0059a9","colorDark":"#00294f","band":3,"off":[-6.8,1.1]}},{"type":"Feature","geometry":{"type":"Point","coordinates":[-79.280212,43.711181]},"properties":{"line":"9","mode":"bus","color":"#0059a9","colorDark":"#00294f","band":3,"off":[-3.4,1.1]}},{"type":"Feature","geometry":{"type":"Point","coordinates":[-79.280212,43.711181]},"properties":{"line":"16","mode":"bus","color":"#0059a9","colorDark":"#00294f","band":3,"off":[0,1.1]}},{"type":"Feature","geometry":{"type":"Point","coordinates":[-79.280212,43.711181]},"properties":{"line":"17","mode":"bus","color":"#0059a9","colorDark":"#00294f","band":3,"off":[3.4,1.1]}},{"type":"Feature","geometry":{"type":"Point","coordinates":[-79.280212,43.711181]},"properties":{"line":"68","mode":"bus","color":"#0059a9","colorDark":"#00294f","band":3,"off":[6.8,1.1]}},{"type":"Feature","geometry":{"type":"Point","coordinates":[-79.354885,43.664918]},"properties":{"name":"Gerrard St East at St Matthews Rd","band":3,"modes":"bus","arr":["8","62"],"off":[0,-0.8]}},{"type":"Feature","geometry":{"type":"Point","coordinates":[-79.354885,43.664918]},"properties":{"line":"8","mode":"bus","color":"#0059a9","colorDark":"#00294f","band":3,"off":[-1.7,1.1]}},{"type":"Feature","geometry":{"type":"Point","coordinates":[-79.354885,43.664918]},"properties":{"line":"62","mode":"bus","color":"#0059a9","colorDark":"#00294f","band":3,"off":[1.7,1.1]}},{"type":"Feature","geometry":{"type":"Point","coordinates":[-79.358298,43.677866]},"properties":{"name":"Erindale Ave at Broadview Ave East Side","band":3,"modes":"bus","arr":["100","322"],"off":[0,-0.8]}},{"type":"Feature","geometry":{"type":"Point","coordinates":[-79.358298,43.677866]},"properties":{"name":"Broadview Station at Bus Bay 2","band":3,"modes":"bus","arr":["100","322"],"off":[0,-4.1]}},{"type":"Feature","geometry":{"type":"Point","coordinates":[-79.358298,43.677866]},"properties":{"name":"Broadview Ave at Erindale Ave","band":3,"modes":"bus","arr":["100","322"],"off":[0,-6.3]}},{"type":"Feature","geometry":{"type":"Point","coordinates":[-79.358298,43.677866]},"properties":{"line":"100","mode":"bus","color":"#0059a9","colorDark":"#00294f","band":3,"off":[-1.7,1.1]}},{"type":"Feature","geometry":{"type":"Point","coordinates":[-79.358298,43.677866]},"properties":{"line":"322","mode":"bus","color":"#0059a9","colorDark":"#00294f","band":3,"off":[1.7,1.1]}},{"type":"Feature","geometry":{"type":"Point","coordinates":[-79.257359,43.774226]},"properties":{"name":"Scarborough Centre Station at Bus Bay 9","band":3,"modes":"bus","arr":["9","16","130","132","169","406"],"off":[0,-0.8]}},{"type":"Feature","geometry":{"type":"Point","coordinates":[-79.257359,43.774226]},"properties":{"name":"Scarborough Centre Station at Bus Bay 12","band":3,"modes":"bus","arr":["9","16","130","132","169","406"],"off":[0,-4.1]}},{"type":"Feature","geometry":{"type":"Point","coordinates":[-79.257359,43.774226]},"properties":{"name":"Scarborough Centre Station at Bus Bay 10","band":3,"modes":"bus","arr":["9","16","130","132","169","406"],"off":[0,-7.4]}},{"type":"Feature","geometry":{"type":"Point","coordinates":[-79.257359,43.774226]},"properties":{"line":"9","mode":"bus","color":"#0059a9","colorDark":"#00294f","band":3,"off":[-6.8,1.1]}},{"type":"Feature","geometry":{"type":"Point","coordinates":[-79.257359,43.774226]},"properties":{"line":"16","mode":"bus","color":"#0059a9","colorDark":"#00294f","band":3,"off":[-3.4,1.1]}},{"type":"Feature","geometry":{"type":"Point","coordinates":[-79.257359,43.774226]},"properties":{"line":"130","mode":"bus","color":"#0059a9","colorDark":"#00294f","band":3,"off":[0,1.1]}},{"type":"Feature","geometry":{"type":"Point","coordinates":[-79.257359,43.774226]},"properties":{"line":"132","mode":"bus","color":"#0059a9","colorDark":"#00294f","band":3,"off":[3.4,1.1]}},{"type":"Feature","geometry":{"type":"Point","coordinates":[-79.257359,43.774226]},"properties":{"line":"169","mode":"bus","color":"#0059a9","colorDark":"#00294f","band":3,"off":[6.8,1.1]}},{"type":"Feature","geometry":{"type":"Point","coordinates":[-79.257359,43.774226]},"properties":{"line":"406","mode":"bus","color":"#0059a9","colorDark":"#00294f","band":3,"off":[0,3.1]}},{"type":"Feature","geometry":{"type":"Point","coordinates":[-79.346303,43.775437]},"properties":{"name":"Don Mills Station at Bus Bay 9","band":3,"modes":"bus","arr":["10","85","167"],"off":[0,-0.8]}},{"type":"Feature","geometry":{"type":"Point","coordinates":[-79.346303,43.775437]},"properties":{"name":"Don Mills Station at Bus Bay 13","band":3,"modes":"bus","arr":["10","85","167"],"off":[0,-3]}},{"type":"Feature","geometry":{"type":"Point","coordinates":[-79.346303,43.775437]},"properties":{"name":"Don Mills Station at Bus Bay 11","band":3,"modes":"bus","arr":["10","85","167"],"off":[0,-5.2]}},{"type":"Feature","geometry":{"type":"Point","coordinates":[-79.346303,43.775437]},"properties":{"line":"10","mode":"bus","color":"#0059a9","colorDark":"#00294f","band":3,"off":[-3.4,1.1]}},{"type":"Feature","geometry":{"type":"Point","coordinates":[-79.346303,43.775437]},"properties":{"line":"85","mode":"bus","color":"#0059a9","colorDark":"#00294f","band":3,"off":[0,1.1]}},{"type":"Feature","geometry":{"type":"Point","coordinates":[-79.346303,43.775437]},"properties":{"line":"167","mode":"bus","color":"#0059a9","colorDark":"#00294f","band":3,"off":[3.4,1.1]}},{"type":"Feature","geometry":{"type":"Point","coordinates":[-79.33489,43.787721]},"properties":{"name":"Brian Ave at Van Horne Ave","band":3,"modes":"bus","arr":["10"],"off":[0,-0.8]}},{"type":"Feature","geometry":{"type":"Point","coordinates":[-79.33489,43.787721]},"properties":{"line":"10","mode":"bus","color":"#0059a9","colorDark":"#00294f","band":3,"off":[0,1.1]}},{"type":"Feature","geometry":{"type":"Point","coordinates":[-79.3974,43.80342]},"properties":{"name":"Steeles Ave East Loop at Bayview Ave","band":3,"modes":"bus","arr":["11"],"off":[0,-0.8]}},{"type":"Feature","geometry":{"type":"Point","coordinates":[-79.3974,43.80342]},"properties":{"line":"11","mode":"bus","color":"#0059a9","colorDark":"#00294f","band":3,"off":[0,1.1]}},{"type":"Feature","geometry":{"type":"Point","coordinates":[-79.376414,43.722226]},"properties":{"name":"Raab Blvd at Hospital Rd West Side (K & L Wings)","band":3,"modes":"bus","arr":["124","352"],"off":[0,-0.8]}},{"type":"Feature","geometry":{"type":"Point","coordinates":[-79.376414,43.722226]},"properties":{"name":"Hospital Rd at Wellness Way East Side - Sunnybrook Main Entr","band":3,"modes":"bus","arr":["124","352"],"off":[0,-4.1]}},{"type":"Feature","geometry":{"type":"Point","coordinates":[-79.376414,43.722226]},"properties":{"line":"124","mode":"bus","color":"#0059a9","colorDark":"#00294f","band":3,"off":[-1.7,1.1]}},{"type":"Feature","geometry":{"type":"Point","coordinates":[-79.376414,43.722226]},"properties":{"line":"352","mode":"bus","color":"#0059a9","colorDark":"#00294f","band":3,"off":[1.7,1.1]}},{"type":"Feature","geometry":{"type":"Point","coordinates":[-79.396942,43.697715]},"properties":{"name":"Davisville Station at Bus Bay 5","band":3,"modes":"bus","arr":["11","14","28"],"off":[0,-0.8]}},{"type":"Feature","geometry":{"type":"Point","coordinates":[-79.396942,43.697715]},"properties":{"name":"Davisville Station at Bus Bay 3","band":3,"modes":"bus","arr":["11","14","28"],"off":[0,-3]}},{"type":"Feature","geometry":{"type":"Point","coordinates":[-79.396942,43.697715]},"properties":{"line":"11","mode":"bus","color":"#0059a9","colorDark":"#00294f","band":3,"off":[-3.4,1.1]}},{"type":"Feature","geometry":{"type":"Point","coordinates":[-79.396942,43.697715]},"properties":{"line":"14","mode":"bus","color":"#0059a9","colorDark":"#00294f","band":3,"off":[0,1.1]}},{"type":"Feature","geometry":{"type":"Point","coordinates":[-79.396942,43.697715]},"properties":{"line":"28","mode":"bus","color":"#0059a9","colorDark":"#00294f","band":3,"off":[3.4,1.1]}},{"type":"Feature","geometry":{"type":"Point","coordinates":[-79.288851,43.694269]},"properties":{"name":"Victoria Park Station at Bus Bay 6","band":3,"modes":"bus","arr":["12","24","117","924"],"off":[0,-0.8]}},{"type":"Feature","geometry":{"type":"Point","coordinates":[-79.288851,43.694269]},"properties":{"name":"Victoria Park Station at Bus Bay 4","band":3,"modes":"bus","arr":["12","24","117","924"],"off":[0,-3]}},{"type":"Feature","geometry":{"type":"Point","coordinates":[-79.288851,43.694269]},"properties":{"name":"Victoria Park Station at Bus Bay 3","band":3,"modes":"bus","arr":["12","24","117","924"],"off":[0,-5.2]}},{"type":"Feature","geometry":{"type":"Point","coordinates":[-79.288851,43.694269]},"properties":{"line":"12","mode":"bus","color":"#0059a9","colorDark":"#00294f","band":3,"off":[-5.1,1.1]}},{"type":"Feature","geometry":{"type":"Point","coordinates":[-79.288851,43.694269]},"properties":{"line":"24","mode":"bus","color":"#0059a9","colorDark":"#00294f","band":3,"off":[-1.7,1.1]}},{"type":"Feature","geometry":{"type":"Point","coordinates":[-79.288851,43.694269]},"properties":{"line":"117","mode":"bus","color":"#0059a9","colorDark":"#00294f","band":3,"off":[1.7,1.1]}},{"type":"Feature","geometry":{"type":"Point","coordinates":[-79.288851,43.694269]},"properties":{"line":"924","mode":"bus","color":"#0059a9","colorDark":"#00294f","band":3,"off":[5.1,1.1]}},{"type":"Feature","geometry":{"type":"Point","coordinates":[-79.193305,43.788937]},"properties":{"name":"Military Trail at Morningside Ave","band":3,"modes":"bus","arr":["12"],"off":[0,-0.8]}},{"type":"Feature","geometry":{"type":"Point","coordinates":[-79.193305,43.788937]},"properties":{"line":"12","mode":"bus","color":"#0059a9","colorDark":"#00294f","band":3,"off":[0,1.1]}},{"type":"Feature","geometry":{"type":"Point","coordinates":[-79.284872,43.681494]},"properties":{"name":"Bingham Loop","band":3,"modes":"bus,tram","arr":["316","322","324","503"],"off":[0,-0.8]}},{"type":"Feature","geometry":{"type":"Point","coordinates":[-79.284872,43.681494]},"properties":{"line":"316","mode":"bus","color":"#0059a9","colorDark":"#00294f","band":3,"off":[-5.1,1.1]}},{"type":"Feature","geometry":{"type":"Point","coordinates":[-79.284872,43.681494]},"properties":{"line":"322","mode":"bus","color":"#0059a9","colorDark":"#00294f","band":3,"off":[-1.7,1.1]}},{"type":"Feature","geometry":{"type":"Point","coordinates":[-79.284872,43.681494]},"properties":{"line":"324","mode":"bus","color":"#0059a9","colorDark":"#00294f","band":3,"off":[1.7,1.1]}},{"type":"Feature","geometry":{"type":"Point","coordinates":[-79.284872,43.681494]},"properties":{"line":"503","mode":"tram","color":"#d6212b","colorDark":"#7c1116","band":3,"off":[5.1,1.1]}},{"type":"Feature","geometry":{"type":"Point","coordinates":[-79.398957,43.704763]},"properties":{"name":"Eglinton Station at Bus Bay 9","band":3,"modes":"bus","arr":["13","61","74"],"off":[0,-0.8]}},{"type":"Feature","geometry":{"type":"Point","coordinates":[-79.398957,43.704763]},"properties":{"name":"Eglinton Station at Bus Bay 4","band":3,"modes":"bus","arr":["13","61","74"],"off":[0,-3]}},{"type":"Feature","geometry":{"type":"Point","coordinates":[-79.398957,43.704763]},"properties":{"name":"Eglinton Station at Bus Bay 3","band":3,"modes":"bus","arr":["13","61","74"],"off":[0,-5.2]}},{"type":"Feature","geometry":{"type":"Point","coordinates":[-79.398957,43.704763]},"properties":{"line":"13","mode":"bus","color":"#0059a9","colorDark":"#00294f","band":3,"off":[-3.4,1.1]}},{"type":"Feature","geometry":{"type":"Point","coordinates":[-79.398957,43.704763]},"properties":{"line":"61","mode":"bus","color":"#0059a9","colorDark":"#00294f","band":3,"off":[0,1.1]}},{"type":"Feature","geometry":{"type":"Point","coordinates":[-79.398957,43.704763]},"properties":{"line":"74","mode":"bus","color":"#0059a9","colorDark":"#00294f","band":3,"off":[3.4,1.1]}},{"type":"Feature","geometry":{"type":"Point","coordinates":[-79.390227,43.661064]},"properties":{"name":"Queen's Park Cres East at College St North Side","band":3,"modes":"bus","arr":["13"],"off":[0,-0.8]}},{"type":"Feature","geometry":{"type":"Point","coordinates":[-79.390227,43.661064]},"properties":{"line":"13","mode":"bus","color":"#0059a9","colorDark":"#00294f","band":3,"off":[0,1.1]}},{"type":"Feature","geometry":{"type":"Point","coordinates":[-79.464365,43.704743]},"properties":{"name":"Glencairn Ave at Caledonia Rd East Side","band":3,"modes":"bus","arr":["14"],"off":[0,-0.8]}},{"type":"Feature","geometry":{"type":"Point","coordinates":[-79.464365,43.704743]},"properties":{"line":"14","mode":"bus","color":"#0059a9","colorDark":"#00294f","band":3,"off":[0,1.1]}},{"type":"Feature","geometry":{"type":"Point","coordinates":[-79.558018,43.609988]},"properties":{"name":"Sherway Gardens Rd at Sherway Gate Mall)","band":3,"modes":"bus","arr":["15","80"],"off":[0,-0.8]}},{"type":"Feature","geometry":{"type":"Point","coordinates":[-79.558018,43.609988]},"properties":{"name":"Sherway Gardens Rd at Sherway Gate (Mall) West Side","band":3,"modes":"bus","arr":["15","80"],"off":[0,-4.1]}},{"type":"Feature","geometry":{"type":"Point","coordinates":[-79.558018,43.609988]},"properties":{"line":"15","mode":"bus","color":"#0059a9","colorDark":"#00294f","band":3,"off":[-1.7,1.1]}},{"type":"Feature","geometry":{"type":"Point","coordinates":[-79.558018,43.609988]},"properties":{"line":"80","mode":"bus","color":"#0059a9","colorDark":"#00294f","band":3,"off":[1.7,1.1]}},{"type":"Feature","geometry":{"type":"Point","coordinates":[-79.511256,43.647157]},"properties":{"name":"Royal York Rd at Bloor St West","band":3,"modes":"bus","arr":["315"],"off":[0,-0.8]}},{"type":"Feature","geometry":{"type":"Point","coordinates":[-79.511256,43.647157]},"properties":{"line":"315","mode":"bus","color":"#0059a9","colorDark":"#00294f","band":3,"off":[0,1.1]}},{"type":"Feature","geometry":{"type":"Point","coordinates":[-79.511149,43.648234]},"properties":{"name":"Royal York Station at Bus Bay 3","band":3,"modes":"bus","arr":["15","48","73","76","315"],"off":[0,-0.8]}},{"type":"Feature","geometry":{"type":"Point","coordinates":[-79.511149,43.648234]},"properties":{"name":"Royal York Station at Bus Bay 2","band":3,"modes":"bus","arr":["15","48","73","76","315"],"off":[0,-3]}},{"type":"Feature","geometry":{"type":"Point","coordinates":[-79.511149,43.648234]},"properties":{"name":"Royal York Station at Bus Bay 1","band":3,"modes":"bus","arr":["15","48","73","76","315"],"off":[0,-5.2]}},{"type":"Feature","geometry":{"type":"Point","coordinates":[-79.511149,43.648234]},"properties":{"line":"15","mode":"bus","color":"#0059a9","colorDark":"#00294f","band":3,"off":[-6.8,1.1]}},{"type":"Feature","geometry":{"type":"Point","coordinates":[-79.511149,43.648234]},"properties":{"line":"48","mode":"bus","color":"#0059a9","colorDark":"#00294f","band":3,"off":[-3.4,1.1]}},{"type":"Feature","geometry":{"type":"Point","coordinates":[-79.511149,43.648234]},"properties":{"line":"73","mode":"bus","color":"#0059a9","colorDark":"#00294f","band":3,"off":[0,1.1]}},{"type":"Feature","geometry":{"type":"Point","coordinates":[-79.511149,43.648234]},"properties":{"line":"76","mode":"bus","color":"#0059a9","colorDark":"#00294f","band":3,"off":[3.4,1.1]}},{"type":"Feature","geometry":{"type":"Point","coordinates":[-79.511149,43.648234]},"properties":{"line":"315","mode":"bus","color":"#0059a9","colorDark":"#00294f","band":3,"off":[6.8,1.1]}},{"type":"Feature","geometry":{"type":"Point","coordinates":[-79.325039,43.821002]},"properties":{"name":"Warden Loop at Steeles Ave East","band":3,"modes":"bus","arr":["17","324"],"off":[0,-0.8]}},{"type":"Feature","geometry":{"type":"Point","coordinates":[-79.325039,43.821002]},"properties":{"line":"17","mode":"bus","color":"#0059a9","colorDark":"#00294f","band":3,"off":[-1.7,1.1]}},{"type":"Feature","geometry":{"type":"Point","coordinates":[-79.325039,43.821002]},"properties":{"line":"324","mode":"bus","color":"#0059a9","colorDark":"#00294f","band":3,"off":[1.7,1.1]}},{"type":"Feature","geometry":{"type":"Point","coordinates":[-79.448692,43.725904]},"properties":{"name":"Yorkdale Rd at GO Terminal - Yorkdale Station","band":3,"modes":"bus","arr":["18"],"off":[0,-0.8]}},{"type":"Feature","geometry":{"type":"Point","coordinates":[-79.448692,43.725904]},"properties":{"line":"18","mode":"bus","color":"#0059a9","colorDark":"#00294f","band":3,"off":[0,1.1]}},{"type":"Feature","geometry":{"type":"Point","coordinates":[-79.46541,43.69212]},"properties":{"name":"Caledonia Station at Bus Bay 3","band":3,"modes":"bus","arr":["18","47"],"off":[0,-0.8]}},{"type":"Feature","geometry":{"type":"Point","coordinates":[-79.46541,43.69212]},"properties":{"name":"Caledonia Station at Bus Bay 1","band":3,"modes":"bus","arr":["18","47"],"off":[0,-3]}},{"type":"Feature","geometry":{"type":"Point","coordinates":[-79.46541,43.69212]},"properties":{"line":"18","mode":"bus","color":"#0059a9","colorDark":"#00294f","band":3,"off":[-1.7,1.1]}},{"type":"Feature","geometry":{"type":"Point","coordinates":[-79.46541,43.69212]},"properties":{"line":"47","mode":"bus","color":"#0059a9","colorDark":"#00294f","band":3,"off":[1.7,1.1]}},{"type":"Feature","geometry":{"type":"Point","coordinates":[-79.402017,43.675451]},"properties":{"name":"Davenport Rd at Dupont St","band":3,"modes":"bus","arr":["19"],"off":[0,-0.8]}},{"type":"Feature","geometry":{"type":"Point","coordinates":[-79.402017,43.675451]},"properties":{"line":"19","mode":"bus","color":"#0059a9","colorDark":"#00294f","band":3,"off":[0,1.1]}},{"type":"Feature","geometry":{"type":"Point","coordinates":[-79.378332,43.646191]},"properties":{"name":"Front St West at Bay St","band":3,"modes":"bus","arr":["19","114","121","202"],"off":[0,-0.8]}},{"type":"Feature","geometry":{"type":"Point","coordinates":[-79.378332,43.646191]},"properties":{"name":"1 Front St West - Union Station","band":3,"modes":"bus","arr":["19","114","121","202"],"off":[0,-3]}},{"type":"Feature","geometry":{"type":"Point","coordinates":[-79.378332,43.646191]},"properties":{"line":"19","mode":"bus","color":"#0059a9","colorDark":"#00294f","band":3,"off":[-5.1,1.1]}},{"type":"Feature","geometry":{"type":"Point","coordinates":[-79.378332,43.646191]},"properties":{"line":"114","mode":"bus","color":"#0059a9","colorDark":"#00294f","band":3,"off":[-1.7,1.1]}},{"type":"Feature","geometry":{"type":"Point","coordinates":[-79.378332,43.646191]},"properties":{"line":"121","mode":"bus","color":"#0059a9","colorDark":"#00294f","band":3,"off":[1.7,1.1]}},{"type":"Feature","geometry":{"type":"Point","coordinates":[-79.378332,43.646191]},"properties":{"line":"202","mode":"bus","color":"#0059a9","colorDark":"#00294f","band":3,"off":[5.1,1.1]}},{"type":"Feature","geometry":{"type":"Point","coordinates":[-79.301669,43.689641]},"properties":{"name":"Main Street Station at Bus Bay 4","band":3,"modes":"bus","arr":["20","23","62","113","135"],"off":[0,-0.8]}},{"type":"Feature","geometry":{"type":"Point","coordinates":[-79.301669,43.689641]},"properties":{"name":"Main Street Station at Bus Bay 2","band":3,"modes":"bus","arr":["20","23","62","113","135"],"off":[0,-3]}},{"type":"Feature","geometry":{"type":"Point","coordinates":[-79.301669,43.689641]},"properties":{"name":"Main Street Station at Bus Bay 1","band":3,"modes":"bus","arr":["20","23","62","113","135"],"off":[0,-5.2]}},{"type":"Feature","geometry":{"type":"Point","coordinates":[-79.301669,43.689641]},"properties":{"line":"20","mode":"bus","color":"#0059a9","colorDark":"#00294f","band":3,"off":[-6.8,1.1]}},{"type":"Feature","geometry":{"type":"Point","coordinates":[-79.301669,43.689641]},"properties":{"line":"23","mode":"bus","color":"#0059a9","colorDark":"#00294f","band":3,"off":[-3.4,1.1]}},{"type":"Feature","geometry":{"type":"Point","coordinates":[-79.301669,43.689641]},"properties":{"line":"62","mode":"bus","color":"#0059a9","colorDark":"#00294f","band":3,"off":[0,1.1]}},{"type":"Feature","geometry":{"type":"Point","coordinates":[-79.301669,43.689641]},"properties":{"line":"113","mode":"bus","color":"#0059a9","colorDark":"#00294f","band":3,"off":[3.4,1.1]}},{"type":"Feature","geometry":{"type":"Point","coordinates":[-79.301669,43.689641]},"properties":{"line":"135","mode":"bus","color":"#0059a9","colorDark":"#00294f","band":3,"off":[6.8,1.1]}},{"type":"Feature","geometry":{"type":"Point","coordinates":[-79.263298,43.734036]},"properties":{"name":"Kennedy Station at Bus Bay 2","band":3,"modes":"bus","arr":["20","21","34","57","113","131"],"off":[0,-0.8]}},{"type":"Feature","geometry":{"type":"Point","coordinates":[-79.263298,43.734036]},"properties":{"name":"Kennedy Station at Bus Bay 14 (Platform B)","band":3,"modes":"bus","arr":["20","21","34","57","113","131"],"off":[0,-3]}},{"type":"Feature","geometry":{"type":"Point","coordinates":[-79.263298,43.734036]},"properties":{"name":"Kennedy Station at Bus Bay 13 (Platform B)","band":3,"modes":"bus","arr":["20","21","34","57","113","131"],"off":[0,-6.3]}},{"type":"Feature","geometry":{"type":"Point","coordinates":[-79.263298,43.734036]},"properties":{"line":"20","mode":"bus","color":"#0059a9","colorDark":"#00294f","band":3,"off":[-6.8,1.1]}},{"type":"Feature","geometry":{"type":"Point","coordinates":[-79.263298,43.734036]},"properties":{"line":"21","mode":"bus","color":"#0059a9","colorDark":"#00294f","band":3,"off":[-3.4,1.1]}},{"type":"Feature","geometry":{"type":"Point","coordinates":[-79.263298,43.734036]},"properties":{"line":"34","mode":"bus","color":"#0059a9","colorDark":"#00294f","band":3,"off":[0,1.1]}},{"type":"Feature","geometry":{"type":"Point","coordinates":[-79.263298,43.734036]},"properties":{"line":"57","mode":"bus","color":"#0059a9","colorDark":"#00294f","band":3,"off":[3.4,1.1]}},{"type":"Feature","geometry":{"type":"Point","coordinates":[-79.263298,43.734036]},"properties":{"line":"113","mode":"bus","color":"#0059a9","colorDark":"#00294f","band":3,"off":[6.8,1.1]}},{"type":"Feature","geometry":{"type":"Point","coordinates":[-79.263298,43.734036]},"properties":{"line":"131","mode":"bus","color":"#0059a9","colorDark":"#00294f","band":3,"off":[0,3.1]}},{"type":"Feature","geometry":{"type":"Point","coordinates":[-79.274999,43.694096]},"properties":{"name":"3450 Danforth Ave","band":3,"modes":"bus","arr":["300"],"off":[0,-0.8]}},{"type":"Feature","geometry":{"type":"Point","coordinates":[-79.274999,43.694096]},"properties":{"line":"300","mode":"bus","color":"#0059a9","colorDark":"#00294f","band":3,"off":[0,1.1]}},{"type":"Feature","geometry":{"type":"Point","coordinates":[-79.287196,43.828633]},"properties":{"name":"Brimley Rd at Steeles Ave East North Side","band":3,"modes":"bus","arr":["21"],"off":[0,-0.8]}},{"type":"Feature","geometry":{"type":"Point","coordinates":[-79.287196,43.828633]},"properties":{"name":"Brimley Rd at Steeles Ave East","band":3,"modes":"bus","arr":["21"],"off":[0,-4.1]}},{"type":"Feature","geometry":{"type":"Point","coordinates":[-79.287196,43.828633]},"properties":{"line":"21","mode":"bus","color":"#0059a9","colorDark":"#00294f","band":3,"off":[0,1.1]}},{"type":"Feature","geometry":{"type":"Point","coordinates":[-79.323042,43.684188]},"properties":{"name":"Coxwell Station at Bus Bay 4","band":3,"modes":"bus","arr":["22","70","404"],"off":[0,-0.8]}},{"type":"Feature","geometry":{"type":"Point","coordinates":[-79.323042,43.684188]},"properties":{"name":"Coxwell Station at Bus Bay 1","band":3,"modes":"bus","arr":["22","70","404"],"off":[0,-3]}},{"type":"Feature","geometry":{"type":"Point","coordinates":[-79.323042,43.684188]},"properties":{"name":"Coxwell Station","band":3,"modes":"bus","arr":["22","70","404"],"off":[0,-5.2]}},{"type":"Feature","geometry":{"type":"Point","coordinates":[-79.323042,43.684188]},"properties":{"line":"22","mode":"bus","color":"#0059a9","colorDark":"#00294f","band":3,"off":[-3.4,1.1]}},{"type":"Feature","geometry":{"type":"Point","coordinates":[-79.323042,43.684188]},"properties":{"line":"70","mode":"bus","color":"#0059a9","colorDark":"#00294f","band":3,"off":[0,1.1]}},{"type":"Feature","geometry":{"type":"Point","coordinates":[-79.323042,43.684188]},"properties":{"line":"404","mode":"bus","color":"#0059a9","colorDark":"#00294f","band":3,"off":[3.4,1.1]}},{"type":"Feature","geometry":{"type":"Point","coordinates":[-79.312629,43.666895]},"properties":{"name":"Eastern Ave at Queen St East South Side","band":3,"modes":"bus","arr":["22","31"],"off":[0,-0.8]}},{"type":"Feature","geometry":{"type":"Point","coordinates":[-79.312629,43.666895]},"properties":{"name":"Eastern Ave at Queen St East","band":3,"modes":"bus","arr":["22","31"],"off":[0,-4.1]}},{"type":"Feature","geometry":{"type":"Point","coordinates":[-79.312629,43.666895]},"properties":{"line":"22","mode":"bus","color":"#0059a9","colorDark":"#00294f","band":3,"off":[-1.7,1.1]}},{"type":"Feature","geometry":{"type":"Point","coordinates":[-79.312629,43.666895]},"properties":{"line":"31","mode":"bus","color":"#0059a9","colorDark":"#00294f","band":3,"off":[1.7,1.1]}},{"type":"Feature","geometry":{"type":"Point","coordinates":[-79.305585,43.704588]},"properties":{"name":"195 Rexleigh Dr","band":3,"modes":"bus","arr":["23"],"off":[0,-0.8]}},{"type":"Feature","geometry":{"type":"Point","coordinates":[-79.305585,43.704588]},"properties":{"line":"23","mode":"bus","color":"#0059a9","colorDark":"#00294f","band":3,"off":[0,1.1]}},{"type":"Feature","geometry":{"type":"Point","coordinates":[-79.341511,43.816634]},"properties":{"name":"Victoria Park Ave Loop at Steeles Ave East","band":3,"modes":"bus","arr":["24","924"],"off":[0,-0.8]}},{"type":"Feature","geometry":{"type":"Point","coordinates":[-79.341511,43.816634]},"properties":{"line":"24","mode":"bus","color":"#0059a9","colorDark":"#00294f","band":3,"off":[-1.7,1.1]}},{"type":"Feature","geometry":{"type":"Point","coordinates":[-79.341511,43.816634]},"properties":{"line":"924","mode":"bus","color":"#0059a9","colorDark":"#00294f","band":3,"off":[1.7,1.1]}},{"type":"Feature","geometry":{"type":"Point","coordinates":[-79.358612,43.809172]},"properties":{"name":"Freshmeadow Dr at Don Mills Rd","band":3,"modes":"bus","arr":["25","151","325","925"],"off":[0,-0.8]}},{"type":"Feature","geometry":{"type":"Point","coordinates":[-79.358612,43.809172]},"properties":{"line":"25","mode":"bus","color":"#0059a9","colorDark":"#00294f","band":3,"off":[-5.1,1.1]}},{"type":"Feature","geometry":{"type":"Point","coordinates":[-79.358612,43.809172]},"properties":{"line":"151","mode":"bus","color":"#0059a9","colorDark":"#00294f","band":3,"off":[-1.7,1.1]}},{"type":"Feature","geometry":{"type":"Point","coordinates":[-79.358612,43.809172]},"properties":{"line":"325","mode":"bus","color":"#0059a9","colorDark":"#00294f","band":3,"off":[1.7,1.1]}},{"type":"Feature","geometry":{"type":"Point","coordinates":[-79.358612,43.809172]},"properties":{"line":"925","mode":"bus","color":"#0059a9","colorDark":"#00294f","band":3,"off":[5.1,1.1]}},{"type":"Feature","geometry":{"type":"Point","coordinates":[-79.358402,43.676247]},"properties":{"name":"Broadview Station at Bus Bay 5","band":3,"modes":"bus","arr":["25","87","925"],"off":[0,-0.8]}},{"type":"Feature","geometry":{"type":"Point","coordinates":[-79.358402,43.676247]},"properties":{"name":"Broadview Station at Bus Bay 4","band":3,"modes":"bus","arr":["25","87","925"],"off":[0,-3]}},{"type":"Feature","geometry":{"type":"Point","coordinates":[-79.358402,43.676247]},"properties":{"name":"Broadview Station at Bus Bay 3","band":3,"modes":"bus","arr":["25","87","925"],"off":[0,-5.2]}},{"type":"Feature","geometry":{"type":"Point","coordinates":[-79.358402,43.676247]},"properties":{"line":"25","mode":"bus","color":"#0059a9","colorDark":"#00294f","band":3,"off":[-3.4,1.1]}},{"type":"Feature","geometry":{"type":"Point","coordinates":[-79.358402,43.676247]},"properties":{"line":"87","mode":"bus","color":"#0059a9","colorDark":"#00294f","band":3,"off":[0,1.1]}},{"type":"Feature","geometry":{"type":"Point","coordinates":[-79.358402,43.676247]},"properties":{"line":"925","mode":"bus","color":"#0059a9","colorDark":"#00294f","band":3,"off":[3.4,1.1]}},{"type":"Feature","geometry":{"type":"Point","coordinates":[-79.483771,43.650348]},"properties":{"name":"Jane Station at Bus Bay 5","band":3,"modes":"bus","arr":["26","27","55","149","335"],"off":[0,-0.8]}},{"type":"Feature","geometry":{"type":"Point","coordinates":[-79.483771,43.650348]},"properties":{"name":"Jane Station at Bus Bay 3","band":3,"modes":"bus","arr":["26","27","55","149","335"],"off":[0,-3]}},{"type":"Feature","geometry":{"type":"Point","coordinates":[-79.483771,43.650348]},"properties":{"name":"Jane Station at Bus Bay 2","band":3,"modes":"bus","arr":["26","27","55","149","335"],"off":[0,-5.2]}},{"type":"Feature","geometry":{"type":"Point","coordinates":[-79.483771,43.650348]},"properties":{"line":"26","mode":"bus","color":"#0059a9","colorDark":"#00294f","band":3,"off":[-6.8,1.1]}},{"type":"Feature","geometry":{"type":"Point","coordinates":[-79.483771,43.650348]},"properties":{"line":"27","mode":"bus","color":"#0059a9","colorDark":"#00294f","band":3,"off":[-3.4,1.1]}},{"type":"Feature","geometry":{"type":"Point","coordinates":[-79.483771,43.650348]},"properties":{"line":"55","mode":"bus","color":"#0059a9","colorDark":"#00294f","band":3,"off":[0,1.1]}},{"type":"Feature","geometry":{"type":"Point","coordinates":[-79.483771,43.650348]},"properties":{"line":"149","mode":"bus","color":"#0059a9","colorDark":"#00294f","band":3,"off":[3.4,1.1]}},{"type":"Feature","geometry":{"type":"Point","coordinates":[-79.483771,43.650348]},"properties":{"line":"335","mode":"bus","color":"#0059a9","colorDark":"#00294f","band":3,"off":[6.8,1.1]}},{"type":"Feature","geometry":{"type":"Point","coordinates":[-79.398075,43.668682]},"properties":{"name":"St George Station at Bus Bay 2","band":3,"modes":"bus","arr":["26"],"off":[0,-0.8]}},{"type":"Feature","geometry":{"type":"Point","coordinates":[-79.398075,43.668682]},"properties":{"line":"26","mode":"bus","color":"#0059a9","colorDark":"#00294f","band":3,"off":[0,1.1]}},{"type":"Feature","geometry":{"type":"Point","coordinates":[-79.488094,43.688137]},"properties":{"name":"Mount Dennis Station at Bus Bay 8","band":3,"modes":"bus","arr":["27","32","34","164","334"],"off":[0,-0.8]}},{"type":"Feature","geometry":{"type":"Point","coordinates":[-79.488094,43.688137]},"properties":{"name":"Mount Dennis Station at Bus Bay 2","band":3,"modes":"bus","arr":["27","32","34","164","334"],"off":[0,-3]}},{"type":"Feature","geometry":{"type":"Point","coordinates":[-79.488094,43.688137]},"properties":{"name":"Mount Dennis Station at Bus Bay 13","band":3,"modes":"bus","arr":["27","32","34","164","334"],"off":[0,-5.2]}},{"type":"Feature","geometry":{"type":"Point","coordinates":[-79.488094,43.688137]},"properties":{"line":"27","mode":"bus","color":"#0059a9","colorDark":"#00294f","band":3,"off":[-6.8,1.1]}},{"type":"Feature","geometry":{"type":"Point","coordinates":[-79.488094,43.688137]},"properties":{"line":"32","mode":"bus","color":"#0059a9","colorDark":"#00294f","band":3,"off":[-3.4,1.1]}},{"type":"Feature","geometry":{"type":"Point","coordinates":[-79.488094,43.688137]},"properties":{"line":"34","mode":"bus","color":"#0059a9","colorDark":"#00294f","band":3,"off":[0,1.1]}},{"type":"Feature","geometry":{"type":"Point","coordinates":[-79.488094,43.688137]},"properties":{"line":"164","mode":"bus","color":"#0059a9","colorDark":"#00294f","band":3,"off":[3.4,1.1]}},{"type":"Feature","geometry":{"type":"Point","coordinates":[-79.488094,43.688137]},"properties":{"line":"334","mode":"bus","color":"#0059a9","colorDark":"#00294f","band":3,"off":[6.8,1.1]}},{"type":"Feature","geometry":{"type":"Point","coordinates":[-79.364811,43.683799]},"properties":{"name":"550 Bayview Ave - Evergreen Brick Works","band":3,"modes":"bus","arr":["28"],"off":[0,-0.8]}},{"type":"Feature","geometry":{"type":"Point","coordinates":[-79.364811,43.683799]},"properties":{"line":"28","mode":"bus","color":"#0059a9","colorDark":"#00294f","band":3,"off":[0,1.1]}},{"type":"Feature","geometry":{"type":"Point","coordinates":[-79.45082,43.734039]},"properties":{"name":"Wilson Station at Lower Bus Bay 2","band":3,"modes":"bus","arr":["29","101","104","929"],"off":[0,-0.8]}},{"type":"Feature","geometry":{"type":"Point","coordinates":[-79.45082,43.734039]},"properties":{"name":"Wilson Station at Bus Bay 7","band":3,"modes":"bus","arr":["29","101","104","929"],"off":[0,-3]}},{"type":"Feature","geometry":{"type":"Point","coordinates":[-79.45082,43.734039]},"properties":{"name":"Wilson Station at Bus Bay 1A","band":3,"modes":"bus","arr":["29","101","104","929"],"off":[0,-5.2]}},{"type":"Feature","geometry":{"type":"Point","coordinates":[-79.45082,43.734039]},"properties":{"line":"29","mode":"bus","color":"#0059a9","colorDark":"#00294f","band":3,"off":[-5.1,1.1]}},{"type":"Feature","geometry":{"type":"Point","coordinates":[-79.45082,43.734039]},"properties":{"line":"101","mode":"bus","color":"#0059a9","colorDark":"#00294f","band":3,"off":[-1.7,1.1]}},{"type":"Feature","geometry":{"type":"Point","coordinates":[-79.45082,43.734039]},"properties":{"line":"104","mode":"bus","color":"#0059a9","colorDark":"#00294f","band":3,"off":[1.7,1.1]}},{"type":"Feature","geometry":{"type":"Point","coordinates":[-79.45082,43.734039]},"properties":{"line":"929","mode":"bus","color":"#0059a9","colorDark":"#00294f","band":3,"off":[5.1,1.1]}},{"type":"Feature","geometry":{"type":"Point","coordinates":[-79.425888,43.63444]},"properties":{"name":"Dufferin Gate Loop","band":3,"modes":"bus","arr":["29","929"],"off":[0,-0.8]}},{"type":"Feature","geometry":{"type":"Point","coordinates":[-79.425888,43.63444]},"properties":{"line":"29","mode":"bus","color":"#0059a9","colorDark":"#00294f","band":3,"off":[-1.7,1.1]}},{"type":"Feature","geometry":{"type":"Point","coordinates":[-79.425888,43.63444]},"properties":{"line":"929","mode":"bus","color":"#0059a9","colorDark":"#00294f","band":3,"off":[1.7,1.1]}},{"type":"Feature","geometry":{"type":"Point","coordinates":[-79.482397,43.665817]},"properties":{"name":"Runnymede Loop at Dundas St West","band":3,"modes":"bus","arr":["30"],"off":[0,-0.8]}},{"type":"Feature","geometry":{"type":"Point","coordinates":[-79.482397,43.665817]},"properties":{"line":"30","mode":"bus","color":"#0059a9","colorDark":"#00294f","band":3,"off":[0,1.1]}},{"type":"Feature","geometry":{"type":"Point","coordinates":[-79.465987,43.654136]},"properties":{"name":"High Park Station at High Park Ave","band":3,"modes":"bus","arr":["30","189","203"],"off":[0,-0.8]}},{"type":"Feature","geometry":{"type":"Point","coordinates":[-79.465987,43.654136]},"properties":{"name":"High Park Station at Bus Bay 2","band":3,"modes":"bus","arr":["30","189","203"],"off":[0,-3]}},{"type":"Feature","geometry":{"type":"Point","coordinates":[-79.465987,43.654136]},"properties":{"name":"High Park Station at Bus Bay 1","band":3,"modes":"bus","arr":["30","189","203"],"off":[0,-5.2]}},{"type":"Feature","geometry":{"type":"Point","coordinates":[-79.465987,43.654136]},"properties":{"line":"30","mode":"bus","color":"#0059a9","colorDark":"#00294f","band":3,"off":[-3.4,1.1]}},{"type":"Feature","geometry":{"type":"Point","coordinates":[-79.465987,43.654136]},"properties":{"line":"189","mode":"bus","color":"#0059a9","colorDark":"#00294f","band":3,"off":[0,1.1]}},{"type":"Feature","geometry":{"type":"Point","coordinates":[-79.465987,43.654136]},"properties":{"line":"203","mode":"bus","color":"#0059a9","colorDark":"#00294f","band":3,"off":[3.4,1.1]}},{"type":"Feature","geometry":{"type":"Point","coordinates":[-79.330413,43.68254]},"properties":{"name":"Greenwood Station at Bus Bay 2","band":3,"modes":"bus","arr":["31"],"off":[0,-0.8]}},{"type":"Feature","geometry":{"type":"Point","coordinates":[-79.330413,43.68254]},"properties":{"line":"31","mode":"bus","color":"#0059a9","colorDark":"#00294f","band":3,"off":[0,1.1]}},{"type":"Feature","geometry":{"type":"Point","coordinates":[-79.590582,43.663596]},"properties":{"name":"Renforth Station","band":3,"modes":"bus","arr":["32"],"off":[0,-0.8]}},{"type":"Feature","geometry":{"type":"Point","coordinates":[-79.590582,43.663596]},"properties":{"line":"32","mode":"bus","color":"#0059a9","colorDark":"#00294f","band":3,"off":[0,1.1]}},{"type":"Feature","geometry":{"type":"Point","coordinates":[-79.424575,43.701197]},"properties":{"name":"Eglinton Ave West at Bathurst St","band":3,"modes":"bus","arr":["33"],"off":[0,-0.8]}},{"type":"Feature","geometry":{"type":"Point","coordinates":[-79.424575,43.701197]},"properties":{"line":"33","mode":"bus","color":"#0059a9","colorDark":"#00294f","band":3,"off":[0,1.1]}},{"type":"Feature","geometry":{"type":"Point","coordinates":[-79.415122,43.684277]},"properties":{"name":"St Clair West Station at Bus Bay 7","band":3,"modes":"bus","arr":["33","90","126"],"off":[0,-0.8]}},{"type":"Feature","geometry":{"type":"Point","coordinates":[-79.415122,43.684277]},"properties":{"name":"St Clair West Station at Bay 6","band":3,"modes":"bus","arr":["33","90","126"],"off":[0,-3]}},{"type":"Feature","geometry":{"type":"Point","coordinates":[-79.415122,43.684277]},"properties":{"line":"33","mode":"bus","color":"#0059a9","colorDark":"#00294f","band":3,"off":[-3.4,1.1]}},{"type":"Feature","geometry":{"type":"Point","coordinates":[-79.415122,43.684277]},"properties":{"line":"90","mode":"bus","color":"#0059a9","colorDark":"#00294f","band":3,"off":[0,1.1]}},{"type":"Feature","geometry":{"type":"Point","coordinates":[-79.415122,43.684277]},"properties":{"line":"126","mode":"bus","color":"#0059a9","colorDark":"#00294f","band":3,"off":[3.4,1.1]}},{"type":"Feature","geometry":{"type":"Point","coordinates":[-79.399575,43.706418]},"properties":{"name":"Eglinton Ave West at Yonge St West Side","band":3,"modes":"bus","arr":["354"],"off":[0,-0.8]}},{"type":"Feature","geometry":{"type":"Point","coordinates":[-79.399575,43.706418]},"properties":{"name":"Duplex Ave at Eglinton Ave West","band":3,"modes":"bus","arr":["354"],"off":[0,-4.1]}},{"type":"Feature","geometry":{"type":"Point","coordinates":[-79.399575,43.706418]},"properties":{"line":"354","mode":"bus","color":"#0059a9","colorDark":"#00294f","band":3,"off":[0,1.1]}},{"type":"Feature","geometry":{"type":"Point","coordinates":[-79.509126,43.77637]},"properties":{"name":"Pioneer Village Station Bus Bay 8","band":3,"modes":"bus","arr":["35","41","106"],"off":[0,-0.8]}},{"type":"Feature","geometry":{"type":"Point","coordinates":[-79.509126,43.77637]},"properties":{"name":"Pioneer Village Station Bus Bay 2","band":3,"modes":"bus","arr":["35","41","106"],"off":[0,-3]}},{"type":"Feature","geometry":{"type":"Point","coordinates":[-79.509126,43.77637]},"properties":{"name":"Pioneer Village Station Bus Bay 11","band":3,"modes":"bus","arr":["35","41","106"],"off":[0,-5.2]}},{"type":"Feature","geometry":{"type":"Point","coordinates":[-79.509126,43.77637]},"properties":{"line":"35","mode":"bus","color":"#0059a9","colorDark":"#00294f","band":3,"off":[-3.4,1.1]}},{"type":"Feature","geometry":{"type":"Point","coordinates":[-79.509126,43.77637]},"properties":{"line":"41","mode":"bus","color":"#0059a9","colorDark":"#00294f","band":3,"off":[0,1.1]}},{"type":"Feature","geometry":{"type":"Point","coordinates":[-79.509126,43.77637]},"properties":{"line":"106","mode":"bus","color":"#0059a9","colorDark":"#00294f","band":3,"off":[3.4,1.1]}},{"type":"Feature","geometry":{"type":"Point","coordinates":[-79.513336,43.739522]},"properties":{"name":"Jane St at Sheppard Ave West","band":3,"modes":"bus","arr":["99"],"off":[0,-0.8]}},{"type":"Feature","geometry":{"type":"Point","coordinates":[-79.513336,43.739522]},"properties":{"line":"99","mode":"bus","color":"#0059a9","colorDark":"#00294f","band":3,"off":[0,1.1]}},{"type":"Feature","geometry":{"type":"Point","coordinates":[-79.487897,43.689207]},"properties":{"name":"Mount Dennis Station at Bus Bay 5","band":3,"modes":"bus","arr":["35","161","168"],"off":[0,-0.8]}},{"type":"Feature","geometry":{"type":"Point","coordinates":[-79.487897,43.689207]},"properties":{"name":"Mount Dennis Station at Bus Bay 15","band":3,"modes":"bus","arr":["35","161","168"],"off":[0,-3]}},{"type":"Feature","geometry":{"type":"Point","coordinates":[-79.487897,43.689207]},"properties":{"name":"Mount Dennis Station at Bus Bay 10","band":3,"modes":"bus","arr":["35","161","168"],"off":[0,-5.2]}},{"type":"Feature","geometry":{"type":"Point","coordinates":[-79.487897,43.689207]},"properties":{"line":"35","mode":"bus","color":"#0059a9","colorDark":"#00294f","band":3,"off":[-3.4,1.1]}},{"type":"Feature","geometry":{"type":"Point","coordinates":[-79.487897,43.689207]},"properties":{"line":"161","mode":"bus","color":"#0059a9","colorDark":"#00294f","band":3,"off":[0,1.1]}},{"type":"Feature","geometry":{"type":"Point","coordinates":[-79.487897,43.689207]},"properties":{"line":"168","mode":"bus","color":"#0059a9","colorDark":"#00294f","band":3,"off":[3.4,1.1]}},{"type":"Feature","geometry":{"type":"Point","coordinates":[-79.490814,43.765172]},"properties":{"name":"Finch West Station Bus Bay 4","band":3,"modes":"bus","arr":["36","101","939"],"off":[0,-0.8]}},{"type":"Feature","geometry":{"type":"Point","coordinates":[-79.490814,43.765172]},"properties":{"name":"Finch West Station Bus Bay 3","band":3,"modes":"bus","arr":["36","101","939"],"off":[0,-3]}},{"type":"Feature","geometry":{"type":"Point","coordinates":[-79.490814,43.765172]},"properties":{"name":"Finch West Station Bus Bay 2","band":3,"modes":"bus","arr":["36","101","939"],"off":[0,-5.2]}},{"type":"Feature","geometry":{"type":"Point","coordinates":[-79.490814,43.765172]},"properties":{"line":"36","mode":"bus","color":"#0059a9","colorDark":"#00294f","band":3,"off":[-3.4,1.1]}},{"type":"Feature","geometry":{"type":"Point","coordinates":[-79.490814,43.765172]},"properties":{"line":"101","mode":"bus","color":"#0059a9","colorDark":"#00294f","band":3,"off":[0,1.1]}},{"type":"Feature","geometry":{"type":"Point","coordinates":[-79.490814,43.765172]},"properties":{"line":"939","mode":"bus","color":"#0059a9","colorDark":"#00294f","band":3,"off":[3.4,1.1]}},{"type":"Feature","geometry":{"type":"Point","coordinates":[-79.414262,43.779809]},"properties":{"name":"Finch Station at Bus Bay 13","band":3,"modes":"bus","arr":["36","42","53"],"off":[0,-0.8]}},{"type":"Feature","geometry":{"type":"Point","coordinates":[-79.414262,43.779809]},"properties":{"name":"Finch Station at Bus Bay 11","band":3,"modes":"bus","arr":["36","42","53"],"off":[0,-3]}},{"type":"Feature","geometry":{"type":"Point","coordinates":[-79.414262,43.779809]},"properties":{"name":"Finch Station at Bus Bay 1","band":3,"modes":"bus","arr":["36","42","53"],"off":[0,-5.2]}},{"type":"Feature","geometry":{"type":"Point","coordinates":[-79.414262,43.779809]},"properties":{"line":"36","mode":"bus","color":"#0059a9","colorDark":"#00294f","band":3,"off":[-3.4,1.1]}},{"type":"Feature","geometry":{"type":"Point","coordinates":[-79.414262,43.779809]},"properties":{"line":"42","mode":"bus","color":"#0059a9","colorDark":"#00294f","band":3,"off":[0,1.1]}},{"type":"Feature","geometry":{"type":"Point","coordinates":[-79.414262,43.779809]},"properties":{"line":"53","mode":"bus","color":"#0059a9","colorDark":"#00294f","band":3,"off":[3.4,1.1]}},{"type":"Feature","geometry":{"type":"Point","coordinates":[-79.415931,43.779662]},"properties":{"name":"Finch Station","band":3,"modes":"metro,bus","arr":["1","336","339"],"off":[0,-0.8]}},{"type":"Feature","geometry":{"type":"Point","coordinates":[-79.415931,43.779662]},"properties":{"name":"Finch Ave West at Yonge St West Side","band":3,"modes":"metro,bus","arr":["1","336","339"],"off":[0,-1.9]}},{"type":"Feature","geometry":{"type":"Point","coordinates":[-79.415931,43.779662]},"properties":{"name":"Finch Ave East at Yonge St East Side","band":3,"modes":"metro,bus","arr":["1","336","339"],"off":[0,-4.1]}},{"type":"Feature","geometry":{"type":"Point","coordinates":[-79.415931,43.779662]},"properties":{"line":"1","mode":"tram","color":"#D5C82B","colorDark":"#756e18","band":3,"metro":1,"off":[-3.4,1.1]}},{"type":"Feature","geometry":{"type":"Point","coordinates":[-79.415931,43.779662]},"properties":{"line":"336","mode":"bus","color":"#0059a9","colorDark":"#00294f","band":3,"off":[0,1.1]}},{"type":"Feature","geometry":{"type":"Point","coordinates":[-79.415931,43.779662]},"properties":{"line":"339","mode":"bus","color":"#0059a9","colorDark":"#00294f","band":3,"off":[3.4,1.1]}},{"type":"Feature","geometry":{"type":"Point","coordinates":[-79.604992,43.728775]},"properties":{"name":"Humber College Bus Terminal","band":3,"modes":"bus","arr":["37"],"off":[0,-0.8]}},{"type":"Feature","geometry":{"type":"Point","coordinates":[-79.604992,43.728775]},"properties":{"line":"37","mode":"bus","color":"#0059a9","colorDark":"#00294f","band":3,"off":[0,1.1]}},{"type":"Feature","geometry":{"type":"Point","coordinates":[-79.621264,43.724583]},"properties":{"name":"Humberwood Blvd Loop at View Green Cres","band":3,"modes":"bus","arr":["906","996"],"off":[0,-0.8]}},{"type":"Feature","geometry":{"type":"Point","coordinates":[-79.621264,43.724583]},"properties":{"line":"906","mode":"bus","color":"#0059a9","colorDark":"#00294f","band":3,"off":[-1.7,1.1]}},{"type":"Feature","geometry":{"type":"Point","coordinates":[-79.621264,43.724583]},"properties":{"line":"996","mode":"bus","color":"#0059a9","colorDark":"#00294f","band":3,"off":[1.7,1.1]}},{"type":"Feature","geometry":{"type":"Point","coordinates":[-79.603508,43.716055]},"properties":{"name":"Woodbine Race Track Loop (Main Entrance)","band":3,"modes":"bus","arr":["336"],"off":[0,-0.8]}},{"type":"Feature","geometry":{"type":"Point","coordinates":[-79.603508,43.716055]},"properties":{"line":"336","mode":"bus","color":"#0059a9","colorDark":"#00294f","band":3,"off":[0,1.1]}},{"type":"Feature","geometry":{"type":"Point","coordinates":[-79.52455,43.644868]},"properties":{"name":"Islington Station at Bus Bay 13","band":3,"modes":"bus","arr":["37","50","110","937"],"off":[0,-0.8]}},{"type":"Feature","geometry":{"type":"Point","coordinates":[-79.52455,43.644868]},"properties":{"name":"Islington Station at Bus Bay 12","band":3,"modes":"bus","arr":["37","50","110","937"],"off":[0,-3]}},{"type":"Feature","geometry":{"type":"Point","coordinates":[-79.52455,43.644868]},"properties":{"name":"Islington Station at Bus Bay 11","band":3,"modes":"bus","arr":["37","50","110","937"],"off":[0,-5.2]}},{"type":"Feature","geometry":{"type":"Point","coordinates":[-79.52455,43.644868]},"properties":{"line":"37","mode":"bus","color":"#0059a9","colorDark":"#00294f","band":3,"off":[-5.1,1.1]}},{"type":"Feature","geometry":{"type":"Point","coordinates":[-79.52455,43.644868]},"properties":{"line":"50","mode":"bus","color":"#0059a9","colorDark":"#00294f","band":3,"off":[-1.7,1.1]}},{"type":"Feature","geometry":{"type":"Point","coordinates":[-79.52455,43.644868]},"properties":{"line":"110","mode":"bus","color":"#0059a9","colorDark":"#00294f","band":3,"off":[1.7,1.1]}},{"type":"Feature","geometry":{"type":"Point","coordinates":[-79.52455,43.644868]},"properties":{"line":"937","mode":"bus","color":"#0059a9","colorDark":"#00294f","band":3,"off":[5.1,1.1]}},{"type":"Feature","geometry":{"type":"Point","coordinates":[-79.263348,43.730278]},"properties":{"name":"Kennedy Station at Bus Bay 4","band":3,"modes":"bus","arr":["38","43","86","133","154","343","386"],"off":[0,-0.8]}},{"type":"Feature","geometry":{"type":"Point","coordinates":[-79.263348,43.730278]},"properties":{"name":"Kennedy Station at Bus Bay 16 (Platform B)","band":3,"modes":"bus","arr":["38","43","86","133","154","343","386"],"off":[0,-3]}},{"type":"Feature","geometry":{"type":"Point","coordinates":[-79.263348,43.730278]},"properties":{"name":"Kennedy Station at Bus Bay 12 (Platform B)","band":3,"modes":"bus","arr":["38","43","86","133","154","343","386"],"off":[0,-6.3]}},{"type":"Feature","geometry":{"type":"Point","coordinates":[-79.263348,43.730278]},"properties":{"line":"38","mode":"bus","color":"#0059a9","colorDark":"#00294f","band":3,"off":[-6.8,1.1]}},{"type":"Feature","geometry":{"type":"Point","coordinates":[-79.263348,43.730278]},"properties":{"line":"43","mode":"bus","color":"#0059a9","colorDark":"#00294f","band":3,"off":[-3.4,1.1]}},{"type":"Feature","geometry":{"type":"Point","coordinates":[-79.263348,43.730278]},"properties":{"line":"86","mode":"bus","color":"#0059a9","colorDark":"#00294f","band":3,"off":[0,1.1]}},{"type":"Feature","geometry":{"type":"Point","coordinates":[-79.263348,43.730278]},"properties":{"line":"133","mode":"bus","color":"#0059a9","colorDark":"#00294f","band":3,"off":[3.4,1.1]}},{"type":"Feature","geometry":{"type":"Point","coordinates":[-79.263348,43.730278]},"properties":{"line":"154","mode":"bus","color":"#0059a9","colorDark":"#00294f","band":3,"off":[6.8,1.1]}},{"type":"Feature","geometry":{"type":"Point","coordinates":[-79.263348,43.730278]},"properties":{"line":"343","mode":"bus","color":"#0059a9","colorDark":"#00294f","band":3,"off":[-1.7,3.1]}},{"type":"Feature","geometry":{"type":"Point","coordinates":[-79.263348,43.730278]},"properties":{"line":"386","mode":"bus","color":"#0059a9","colorDark":"#00294f","band":3,"off":[1.7,3.1]}},{"type":"Feature","geometry":{"type":"Point","coordinates":[-79.130346,43.780784]},"properties":{"name":"Rouge Hill Go Station Loop at Lawrence Ave East","band":3,"modes":"bus","arr":["38","85","200","385","395"],"off":[0,-0.8]}},{"type":"Feature","geometry":{"type":"Point","coordinates":[-79.130346,43.780784]},"properties":{"name":"Rouge Hill GO Station Loop","band":3,"modes":"bus","arr":["38","85","200","385","395"],"off":[0,-4.1]}},{"type":"Feature","geometry":{"type":"Point","coordinates":[-79.130346,43.780784]},"properties":{"line":"38","mode":"bus","color":"#0059a9","colorDark":"#00294f","band":3,"off":[-6.8,1.1]}},{"type":"Feature","geometry":{"type":"Point","coordinates":[-79.130346,43.780784]},"properties":{"line":"85","mode":"bus","color":"#0059a9","colorDark":"#00294f","band":3,"off":[-3.4,1.1]}},{"type":"Feature","geometry":{"type":"Point","coordinates":[-79.130346,43.780784]},"properties":{"line":"200","mode":"bus","color":"#0059a9","colorDark":"#00294f","band":3,"off":[0,1.1]}},{"type":"Feature","geometry":{"type":"Point","coordinates":[-79.130346,43.780784]},"properties":{"line":"385","mode":"bus","color":"#0059a9","colorDark":"#00294f","band":3,"off":[3.4,1.1]}},{"type":"Feature","geometry":{"type":"Point","coordinates":[-79.130346,43.780784]},"properties":{"line":"395","mode":"bus","color":"#0059a9","colorDark":"#00294f","band":3,"off":[6.8,1.1]}},{"type":"Feature","geometry":{"type":"Point","coordinates":[-79.415053,43.781668]},"properties":{"name":"Finch Station at Bus Bay 5","band":3,"modes":"bus","arr":["39","60","125","960"],"off":[0,-0.8]}},{"type":"Feature","geometry":{"type":"Point","coordinates":[-79.415053,43.781668]},"properties":{"name":"Finch Station at Bus Bay 4","band":3,"modes":"bus","arr":["39","60","125","960"],"off":[0,-3]}},{"type":"Feature","geometry":{"type":"Point","coordinates":[-79.415053,43.781668]},"properties":{"name":"Finch Station at Bus Bay 2","band":3,"modes":"bus","arr":["39","60","125","960"],"off":[0,-5.2]}},{"type":"Feature","geometry":{"type":"Point","coordinates":[-79.415053,43.781668]},"properties":{"line":"39","mode":"bus","color":"#0059a9","colorDark":"#00294f","band":3,"off":[-5.1,1.1]}},{"type":"Feature","geometry":{"type":"Point","coordinates":[-79.415053,43.781668]},"properties":{"line":"60","mode":"bus","color":"#0059a9","colorDark":"#00294f","band":3,"off":[-1.7,1.1]}},{"type":"Feature","geometry":{"type":"Point","coordinates":[-79.415053,43.781668]},"properties":{"line":"125","mode":"bus","color":"#0059a9","colorDark":"#00294f","band":3,"off":[1.7,1.1]}},{"type":"Feature","geometry":{"type":"Point","coordinates":[-79.415053,43.781668]},"properties":{"line":"960","mode":"bus","color":"#0059a9","colorDark":"#00294f","band":3,"off":[5.1,1.1]}},{"type":"Feature","geometry":{"type":"Point","coordinates":[-79.200936,43.819977]},"properties":{"name":"Morningview Trail at Sewells Rd","band":3,"modes":"bus","arr":["131"],"off":[0,-0.8]}},{"type":"Feature","geometry":{"type":"Point","coordinates":[-79.200936,43.819977]},"properties":{"line":"131","mode":"bus","color":"#0059a9","colorDark":"#00294f","band":3,"off":[0,1.1]}},{"type":"Feature","geometry":{"type":"Point","coordinates":[-79.205353,43.819173]},"properties":{"name":"Littles Rd at Sewells Rd North Side","band":3,"modes":"bus","arr":["39"],"off":[0,-0.8]}},{"type":"Feature","geometry":{"type":"Point","coordinates":[-79.205353,43.819173]},"properties":{"line":"39","mode":"bus","color":"#0059a9","colorDark":"#00294f","band":3,"off":[0,1.1]}},{"type":"Feature","geometry":{"type":"Point","coordinates":[-79.221446,43.81949]},"properties":{"name":"Morningside Ave at Staines Rd North Side","band":3,"modes":"bus","arr":["53","116","133","953"],"off":[0,-0.8]}},{"type":"Feature","geometry":{"type":"Point","coordinates":[-79.221446,43.81949]},"properties":{"name":"Morningside Ave at Finch Ave East","band":3,"modes":"bus","arr":["53","116","133","953"],"off":[0,-4.1]}},{"type":"Feature","geometry":{"type":"Point","coordinates":[-79.221446,43.81949]},"properties":{"name":"Finch Ave East at Morningside Ave West Side","band":3,"modes":"bus","arr":["53","116","133","953"],"off":[0,-6.3]}},{"type":"Feature","geometry":{"type":"Point","coordinates":[-79.221446,43.81949]},"properties":{"line":"53","mode":"bus","color":"#0059a9","colorDark":"#00294f","band":3,"off":[-5.1,1.1]}},{"type":"Feature","geometry":{"type":"Point","coordinates":[-79.221446,43.81949]},"properties":{"line":"116","mode":"bus","color":"#0059a9","colorDark":"#00294f","band":3,"off":[-1.7,1.1]}},{"type":"Feature","geometry":{"type":"Point","coordinates":[-79.221446,43.81949]},"properties":{"line":"133","mode":"bus","color":"#0059a9","colorDark":"#00294f","band":3,"off":[1.7,1.1]}},{"type":"Feature","geometry":{"type":"Point","coordinates":[-79.221446,43.81949]},"properties":{"line":"953","mode":"bus","color":"#0059a9","colorDark":"#00294f","band":3,"off":[5.1,1.1]}},{"type":"Feature","geometry":{"type":"Point","coordinates":[-79.535358,43.638708]},"properties":{"name":"Kipling Station at Bus Bay 9","band":3,"modes":"bus","arr":["40","44","45","49"],"off":[0,-0.8]}},{"type":"Feature","geometry":{"type":"Point","coordinates":[-79.535358,43.638708]},"properties":{"name":"Kipling Station at Bus Bay 6","band":3,"modes":"bus","arr":["40","44","45","49"],"off":[0,-3]}},{"type":"Feature","geometry":{"type":"Point","coordinates":[-79.535358,43.638708]},"properties":{"name":"Kipling Station at Bus Bay 5","band":3,"modes":"bus","arr":["40","44","45","49"],"off":[0,-5.2]}},{"type":"Feature","geometry":{"type":"Point","coordinates":[-79.535358,43.638708]},"properties":{"line":"40","mode":"bus","color":"#0059a9","colorDark":"#00294f","band":3,"off":[-5.1,1.1]}},{"type":"Feature","geometry":{"type":"Point","coordinates":[-79.535358,43.638708]},"properties":{"line":"44","mode":"bus","color":"#0059a9","colorDark":"#00294f","band":3,"off":[-1.7,1.1]}},{"type":"Feature","geometry":{"type":"Point","coordinates":[-79.535358,43.638708]},"properties":{"line":"45","mode":"bus","color":"#0059a9","colorDark":"#00294f","band":3,"off":[1.7,1.1]}},{"type":"Feature","geometry":{"type":"Point","coordinates":[-79.535358,43.638708]},"properties":{"line":"49","mode":"bus","color":"#0059a9","colorDark":"#00294f","band":3,"off":[5.1,1.1]}},{"type":"Feature","geometry":{"type":"Point","coordinates":[-79.453168,43.657351]},"properties":{"name":"Edna Ave at Dundas St West","band":3,"modes":"bus,tram","arr":["40","168","304","305","340"],"off":[0,-0.8]}},{"type":"Feature","geometry":{"type":"Point","coordinates":[-79.453168,43.657351]},"properties":{"name":"Dundas West Station at Bus Bay 2","band":3,"modes":"bus,tram","arr":["40","168","304","305","340"],"off":[0,-3]}},{"type":"Feature","geometry":{"type":"Point","coordinates":[-79.453168,43.657351]},"properties":{"name":"Dundas West Station at Bus Bay 1","band":3,"modes":"bus,tram","arr":["40","168","304","305","340"],"off":[0,-5.2]}},{"type":"Feature","geometry":{"type":"Point","coordinates":[-79.453168,43.657351]},"properties":{"line":"40","mode":"bus","color":"#0059a9","colorDark":"#00294f","band":3,"off":[-6.8,1.1]}},{"type":"Feature","geometry":{"type":"Point","coordinates":[-79.453168,43.657351]},"properties":{"line":"168","mode":"bus","color":"#0059a9","colorDark":"#00294f","band":3,"off":[-3.4,1.1]}},{"type":"Feature","geometry":{"type":"Point","coordinates":[-79.453168,43.657351]},"properties":{"line":"304","mode":"tram","color":"#d6212b","colorDark":"#7c1116","band":3,"off":[0,1.1]}},{"type":"Feature","geometry":{"type":"Point","coordinates":[-79.453168,43.657351]},"properties":{"line":"305","mode":"tram","color":"#d6212b","colorDark":"#7c1116","band":3,"off":[3.4,1.1]}},{"type":"Feature","geometry":{"type":"Point","coordinates":[-79.453168,43.657351]},"properties":{"line":"340","mode":"bus","color":"#0059a9","colorDark":"#00294f","band":3,"off":[6.8,1.1]}},{"type":"Feature","geometry":{"type":"Point","coordinates":[-79.5007,43.776438]},"properties":{"name":"Ian MacDonald Blvd at The Chimneystack Rd","band":3,"modes":"bus","arr":["335","341","353"],"off":[0,-0.8]}},{"type":"Feature","geometry":{"type":"Point","coordinates":[-79.5007,43.776438]},"properties":{"line":"335","mode":"bus","color":"#0059a9","colorDark":"#00294f","band":3,"off":[-3.4,1.1]}},{"type":"Feature","geometry":{"type":"Point","coordinates":[-79.5007,43.776438]},"properties":{"line":"341","mode":"bus","color":"#0059a9","colorDark":"#00294f","band":3,"off":[0,1.1]}},{"type":"Feature","geometry":{"type":"Point","coordinates":[-79.5007,43.776438]},"properties":{"line":"353","mode":"bus","color":"#0059a9","colorDark":"#00294f","band":3,"off":[3.4,1.1]}},{"type":"Feature","geometry":{"type":"Point","coordinates":[-79.45943,43.655886]},"properties":{"name":"Keele Station at Bus Bay 5","band":3,"modes":"bus","arr":["41","80","89","989"],"off":[0,-0.8]}},{"type":"Feature","geometry":{"type":"Point","coordinates":[-79.45943,43.655886]},"properties":{"name":"Keele Station at Bus Bay 4","band":3,"modes":"bus","arr":["41","80","89","989"],"off":[0,-3]}},{"type":"Feature","geometry":{"type":"Point","coordinates":[-79.45943,43.655886]},"properties":{"name":"Keele Station at Bus Bay 2","band":3,"modes":"bus","arr":["41","80","89","989"],"off":[0,-5.2]}},{"type":"Feature","geometry":{"type":"Point","coordinates":[-79.45943,43.655886]},"properties":{"line":"41","mode":"bus","color":"#0059a9","colorDark":"#00294f","band":3,"off":[-5.1,1.1]}},{"type":"Feature","geometry":{"type":"Point","coordinates":[-79.45943,43.655886]},"properties":{"line":"80","mode":"bus","color":"#0059a9","colorDark":"#00294f","band":3,"off":[-1.7,1.1]}},{"type":"Feature","geometry":{"type":"Point","coordinates":[-79.45943,43.655886]},"properties":{"line":"89","mode":"bus","color":"#0059a9","colorDark":"#00294f","band":3,"off":[1.7,1.1]}},{"type":"Feature","geometry":{"type":"Point","coordinates":[-79.45943,43.655886]},"properties":{"line":"989","mode":"bus","color":"#0059a9","colorDark":"#00294f","band":3,"off":[5.1,1.1]}},{"type":"Feature","geometry":{"type":"Point","coordinates":[-79.251626,43.824299]},"properties":{"name":"80 Dynamic Dr","band":3,"modes":"bus","arr":["42"],"off":[0,-0.8]}},{"type":"Feature","geometry":{"type":"Point","coordinates":[-79.251626,43.824299]},"properties":{"line":"42","mode":"bus","color":"#0059a9","colorDark":"#00294f","band":3,"off":[0,1.1]}},{"type":"Feature","geometry":{"type":"Point","coordinates":[-79.297046,43.825452]},"properties":{"name":"Midland Ave at Steeles Ave East South Side","band":3,"modes":"bus","arr":["43","343"],"off":[0,-0.8]}},{"type":"Feature","geometry":{"type":"Point","coordinates":[-79.297046,43.825452]},"properties":{"line":"43","mode":"bus","color":"#0059a9","colorDark":"#00294f","band":3,"off":[-1.7,1.1]}},{"type":"Feature","geometry":{"type":"Point","coordinates":[-79.297046,43.825452]},"properties":{"line":"343","mode":"bus","color":"#0059a9","colorDark":"#00294f","band":3,"off":[1.7,1.1]}},{"type":"Feature","geometry":{"type":"Point","coordinates":[-79.302608,43.824674]},"properties":{"name":"Steeles Ave East at Milliken Go Station","band":3,"modes":"bus","arr":["57"],"off":[0,-0.8]}},{"type":"Feature","geometry":{"type":"Point","coordinates":[-79.302608,43.824674]},"properties":{"line":"57","mode":"bus","color":"#0059a9","colorDark":"#00294f","band":3,"off":[0,1.1]}},{"type":"Feature","geometry":{"type":"Point","coordinates":[-79.516814,43.594239]},"properties":{"name":"Colonel Samuel Smith Park Dr","band":3,"modes":"bus","arr":["44"],"off":[0,-0.8]}},{"type":"Feature","geometry":{"type":"Point","coordinates":[-79.516814,43.594239]},"properties":{"line":"44","mode":"bus","color":"#0059a9","colorDark":"#00294f","band":3,"off":[0,1.1]}},{"type":"Feature","geometry":{"type":"Point","coordinates":[-79.589697,43.759232]},"properties":{"name":"Kipling Ave at Steeles Ave West South Side","band":3,"modes":"bus","arr":["45","337"],"off":[0,-0.8]}},{"type":"Feature","geometry":{"type":"Point","coordinates":[-79.589697,43.759232]},"properties":{"name":"Kipling Ave at Steeles Ave West","band":3,"modes":"bus","arr":["45","337"],"off":[0,-4.1]}},{"type":"Feature","geometry":{"type":"Point","coordinates":[-79.589697,43.759232]},"properties":{"line":"45","mode":"bus","color":"#0059a9","colorDark":"#00294f","band":3,"off":[-1.7,1.1]}},{"type":"Feature","geometry":{"type":"Point","coordinates":[-79.589697,43.759232]},"properties":{"line":"337","mode":"bus","color":"#0059a9","colorDark":"#00294f","band":3,"off":[1.7,1.1]}},{"type":"Feature","geometry":{"type":"Point","coordinates":[-79.607887,43.756677]},"properties":{"name":"Steeles Ave West Loop at Martin Grove Rd","band":3,"modes":"bus","arr":["46","60","396","927"],"off":[0,-0.8]}},{"type":"Feature","geometry":{"type":"Point","coordinates":[-79.607887,43.756677]},"properties":{"line":"46","mode":"bus","color":"#0059a9","colorDark":"#00294f","band":3,"off":[-5.1,1.1]}},{"type":"Feature","geometry":{"type":"Point","coordinates":[-79.607887,43.756677]},"properties":{"line":"60","mode":"bus","color":"#0059a9","colorDark":"#00294f","band":3,"off":[-1.7,1.1]}},{"type":"Feature","geometry":{"type":"Point","coordinates":[-79.607887,43.756677]},"properties":{"line":"396","mode":"bus","color":"#0059a9","colorDark":"#00294f","band":3,"off":[1.7,1.1]}},{"type":"Feature","geometry":{"type":"Point","coordinates":[-79.607887,43.756677]},"properties":{"line":"927","mode":"bus","color":"#0059a9","colorDark":"#00294f","band":3,"off":[5.1,1.1]}},{"type":"Feature","geometry":{"type":"Point","coordinates":[-79.534797,43.636954]},"properties":{"name":"Kipling Station at Bus Bay 8","band":3,"modes":"bus","arr":["46","149","900","927"],"off":[0,-0.8]}},{"type":"Feature","geometry":{"type":"Point","coordinates":[-79.534797,43.636954]},"properties":{"name":"Kipling Station at Bus Bay 7","band":3,"modes":"bus","arr":["46","149","900","927"],"off":[0,-3]}},{"type":"Feature","geometry":{"type":"Point","coordinates":[-79.534797,43.636954]},"properties":{"name":"Kipling Station at Bus Bay 4","band":3,"modes":"bus","arr":["46","149","900","927"],"off":[0,-5.2]}},{"type":"Feature","geometry":{"type":"Point","coordinates":[-79.534797,43.636954]},"properties":{"line":"46","mode":"bus","color":"#0059a9","colorDark":"#00294f","band":3,"off":[-5.1,1.1]}},{"type":"Feature","geometry":{"type":"Point","coordinates":[-79.534797,43.636954]},"properties":{"line":"149","mode":"bus","color":"#0059a9","colorDark":"#00294f","band":3,"off":[-1.7,1.1]}},{"type":"Feature","geometry":{"type":"Point","coordinates":[-79.534797,43.636954]},"properties":{"line":"900","mode":"bus","color":"#0059a9","colorDark":"#00294f","band":3,"off":[1.7,1.1]}},{"type":"Feature","geometry":{"type":"Point","coordinates":[-79.534797,43.636954]},"properties":{"line":"927","mode":"bus","color":"#0059a9","colorDark":"#00294f","band":3,"off":[5.1,1.1]}},{"type":"Feature","geometry":{"type":"Point","coordinates":[-79.443075,43.659342]},"properties":{"name":"Lansdowne Ave at Wade Ave - Lansdowne Station","band":3,"modes":"bus","arr":["47"],"off":[0,-0.8]}},{"type":"Feature","geometry":{"type":"Point","coordinates":[-79.443075,43.659342]},"properties":{"line":"47","mode":"bus","color":"#0059a9","colorDark":"#00294f","band":3,"off":[0,1.1]}},{"type":"Feature","geometry":{"type":"Point","coordinates":[-79.590206,43.645426]},"properties":{"name":"Mill Rd at Rathburn Rd Loop","band":3,"modes":"bus","arr":["48"],"off":[0,-0.8]}},{"type":"Feature","geometry":{"type":"Point","coordinates":[-79.590206,43.645426]},"properties":{"line":"48","mode":"bus","color":"#0059a9","colorDark":"#00294f","band":3,"off":[0,1.1]}},{"type":"Feature","geometry":{"type":"Point","coordinates":[-79.580286,43.629624]},"properties":{"name":"Markland Dr (West) at Bloor St West North Side","band":3,"modes":"bus","arr":["49"],"off":[0,-0.8]}},{"type":"Feature","geometry":{"type":"Point","coordinates":[-79.580286,43.629624]},"properties":{"line":"49","mode":"bus","color":"#0059a9","colorDark":"#00294f","band":3,"off":[0,1.1]}},{"type":"Feature","geometry":{"type":"Point","coordinates":[-79.582909,43.640556]},"properties":{"name":"Mill Rd at Burnhamthorpe Loop","band":3,"modes":"bus","arr":["50"],"off":[0,-0.8]}},{"type":"Feature","geometry":{"type":"Point","coordinates":[-79.582909,43.640556]},"properties":{"line":"50","mode":"bus","color":"#0059a9","colorDark":"#00294f","band":3,"off":[0,1.1]}},{"type":"Feature","geometry":{"type":"Point","coordinates":[-79.367752,43.77044]},"properties":{"name":"Leslie Station at Bus Bay 3","band":3,"modes":"bus","arr":["51","151"],"off":[0,-0.8]}},{"type":"Feature","geometry":{"type":"Point","coordinates":[-79.367752,43.77044]},"properties":{"name":"Leslie Station at Bus Bay 2","band":3,"modes":"bus","arr":["51","151"],"off":[0,-3]}},{"type":"Feature","geometry":{"type":"Point","coordinates":[-79.367752,43.77044]},"properties":{"line":"51","mode":"bus","color":"#0059a9","colorDark":"#00294f","band":3,"off":[-1.7,1.1]}},{"type":"Feature","geometry":{"type":"Point","coordinates":[-79.367752,43.77044]},"properties":{"line":"151","mode":"bus","color":"#0059a9","colorDark":"#00294f","band":3,"off":[1.7,1.1]}},{"type":"Feature","geometry":{"type":"Point","coordinates":[-79.337892,43.680941]},"properties":{"name":"Donlands Station at Bus Bay 3","band":3,"modes":"bus","arr":["51","83"],"off":[0,-0.8]}},{"type":"Feature","geometry":{"type":"Point","coordinates":[-79.337892,43.680941]},"properties":{"name":"Donlands Station at Bus Bay 1","band":3,"modes":"bus","arr":["51","83"],"off":[0,-3]}},{"type":"Feature","geometry":{"type":"Point","coordinates":[-79.337892,43.680941]},"properties":{"line":"51","mode":"bus","color":"#0059a9","colorDark":"#00294f","band":3,"off":[-1.7,1.1]}},{"type":"Feature","geometry":{"type":"Point","coordinates":[-79.337892,43.680941]},"properties":{"line":"83","mode":"bus","color":"#0059a9","colorDark":"#00294f","band":3,"off":[1.7,1.1]}},{"type":"Feature","geometry":{"type":"Point","coordinates":[-79.640651,43.721692]},"properties":{"name":"Westwood Square Bus Terminal at Morning Star Dr","band":3,"modes":"bus","arr":["52"],"off":[0,-0.8]}},{"type":"Feature","geometry":{"type":"Point","coordinates":[-79.640651,43.721692]},"properties":{"line":"52","mode":"bus","color":"#0059a9","colorDark":"#00294f","band":3,"off":[0,1.1]}},{"type":"Feature","geometry":{"type":"Point","coordinates":[-79.402267,43.725508]},"properties":{"name":"Lawrence Station at Bus Bay 5","band":3,"modes":"bus","arr":["52","124","162"],"off":[0,-0.8]}},{"type":"Feature","geometry":{"type":"Point","coordinates":[-79.402267,43.725508]},"properties":{"name":"Lawrence Station at Bus Bay 4","band":3,"modes":"bus","arr":["52","124","162"],"off":[0,-3]}},{"type":"Feature","geometry":{"type":"Point","coordinates":[-79.402267,43.725508]},"properties":{"name":"Lawrence Station at Bus Bay 2","band":3,"modes":"bus","arr":["52","124","162"],"off":[0,-5.2]}},{"type":"Feature","geometry":{"type":"Point","coordinates":[-79.402267,43.725508]},"properties":{"line":"52","mode":"bus","color":"#0059a9","colorDark":"#00294f","band":3,"off":[-3.4,1.1]}},{"type":"Feature","geometry":{"type":"Point","coordinates":[-79.402267,43.725508]},"properties":{"line":"124","mode":"bus","color":"#0059a9","colorDark":"#00294f","band":3,"off":[0,1.1]}},{"type":"Feature","geometry":{"type":"Point","coordinates":[-79.402267,43.725508]},"properties":{"line":"162","mode":"bus","color":"#0059a9","colorDark":"#00294f","band":3,"off":[3.4,1.1]}},{"type":"Feature","geometry":{"type":"Point","coordinates":[-79.33763,43.72173]},"properties":{"name":"Don Valley Station at Bus Bay 4","band":3,"modes":"bus","arr":["54","72","100","954"],"off":[0,-0.8]}},{"type":"Feature","geometry":{"type":"Point","coordinates":[-79.33763,43.72173]},"properties":{"name":"Don Valley Station at Bus Bay 3","band":3,"modes":"bus","arr":["54","72","100","954"],"off":[0,-3]}},{"type":"Feature","geometry":{"type":"Point","coordinates":[-79.33763,43.72173]},"properties":{"name":"Don Valley Station at Bus Bay 2","band":3,"modes":"bus","arr":["54","72","100","954"],"off":[0,-5.2]}},{"type":"Feature","geometry":{"type":"Point","coordinates":[-79.33763,43.72173]},"properties":{"line":"54","mode":"bus","color":"#0059a9","colorDark":"#00294f","band":3,"off":[-5.1,1.1]}},{"type":"Feature","geometry":{"type":"Point","coordinates":[-79.33763,43.72173]},"properties":{"line":"72","mode":"bus","color":"#0059a9","colorDark":"#00294f","band":3,"off":[-1.7,1.1]}},{"type":"Feature","geometry":{"type":"Point","coordinates":[-79.33763,43.72173]},"properties":{"line":"100","mode":"bus","color":"#0059a9","colorDark":"#00294f","band":3,"off":[1.7,1.1]}},{"type":"Feature","geometry":{"type":"Point","coordinates":[-79.33763,43.72173]},"properties":{"line":"954","mode":"bus","color":"#0059a9","colorDark":"#00294f","band":3,"off":[5.1,1.1]}},{"type":"Feature","geometry":{"type":"Point","coordinates":[-79.123013,43.788645]},"properties":{"name":"Starspray Loop at Lawrence Ave East","band":3,"modes":"bus","arr":["54","354","954"],"off":[0,-0.8]}},{"type":"Feature","geometry":{"type":"Point","coordinates":[-79.123013,43.788645]},"properties":{"line":"54","mode":"bus","color":"#0059a9","colorDark":"#00294f","band":3,"off":[-3.4,1.1]}},{"type":"Feature","geometry":{"type":"Point","coordinates":[-79.123013,43.788645]},"properties":{"line":"354","mode":"bus","color":"#0059a9","colorDark":"#00294f","band":3,"off":[0,1.1]}},{"type":"Feature","geometry":{"type":"Point","coordinates":[-79.123013,43.788645]},"properties":{"line":"954","mode":"bus","color":"#0059a9","colorDark":"#00294f","band":3,"off":[3.4,1.1]}},{"type":"Feature","geometry":{"type":"Point","coordinates":[-79.502708,43.662684]},"properties":{"name":"Lundy Ave at Warren Cres","band":3,"modes":"bus","arr":["55"],"off":[0,-0.8]}},{"type":"Feature","geometry":{"type":"Point","coordinates":[-79.502708,43.662684]},"properties":{"line":"55","mode":"bus","color":"#0059a9","colorDark":"#00294f","band":3,"off":[0,1.1]}},{"type":"Feature","geometry":{"type":"Point","coordinates":[-79.532699,43.708002]},"properties":{"name":"Oak St at Weston Rd East Side","band":3,"modes":"bus","arr":["59","158"],"off":[0,-0.8]}},{"type":"Feature","geometry":{"type":"Point","coordinates":[-79.532699,43.708002]},"properties":{"name":"Oak St at Weston Rd","band":3,"modes":"bus","arr":["59","158"],"off":[0,-3]}},{"type":"Feature","geometry":{"type":"Point","coordinates":[-79.532699,43.708002]},"properties":{"line":"59","mode":"bus","color":"#0059a9","colorDark":"#00294f","band":3,"off":[-1.7,1.1]}},{"type":"Feature","geometry":{"type":"Point","coordinates":[-79.532699,43.708002]},"properties":{"line":"158","mode":"bus","color":"#0059a9","colorDark":"#00294f","band":3,"off":[1.7,1.1]}},{"type":"Feature","geometry":{"type":"Point","coordinates":[-79.443894,43.715585]},"properties":{"name":"Lawrence West Station at Bus Bay 2","band":3,"modes":"bus","arr":["59"],"off":[0,-0.8]}},{"type":"Feature","geometry":{"type":"Point","coordinates":[-79.443894,43.715585]},"properties":{"line":"59","mode":"bus","color":"#0059a9","colorDark":"#00294f","band":3,"off":[0,1.1]}},{"type":"Feature","geometry":{"type":"Point","coordinates":[-79.470251,43.786916]},"properties":{"name":"Steeles Ave West at Dufferin St","band":3,"modes":"bus","arr":["105","329"],"off":[0,-0.8]}},{"type":"Feature","geometry":{"type":"Point","coordinates":[-79.470251,43.786916]},"properties":{"name":"Dufferin St at Steeles Ave West South Side","band":3,"modes":"bus","arr":["105","329"],"off":[0,-3]}},{"type":"Feature","geometry":{"type":"Point","coordinates":[-79.470251,43.786916]},"properties":{"line":"105","mode":"bus","color":"#0059a9","colorDark":"#00294f","band":3,"off":[-1.7,1.1]}},{"type":"Feature","geometry":{"type":"Point","coordinates":[-79.470251,43.786916]},"properties":{"line":"329","mode":"bus","color":"#0059a9","colorDark":"#00294f","band":3,"off":[1.7,1.1]}},{"type":"Feature","geometry":{"type":"Point","coordinates":[-79.424261,43.743619]},"properties":{"name":"Bombay Loop at Avenue Rd","band":3,"modes":"bus","arr":["61"],"off":[0,-0.8]}},{"type":"Feature","geometry":{"type":"Point","coordinates":[-79.424261,43.743619]},"properties":{"line":"61","mode":"bus","color":"#0059a9","colorDark":"#00294f","band":3,"off":[0,1.1]}},{"type":"Feature","geometry":{"type":"Point","coordinates":[-79.435866,43.6998]},"properties":{"name":"Cedarvale Station at Bus Bay 8","band":3,"modes":"bus","arr":["63","90","109","164"],"off":[0,-0.8]}},{"type":"Feature","geometry":{"type":"Point","coordinates":[-79.435866,43.6998]},"properties":{"name":"Cedarvale Station at Bus Bay 7","band":3,"modes":"bus","arr":["63","90","109","164"],"off":[0,-3]}},{"type":"Feature","geometry":{"type":"Point","coordinates":[-79.435866,43.6998]},"properties":{"name":"Cedarvale Station at Bus Bay 5","band":3,"modes":"bus","arr":["63","90","109","164"],"off":[0,-5.2]}},{"type":"Feature","geometry":{"type":"Point","coordinates":[-79.435866,43.6998]},"properties":{"line":"63","mode":"bus","color":"#0059a9","colorDark":"#00294f","band":3,"off":[-5.1,1.1]}},{"type":"Feature","geometry":{"type":"Point","coordinates":[-79.435866,43.6998]},"properties":{"line":"90","mode":"bus","color":"#0059a9","colorDark":"#00294f","band":3,"off":[-1.7,1.1]}},{"type":"Feature","geometry":{"type":"Point","coordinates":[-79.435866,43.6998]},"properties":{"line":"109","mode":"bus","color":"#0059a9","colorDark":"#00294f","band":3,"off":[1.7,1.1]}},{"type":"Feature","geometry":{"type":"Point","coordinates":[-79.435866,43.6998]},"properties":{"line":"164","mode":"bus","color":"#0059a9","colorDark":"#00294f","band":3,"off":[5.1,1.1]}},{"type":"Feature","geometry":{"type":"Point","coordinates":[-79.42645,43.662577]},"properties":{"name":"Ossington Station at Bus Bay 6","band":3,"modes":"bus","arr":["63","94"],"off":[0,-0.8]}},{"type":"Feature","geometry":{"type":"Point","coordinates":[-79.42645,43.662577]},"properties":{"name":"Ossington Station at Bus Bay 4","band":3,"modes":"bus","arr":["63","94"],"off":[0,-3]}},{"type":"Feature","geometry":{"type":"Point","coordinates":[-79.42645,43.662577]},"properties":{"name":"Ossington Station at Bus Bay 2","band":3,"modes":"bus","arr":["63","94"],"off":[0,-5.2]}},{"type":"Feature","geometry":{"type":"Point","coordinates":[-79.42645,43.662577]},"properties":{"line":"63","mode":"bus","color":"#0059a9","colorDark":"#00294f","band":3,"off":[-1.7,1.1]}},{"type":"Feature","geometry":{"type":"Point","coordinates":[-79.42645,43.662577]},"properties":{"line":"94","mode":"bus","color":"#0059a9","colorDark":"#00294f","band":3,"off":[1.7,1.1]}},{"type":"Feature","geometry":{"type":"Point","coordinates":[-79.301499,43.688572]},"properties":{"name":"Main Street Station at Bus Bay 5","band":3,"modes":"bus,tram","arr":["64","87","506"],"off":[0,-0.8]}},{"type":"Feature","geometry":{"type":"Point","coordinates":[-79.301499,43.688572]},"properties":{"name":"Main Street Station at Bus Bay 3","band":3,"modes":"bus,tram","arr":["64","87","506"],"off":[0,-3]}},{"type":"Feature","geometry":{"type":"Point","coordinates":[-79.301499,43.688572]},"properties":{"name":"Main Street Station at Bay 7","band":3,"modes":"bus,tram","arr":["64","87","506"],"off":[0,-5.2]}},{"type":"Feature","geometry":{"type":"Point","coordinates":[-79.301499,43.688572]},"properties":{"line":"64","mode":"bus","color":"#0059a9","colorDark":"#00294f","band":3,"off":[-3.4,1.1]}},{"type":"Feature","geometry":{"type":"Point","coordinates":[-79.301499,43.688572]},"properties":{"line":"87","mode":"bus","color":"#0059a9","colorDark":"#00294f","band":3,"off":[0,1.1]}},{"type":"Feature","geometry":{"type":"Point","coordinates":[-79.301499,43.688572]},"properties":{"line":"506","mode":"tram","color":"#d6212b","colorDark":"#7c1116","band":3,"off":[3.4,1.1]}},{"type":"Feature","geometry":{"type":"Point","coordinates":[-79.295812,43.671113]},"properties":{"name":"Wineva Ave at Queen St East","band":3,"modes":"bus","arr":["64"],"off":[0,-0.8]}},{"type":"Feature","geometry":{"type":"Point","coordinates":[-79.295812,43.671113]},"properties":{"line":"64","mode":"bus","color":"#0059a9","colorDark":"#00294f","band":3,"off":[0,1.1]}},{"type":"Feature","geometry":{"type":"Point","coordinates":[-79.369038,43.67358]},"properties":{"name":"Castle Frank Station at Bus Bay 2","band":3,"modes":"bus","arr":["65","94"],"off":[0,-0.8]}},{"type":"Feature","geometry":{"type":"Point","coordinates":[-79.369038,43.67358]},"properties":{"name":"Castle Frank Station at Bus Bay 1","band":3,"modes":"bus","arr":["65","94"],"off":[0,-3]}},{"type":"Feature","geometry":{"type":"Point","coordinates":[-79.369038,43.67358]},"properties":{"line":"65","mode":"bus","color":"#0059a9","colorDark":"#00294f","band":3,"off":[-1.7,1.1]}},{"type":"Feature","geometry":{"type":"Point","coordinates":[-79.369038,43.67358]},"properties":{"line":"94","mode":"bus","color":"#0059a9","colorDark":"#00294f","band":3,"off":[1.7,1.1]}},{"type":"Feature","geometry":{"type":"Point","coordinates":[-79.370829,43.671353]},"properties":{"name":"Parliament St at Howard St South Side","band":3,"modes":"bus","arr":["365"],"off":[0,-0.8]}},{"type":"Feature","geometry":{"type":"Point","coordinates":[-79.370829,43.671353]},"properties":{"name":"Parliament St at Bloor St East","band":3,"modes":"bus","arr":["365"],"off":[0,-4.1]}},{"type":"Feature","geometry":{"type":"Point","coordinates":[-79.370829,43.671353]},"properties":{"line":"365","mode":"bus","color":"#0059a9","colorDark":"#00294f","band":3,"off":[0,1.1]}},{"type":"Feature","geometry":{"type":"Point","coordinates":[-79.36544,43.644832]},"properties":{"name":"Dockside Dr at Queens Quay East","band":3,"modes":"bus","arr":["65","365"],"off":[0,-0.8]}},{"type":"Feature","geometry":{"type":"Point","coordinates":[-79.36544,43.644832]},"properties":{"line":"65","mode":"bus","color":"#0059a9","colorDark":"#00294f","band":3,"off":[-1.7,1.1]}},{"type":"Feature","geometry":{"type":"Point","coordinates":[-79.36544,43.644832]},"properties":{"line":"365","mode":"bus","color":"#0059a9","colorDark":"#00294f","band":3,"off":[1.7,1.1]}},{"type":"Feature","geometry":{"type":"Point","coordinates":[-79.495151,43.650226]},"properties":{"name":"Old Mill Station at Bus Bay 2","band":3,"modes":"bus","arr":["66"],"off":[0,-0.8]}},{"type":"Feature","geometry":{"type":"Point","coordinates":[-79.495151,43.650226]},"properties":{"line":"66","mode":"bus","color":"#0059a9","colorDark":"#00294f","band":3,"off":[0,1.1]}},{"type":"Feature","geometry":{"type":"Point","coordinates":[-79.477561,43.624637]},"properties":{"name":"Marine Parade Dr at Silver Moon Dr","band":3,"modes":"bus","arr":["66"],"off":[0,-0.8]}},{"type":"Feature","geometry":{"type":"Point","coordinates":[-79.477561,43.624637]},"properties":{"line":"66","mode":"bus","color":"#0059a9","colorDark":"#00294f","band":3,"off":[0,1.1]}},{"type":"Feature","geometry":{"type":"Point","coordinates":[-79.310629,43.765192]},"properties":{"name":"Penworth Rd at Crosland Dr","band":3,"modes":"bus","arr":["67"],"off":[0,-0.8]}},{"type":"Feature","geometry":{"type":"Point","coordinates":[-79.310629,43.765192]},"properties":{"line":"67","mode":"bus","color":"#0059a9","colorDark":"#00294f","band":3,"off":[0,1.1]}},{"type":"Feature","geometry":{"type":"Point","coordinates":[-79.288212,43.693387]},"properties":{"name":"Victoria Park Station at Bus Bay 2","band":3,"modes":"bus","arr":["67"],"off":[0,-0.8]}},{"type":"Feature","geometry":{"type":"Point","coordinates":[-79.288212,43.693387]},"properties":{"line":"67","mode":"bus","color":"#0059a9","colorDark":"#00294f","band":3,"off":[0,1.1]}},{"type":"Feature","geometry":{"type":"Point","coordinates":[-79.337464,43.8946]},"properties":{"name":"Angus Glen Community Centre Loop at Major Mackenzie Dr East","band":3,"modes":"bus","arr":["68"],"off":[0,-0.8]}},{"type":"Feature","geometry":{"type":"Point","coordinates":[-79.337464,43.8946]},"properties":{"line":"68","mode":"bus","color":"#0059a9","colorDark":"#00294f","band":3,"off":[0,1.1]}},{"type":"Feature","geometry":{"type":"Point","coordinates":[-79.280069,43.70975]},"properties":{"name":"Warden Station at Temporary Bus Bay 7","band":3,"modes":"bus","arr":["69","102","117","135","902"],"off":[0,-0.8]}},{"type":"Feature","geometry":{"type":"Point","coordinates":[-79.280069,43.70975]},"properties":{"name":"Warden Station at Temporary Bus Bay 4","band":3,"modes":"bus","arr":["69","102","117","135","902"],"off":[0,-4.1]}},{"type":"Feature","geometry":{"type":"Point","coordinates":[-79.280069,43.70975]},"properties":{"name":"Warden Station at Temporary Bus Bay 1","band":3,"modes":"bus","arr":["69","102","117","135","902"],"off":[0,-7.4]}},{"type":"Feature","geometry":{"type":"Point","coordinates":[-79.280069,43.70975]},"properties":{"line":"69","mode":"bus","color":"#0059a9","colorDark":"#00294f","band":3,"off":[-6.8,1.1]}},{"type":"Feature","geometry":{"type":"Point","coordinates":[-79.280069,43.70975]},"properties":{"line":"102","mode":"bus","color":"#0059a9","colorDark":"#00294f","band":3,"off":[-3.4,1.1]}},{"type":"Feature","geometry":{"type":"Point","coordinates":[-79.280069,43.70975]},"properties":{"line":"117","mode":"bus","color":"#0059a9","colorDark":"#00294f","band":3,"off":[0,1.1]}},{"type":"Feature","geometry":{"type":"Point","coordinates":[-79.280069,43.70975]},"properties":{"line":"135","mode":"bus","color":"#0059a9","colorDark":"#00294f","band":3,"off":[3.4,1.1]}},{"type":"Feature","geometry":{"type":"Point","coordinates":[-79.280069,43.70975]},"properties":{"line":"902","mode":"bus","color":"#0059a9","colorDark":"#00294f","band":3,"off":[6.8,1.1]}},{"type":"Feature","geometry":{"type":"Point","coordinates":[-79.233722,43.716877]},"properties":{"name":"Brooklawn Ave at Barkdene Hills","band":3,"modes":"bus","arr":["69"],"off":[0,-0.8]}},{"type":"Feature","geometry":{"type":"Point","coordinates":[-79.233722,43.716877]},"properties":{"line":"69","mode":"bus","color":"#0059a9","colorDark":"#00294f","band":3,"off":[0,1.1]}},{"type":"Feature","geometry":{"type":"Point","coordinates":[-79.298451,43.727182]},"properties":{"name":"Craigton Dr at Pharmacy Ave","band":3,"modes":"bus","arr":["70"],"off":[0,-0.8]}},{"type":"Feature","geometry":{"type":"Point","coordinates":[-79.298451,43.727182]},"properties":{"line":"70","mode":"bus","color":"#0059a9","colorDark":"#00294f","band":3,"off":[0,1.1]}},{"type":"Feature","geometry":{"type":"Point","coordinates":[-79.495235,43.693565]},"properties":{"name":"Mount Dennis Garage","band":3,"modes":"bus","arr":["71"],"off":[0,-0.8]}},{"type":"Feature","geometry":{"type":"Point","coordinates":[-79.495235,43.693565]},"properties":{"line":"71","mode":"bus","color":"#0059a9","colorDark":"#00294f","band":3,"off":[0,1.1]}},{"type":"Feature","geometry":{"type":"Point","coordinates":[-79.491418,43.692607]},"properties":{"name":"Industry St at Ray Ave","band":3,"modes":"bus","arr":["171"],"off":[0,-0.8]}},{"type":"Feature","geometry":{"type":"Point","coordinates":[-79.491418,43.692607]},"properties":{"line":"171","mode":"bus","color":"#0059a9","colorDark":"#00294f","band":3,"off":[0,1.1]}},{"type":"Feature","geometry":{"type":"Point","coordinates":[-79.475766,43.651852]},"properties":{"name":"Runnymede Station at Bus Bay 4","band":3,"modes":"bus","arr":["71","77","79"],"off":[0,-0.8]}},{"type":"Feature","geometry":{"type":"Point","coordinates":[-79.475766,43.651852]},"properties":{"name":"Runnymede Station at Bus Bay 3","band":3,"modes":"bus","arr":["71","77","79"],"off":[0,-3]}},{"type":"Feature","geometry":{"type":"Point","coordinates":[-79.475766,43.651852]},"properties":{"name":"Runnymede Station at Bus Bay 2","band":3,"modes":"bus","arr":["71","77","79"],"off":[0,-5.2]}},{"type":"Feature","geometry":{"type":"Point","coordinates":[-79.475766,43.651852]},"properties":{"line":"71","mode":"bus","color":"#0059a9","colorDark":"#00294f","band":3,"off":[-3.4,1.1]}},{"type":"Feature","geometry":{"type":"Point","coordinates":[-79.475766,43.651852]},"properties":{"line":"77","mode":"bus","color":"#0059a9","colorDark":"#00294f","band":3,"off":[0,1.1]}},{"type":"Feature","geometry":{"type":"Point","coordinates":[-79.475766,43.651852]},"properties":{"line":"79","mode":"bus","color":"#0059a9","colorDark":"#00294f","band":3,"off":[3.4,1.1]}},{"type":"Feature","geometry":{"type":"Point","coordinates":[-79.492876,43.693318]},"properties":{"name":"109 Industry St","band":3,"modes":"bus","arr":["171"],"off":[0,-0.8]}},{"type":"Feature","geometry":{"type":"Point","coordinates":[-79.492876,43.693318]},"properties":{"line":"171","mode":"bus","color":"#0059a9","colorDark":"#00294f","band":3,"off":[0,1.1]}},{"type":"Feature","geometry":{"type":"Point","coordinates":[-79.342149,43.649792]},"properties":{"name":"Commissioners St at Saulter St","band":3,"modes":"bus","arr":["72"],"off":[0,-0.8]}},{"type":"Feature","geometry":{"type":"Point","coordinates":[-79.342149,43.649792]},"properties":{"line":"72","mode":"bus","color":"#0059a9","colorDark":"#00294f","band":3,"off":[0,1.1]}},{"type":"Feature","geometry":{"type":"Point","coordinates":[-79.343326,43.706896]},"properties":{"name":"Thorncliffe Park Dr (East) at Overlea Blvd","band":3,"modes":"bus","arr":["156"],"off":[0,-0.8]}},{"type":"Feature","geometry":{"type":"Point","coordinates":[-79.343326,43.706896]},"properties":{"line":"156","mode":"bus","color":"#0059a9","colorDark":"#00294f","band":3,"off":[0,1.1]}},{"type":"Feature","geometry":{"type":"Point","coordinates":[-79.634744,43.746833]},"properties":{"name":"Claireport Cres (West) at Albion Rd","band":3,"modes":"bus","arr":["73"],"off":[0,-0.8]}},{"type":"Feature","geometry":{"type":"Point","coordinates":[-79.634744,43.746833]},"properties":{"line":"73","mode":"bus","color":"#0059a9","colorDark":"#00294f","band":3,"off":[0,1.1]}},{"type":"Feature","geometry":{"type":"Point","coordinates":[-79.537772,43.717042]},"properties":{"name":"Weston Rd at Albion Rd South Side","band":3,"modes":"bus","arr":["89"],"off":[0,-0.8]}},{"type":"Feature","geometry":{"type":"Point","coordinates":[-79.537772,43.717042]},"properties":{"line":"89","mode":"bus","color":"#0059a9","colorDark":"#00294f","band":3,"off":[0,1.1]}},{"type":"Feature","geometry":{"type":"Point","coordinates":[-79.392435,43.688213]},"properties":{"name":"St Clair Station at Lower Platform Bus Bay 4","band":3,"modes":"bus","arr":["74","88","97"],"off":[0,-0.8]}},{"type":"Feature","geometry":{"type":"Point","coordinates":[-79.392435,43.688213]},"properties":{"name":"St Clair Station at Lower Platform Bus Bay 3","band":3,"modes":"bus","arr":["74","88","97"],"off":[0,-4.1]}},{"type":"Feature","geometry":{"type":"Point","coordinates":[-79.392435,43.688213]},"properties":{"name":"St Clair Station at Lower Platform Bus Bay 2","band":3,"modes":"bus","arr":["74","88","97"],"off":[0,-7.4]}},{"type":"Feature","geometry":{"type":"Point","coordinates":[-79.392435,43.688213]},"properties":{"line":"74","mode":"bus","color":"#0059a9","colorDark":"#00294f","band":3,"off":[-3.4,1.1]}},{"type":"Feature","geometry":{"type":"Point","coordinates":[-79.392435,43.688213]},"properties":{"line":"88","mode":"bus","color":"#0059a9","colorDark":"#00294f","band":3,"off":[0,1.1]}},{"type":"Feature","geometry":{"type":"Point","coordinates":[-79.392435,43.688213]},"properties":{"line":"97","mode":"bus","color":"#0059a9","colorDark":"#00294f","band":3,"off":[3.4,1.1]}},{"type":"Feature","geometry":{"type":"Point","coordinates":[-79.376767,43.67213]},"properties":{"name":"Sherbourne St at Bloor St East - Sherbourne Station","band":3,"modes":"bus","arr":["75"],"off":[0,-0.8]}},{"type":"Feature","geometry":{"type":"Point","coordinates":[-79.376767,43.67213]},"properties":{"line":"75","mode":"bus","color":"#0059a9","colorDark":"#00294f","band":3,"off":[0,1.1]}},{"type":"Feature","geometry":{"type":"Point","coordinates":[-79.369241,43.644358]},"properties":{"name":"Lower Jarvis St at Queens Quay East North Side","band":3,"modes":"bus","arr":["75"],"off":[0,-0.8]}},{"type":"Feature","geometry":{"type":"Point","coordinates":[-79.369241,43.644358]},"properties":{"line":"75","mode":"bus","color":"#0059a9","colorDark":"#00294f","band":3,"off":[0,1.1]}},{"type":"Feature","geometry":{"type":"Point","coordinates":[-79.489607,43.613278]},"properties":{"name":"Lake Shore Blvd West at Mimico Ave","band":3,"modes":"bus","arr":["76"],"off":[0,-0.8]}},{"type":"Feature","geometry":{"type":"Point","coordinates":[-79.489607,43.613278]},"properties":{"line":"76","mode":"bus","color":"#0059a9","colorDark":"#00294f","band":3,"off":[0,1.1]}},{"type":"Feature","geometry":{"type":"Point","coordinates":[-79.471136,43.638195]},"properties":{"name":"Windermere Pl at Windermere Ave","band":3,"modes":"bus","arr":["77"],"off":[0,-0.8]}},{"type":"Feature","geometry":{"type":"Point","coordinates":[-79.471136,43.638195]},"properties":{"line":"77","mode":"bus","color":"#0059a9","colorDark":"#00294f","band":3,"off":[0,1.1]}},{"type":"Feature","geometry":{"type":"Point","coordinates":[-79.406338,43.74599]},"properties":{"name":"York Mills Station at Bus Bay 7","band":3,"modes":"bus","arr":["78","95","96","115"],"off":[0,-0.8]}},{"type":"Feature","geometry":{"type":"Point","coordinates":[-79.406338,43.74599]},"properties":{"name":"York Mills Station at Bus Bay 5","band":3,"modes":"bus","arr":["78","95","96","115"],"off":[0,-3]}},{"type":"Feature","geometry":{"type":"Point","coordinates":[-79.406338,43.74599]},"properties":{"name":"York Mills Station at Bus Bay 2","band":3,"modes":"bus","arr":["78","95","96","115"],"off":[0,-5.2]}},{"type":"Feature","geometry":{"type":"Point","coordinates":[-79.406338,43.74599]},"properties":{"line":"78","mode":"bus","color":"#0059a9","colorDark":"#00294f","band":3,"off":[-5.1,1.1]}},{"type":"Feature","geometry":{"type":"Point","coordinates":[-79.406338,43.74599]},"properties":{"line":"95","mode":"bus","color":"#0059a9","colorDark":"#00294f","band":3,"off":[-1.7,1.1]}},{"type":"Feature","geometry":{"type":"Point","coordinates":[-79.406338,43.74599]},"properties":{"line":"96","mode":"bus","color":"#0059a9","colorDark":"#00294f","band":3,"off":[1.7,1.1]}},{"type":"Feature","geometry":{"type":"Point","coordinates":[-79.406338,43.74599]},"properties":{"line":"115","mode":"bus","color":"#0059a9","colorDark":"#00294f","band":3,"off":[5.1,1.1]}},{"type":"Feature","geometry":{"type":"Point","coordinates":[-79.405394,43.743886]},"properties":{"name":"York Mills Rd at Yonge St East Side","band":3,"modes":"bus","arr":["395","396"],"off":[0,-0.8]}},{"type":"Feature","geometry":{"type":"Point","coordinates":[-79.405394,43.743886]},"properties":{"name":"York Mills Rd at Yonge St","band":3,"modes":"bus","arr":["395","396"],"off":[0,-3]}},{"type":"Feature","geometry":{"type":"Point","coordinates":[-79.405394,43.743886]},"properties":{"name":"York Mills Rd at Old York Mills Rd","band":3,"modes":"bus","arr":["395","396"],"off":[0,-5.2]}},{"type":"Feature","geometry":{"type":"Point","coordinates":[-79.405394,43.743886]},"properties":{"line":"395","mode":"bus","color":"#0059a9","colorDark":"#00294f","band":3,"off":[-1.7,1.1]}},{"type":"Feature","geometry":{"type":"Point","coordinates":[-79.405394,43.743886]},"properties":{"line":"396","mode":"bus","color":"#0059a9","colorDark":"#00294f","band":3,"off":[1.7,1.1]}},{"type":"Feature","geometry":{"type":"Point","coordinates":[-79.389548,43.759951]},"properties":{"name":"Carluke Cres at Fifeshire Rd (West)","band":3,"modes":"bus","arr":["78"],"off":[0,-0.8]}},{"type":"Feature","geometry":{"type":"Point","coordinates":[-79.389548,43.759951]},"properties":{"line":"78","mode":"bus","color":"#0059a9","colorDark":"#00294f","band":3,"off":[0,1.1]}},{"type":"Feature","geometry":{"type":"Point","coordinates":[-79.508018,43.701329]},"properties":{"name":"Pine St at Lawrence Ave West","band":3,"modes":"bus","arr":["79"],"off":[0,-0.8]}},{"type":"Feature","geometry":{"type":"Point","coordinates":[-79.508018,43.701329]},"properties":{"line":"79","mode":"bus","color":"#0059a9","colorDark":"#00294f","band":3,"off":[0,1.1]}},{"type":"Feature","geometry":{"type":"Point","coordinates":[-79.38892,43.676831]},"properties":{"name":"Rosedale Station at Bus Bay 2","band":3,"modes":"bus","arr":["82"],"off":[0,-0.8]}},{"type":"Feature","geometry":{"type":"Point","coordinates":[-79.38892,43.676831]},"properties":{"line":"82","mode":"bus","color":"#0059a9","colorDark":"#00294f","band":3,"off":[0,1.1]}},{"type":"Feature","geometry":{"type":"Point","coordinates":[-79.377678,43.685695]},"properties":{"name":"Summerhill Ave at Maclennan Ave","band":3,"modes":"bus","arr":["82"],"off":[0,-0.8]}},{"type":"Feature","geometry":{"type":"Point","coordinates":[-79.377678,43.685695]},"properties":{"line":"82","mode":"bus","color":"#0059a9","colorDark":"#00294f","band":3,"off":[0,1.1]}},{"type":"Feature","geometry":{"type":"Point","coordinates":[-79.330238,43.656116]},"properties":{"name":"Lake Shore Garage Loop","band":3,"modes":"bus","arr":["114","325"],"off":[0,-0.8]}},{"type":"Feature","geometry":{"type":"Point","coordinates":[-79.330238,43.656116]},"properties":{"line":"114","mode":"bus","color":"#0059a9","colorDark":"#00294f","band":3,"off":[-1.7,1.1]}},{"type":"Feature","geometry":{"type":"Point","coordinates":[-79.330238,43.656116]},"properties":{"line":"325","mode":"bus","color":"#0059a9","colorDark":"#00294f","band":3,"off":[1.7,1.1]}},{"type":"Feature","geometry":{"type":"Point","coordinates":[-79.328985,43.65529]},"properties":{"name":"545 Commissioners St East Side","band":3,"modes":"bus","arr":["83"],"off":[0,-0.8]}},{"type":"Feature","geometry":{"type":"Point","coordinates":[-79.328985,43.65529]},"properties":{"line":"83","mode":"bus","color":"#0059a9","colorDark":"#00294f","band":3,"off":[0,1.1]}},{"type":"Feature","geometry":{"type":"Point","coordinates":[-79.538973,43.739087]},"properties":{"name":"Bradstock Rd at Weston Rd East Side","band":3,"modes":"bus","arr":["84","984"],"off":[0,-0.8]}},{"type":"Feature","geometry":{"type":"Point","coordinates":[-79.538973,43.739087]},"properties":{"line":"84","mode":"bus","color":"#0059a9","colorDark":"#00294f","band":3,"off":[-1.7,1.1]}},{"type":"Feature","geometry":{"type":"Point","coordinates":[-79.538973,43.739087]},"properties":{"line":"984","mode":"bus","color":"#0059a9","colorDark":"#00294f","band":3,"off":[1.7,1.1]}},{"type":"Feature","geometry":{"type":"Point","coordinates":[-79.533328,43.734771]},"properties":{"name":"Sheppard Ave West at Abraham Welsh Rd East Side","band":3,"modes":"bus","arr":["984"],"off":[0,-0.8]}},{"type":"Feature","geometry":{"type":"Point","coordinates":[-79.533328,43.734771]},"properties":{"line":"984","mode":"bus","color":"#0059a9","colorDark":"#00294f","band":3,"off":[0,1.1]}},{"type":"Feature","geometry":{"type":"Point","coordinates":[-79.412462,43.761647]},"properties":{"name":"Sheppard-Yonge Station at Bus Bay 6/6A","band":3,"modes":"bus","arr":["84","185","384","984"],"off":[0,-0.8]}},{"type":"Feature","geometry":{"type":"Point","coordinates":[-79.412462,43.761647]},"properties":{"name":"Sheppard-Yonge Station at Bus Bay 5/5A","band":3,"modes":"bus","arr":["84","185","384","984"],"off":[0,-4.1]}},{"type":"Feature","geometry":{"type":"Point","coordinates":[-79.412462,43.761647]},"properties":{"name":"Sheppard-Yonge Station at Bus Bay 3/3A","band":3,"modes":"bus","arr":["84","185","384","984"],"off":[0,-7.4]}},{"type":"Feature","geometry":{"type":"Point","coordinates":[-79.412462,43.761647]},"properties":{"line":"84","mode":"bus","color":"#0059a9","colorDark":"#00294f","band":3,"off":[-5.1,1.1]}},{"type":"Feature","geometry":{"type":"Point","coordinates":[-79.412462,43.761647]},"properties":{"line":"185","mode":"bus","color":"#0059a9","colorDark":"#00294f","band":3,"off":[-1.7,1.1]}},{"type":"Feature","geometry":{"type":"Point","coordinates":[-79.412462,43.761647]},"properties":{"line":"384","mode":"bus","color":"#0059a9","colorDark":"#00294f","band":3,"off":[1.7,1.1]}},{"type":"Feature","geometry":{"type":"Point","coordinates":[-79.412462,43.761647]},"properties":{"line":"984","mode":"bus","color":"#0059a9","colorDark":"#00294f","band":3,"off":[5.1,1.1]}},{"type":"Feature","geometry":{"type":"Point","coordinates":[-79.179871,43.819761]},"properties":{"name":"Toronto Zoo","band":3,"modes":"bus","arr":["86","200"],"off":[0,-0.8]}},{"type":"Feature","geometry":{"type":"Point","coordinates":[-79.179871,43.819761]},"properties":{"line":"86","mode":"bus","color":"#0059a9","colorDark":"#00294f","band":3,"off":[-1.7,1.1]}},{"type":"Feature","geometry":{"type":"Point","coordinates":[-79.179871,43.819761]},"properties":{"line":"200","mode":"bus","color":"#0059a9","colorDark":"#00294f","band":3,"off":[1.7,1.1]}},{"type":"Feature","geometry":{"type":"Point","coordinates":[-79.350941,43.712774]},"properties":{"name":"Wicksteed Ave at Leslie St","band":3,"modes":"bus","arr":["88","156"],"off":[0,-0.8]}},{"type":"Feature","geometry":{"type":"Point","coordinates":[-79.350941,43.712774]},"properties":{"line":"88","mode":"bus","color":"#0059a9","colorDark":"#00294f","band":3,"off":[-1.7,1.1]}},{"type":"Feature","geometry":{"type":"Point","coordinates":[-79.350941,43.712774]},"properties":{"line":"156","mode":"bus","color":"#0059a9","colorDark":"#00294f","band":3,"off":[1.7,1.1]}},{"type":"Feature","geometry":{"type":"Point","coordinates":[-79.324573,43.740547]},"properties":{"name":"Railside Rd (West) at Lawrence Ave East","band":3,"modes":"bus","arr":["91"],"off":[0,-0.8]}},{"type":"Feature","geometry":{"type":"Point","coordinates":[-79.324573,43.740547]},"properties":{"line":"91","mode":"bus","color":"#0059a9","colorDark":"#00294f","band":3,"off":[0,1.1]}},{"type":"Feature","geometry":{"type":"Point","coordinates":[-79.312392,43.686511]},"properties":{"name":"Woodbine Station at Bus Bay 3","band":3,"modes":"bus","arr":["91","92","93"],"off":[0,-0.8]}},{"type":"Feature","geometry":{"type":"Point","coordinates":[-79.312392,43.686511]},"properties":{"name":"Woodbine Station at Bus Bay 2","band":3,"modes":"bus","arr":["91","92","93"],"off":[0,-3]}},{"type":"Feature","geometry":{"type":"Point","coordinates":[-79.312392,43.686511]},"properties":{"line":"91","mode":"bus","color":"#0059a9","colorDark":"#00294f","band":3,"off":[-3.4,1.1]}},{"type":"Feature","geometry":{"type":"Point","coordinates":[-79.312392,43.686511]},"properties":{"line":"92","mode":"bus","color":"#0059a9","colorDark":"#00294f","band":3,"off":[0,1.1]}},{"type":"Feature","geometry":{"type":"Point","coordinates":[-79.312392,43.686511]},"properties":{"line":"93","mode":"bus","color":"#0059a9","colorDark":"#00294f","band":3,"off":[3.4,1.1]}},{"type":"Feature","geometry":{"type":"Point","coordinates":[-79.309105,43.663402]},"properties":{"name":"Woodbine Beach Loop at Lake Shore Blvd East","band":3,"modes":"bus","arr":["92"],"off":[0,-0.8]}},{"type":"Feature","geometry":{"type":"Point","coordinates":[-79.309105,43.663402]},"properties":{"line":"92","mode":"bus","color":"#0059a9","colorDark":"#00294f","band":3,"off":[0,1.1]}},{"type":"Feature","geometry":{"type":"Point","coordinates":[-79.328265,43.704455]},"properties":{"name":"Parkview Hill Cres at Aspen Ave (North) East Side","band":3,"modes":"bus","arr":["93"],"off":[0,-0.8]}},{"type":"Feature","geometry":{"type":"Point","coordinates":[-79.328265,43.704455]},"properties":{"line":"93","mode":"bus","color":"#0059a9","colorDark":"#00294f","band":3,"off":[0,1.1]}},{"type":"Feature","geometry":{"type":"Point","coordinates":[-79.332829,43.759473]},"properties":{"name":"York Mills Rd at Valley Woods Rd","band":3,"modes":"bus","arr":["191"],"off":[0,-0.8]}},{"type":"Feature","geometry":{"type":"Point","coordinates":[-79.332829,43.759473]},"properties":{"line":"191","mode":"bus","color":"#0059a9","colorDark":"#00294f","band":3,"off":[0,1.1]}},{"type":"Feature","geometry":{"type":"Point","coordinates":[-79.149945,43.797761]},"properties":{"name":"Rylander Blvd at Kingston Rd","band":3,"modes":"bus","arr":["95"],"off":[0,-0.8]}},{"type":"Feature","geometry":{"type":"Point","coordinates":[-79.149945,43.797761]},"properties":{"line":"95","mode":"bus","color":"#0059a9","colorDark":"#00294f","band":3,"off":[0,1.1]}},{"type":"Feature","geometry":{"type":"Point","coordinates":[-79.327525,43.760734]},"properties":{"name":"York Mills Rd at Fenside Dr","band":3,"modes":"bus","arr":["122"],"off":[0,-0.8]}},{"type":"Feature","geometry":{"type":"Point","coordinates":[-79.327525,43.760734]},"properties":{"line":"122","mode":"bus","color":"#0059a9","colorDark":"#00294f","band":3,"off":[0,1.1]}},{"type":"Feature","geometry":{"type":"Point","coordinates":[-79.339301,43.757574]},"properties":{"name":"York Mills Rd at Lochinvar Cres","band":3,"modes":"bus","arr":["191"],"off":[0,-0.8]}},{"type":"Feature","geometry":{"type":"Point","coordinates":[-79.339301,43.757574]},"properties":{"line":"191","mode":"bus","color":"#0059a9","colorDark":"#00294f","band":3,"off":[0,1.1]}},{"type":"Feature","geometry":{"type":"Point","coordinates":[-79.614227,43.750843]},"properties":{"name":"263 Carrier Dr","band":3,"modes":"bus","arr":["96"],"off":[0,-0.8]}},{"type":"Feature","geometry":{"type":"Point","coordinates":[-79.614227,43.750843]},"properties":{"line":"96","mode":"bus","color":"#0059a9","colorDark":"#00294f","band":3,"off":[0,1.1]}},{"type":"Feature","geometry":{"type":"Point","coordinates":[-79.419835,43.793667]},"properties":{"name":"Moore Park Ave at Yonge St West Side","band":3,"modes":"bus","arr":["97"],"off":[0,-0.8]}},{"type":"Feature","geometry":{"type":"Point","coordinates":[-79.419835,43.793667]},"properties":{"line":"97","mode":"bus","color":"#0059a9","colorDark":"#00294f","band":3,"off":[0,1.1]}},{"type":"Feature","geometry":{"type":"Point","coordinates":[-79.435861,43.793125]},"properties":{"name":"Cactus Ave at Green Bush Rd West Side","band":3,"modes":"bus","arr":["98"],"off":[0,-0.8]}},{"type":"Feature","geometry":{"type":"Point","coordinates":[-79.435861,43.793125]},"properties":{"line":"98","mode":"bus","color":"#0059a9","colorDark":"#00294f","band":3,"off":[0,1.1]}},{"type":"Feature","geometry":{"type":"Point","coordinates":[-79.417955,43.798329]},"properties":{"name":"Steeles Ave East Loop","band":3,"modes":"bus","arr":["98","320"],"off":[0,-0.8]}},{"type":"Feature","geometry":{"type":"Point","coordinates":[-79.417955,43.798329]},"properties":{"line":"98","mode":"bus","color":"#0059a9","colorDark":"#00294f","band":3,"off":[-1.7,1.1]}},{"type":"Feature","geometry":{"type":"Point","coordinates":[-79.417955,43.798329]},"properties":{"line":"320","mode":"bus","color":"#0059a9","colorDark":"#00294f","band":3,"off":[1.7,1.1]}},{"type":"Feature","geometry":{"type":"Point","coordinates":[-79.532607,43.74518]},"properties":{"name":"Arrow Division Transportation Office","band":3,"modes":"bus","arr":["99"],"off":[0,-0.8]}},{"type":"Feature","geometry":{"type":"Point","coordinates":[-79.532607,43.74518]},"properties":{"line":"99","mode":"bus","color":"#0059a9","colorDark":"#00294f","band":3,"off":[0,1.1]}},{"type":"Feature","geometry":{"type":"Point","coordinates":[-79.530347,43.747578]},"properties":{"name":"Arrow Rd at Deerhide Cres (South)","band":3,"modes":"bus","arr":["99"],"off":[0,-0.8]}},{"type":"Feature","geometry":{"type":"Point","coordinates":[-79.530347,43.747578]},"properties":{"line":"99","mode":"bus","color":"#0059a9","colorDark":"#00294f","band":3,"off":[0,1.1]}},{"type":"Feature","geometry":{"type":"Point","coordinates":[-79.477841,43.733626]},"properties":{"name":"Locust Lodge Gardens at Stanley Greene Blvd","band":3,"modes":"bus","arr":["101"],"off":[0,-0.8]}},{"type":"Feature","geometry":{"type":"Point","coordinates":[-79.477841,43.733626]},"properties":{"line":"101","mode":"bus","color":"#0059a9","colorDark":"#00294f","band":3,"off":[0,1.1]}},{"type":"Feature","geometry":{"type":"Point","coordinates":[-79.268471,43.909772]},"properties":{"name":"Major Mackenzie Dr East at Markham Rd","band":3,"modes":"bus","arr":["102"],"off":[0,-0.8]}},{"type":"Feature","geometry":{"type":"Point","coordinates":[-79.268471,43.909772]},"properties":{"line":"102","mode":"bus","color":"#0059a9","colorDark":"#00294f","band":3,"off":[0,1.1]}},{"type":"Feature","geometry":{"type":"Point","coordinates":[-79.4002,43.73471]},"properties":{"name":"Doncliffe Loop at Glen Echo Rd","band":3,"modes":"bus","arr":["103"],"off":[0,-0.8]}},{"type":"Feature","geometry":{"type":"Point","coordinates":[-79.4002,43.73471]},"properties":{"line":"103","mode":"bus","color":"#0059a9","colorDark":"#00294f","band":3,"off":[0,1.1]}},{"type":"Feature","geometry":{"type":"Point","coordinates":[-79.399482,43.705833]},"properties":{"name":"Eglinton Station at Bus Bay 8","band":3,"modes":"bus","arr":["103"],"off":[0,-0.8]}},{"type":"Feature","geometry":{"type":"Point","coordinates":[-79.399482,43.705833]},"properties":{"line":"103","mode":"bus","color":"#0059a9","colorDark":"#00294f","band":3,"off":[0,1.1]}},{"type":"Feature","geometry":{"type":"Point","coordinates":[-79.462431,43.749622]},"properties":{"name":"Sheppard West Station at Bus Bay 3","band":3,"modes":"bus","arr":["104","105","106"],"off":[0,-0.8]}},{"type":"Feature","geometry":{"type":"Point","coordinates":[-79.462431,43.749622]},"properties":{"name":"Sheppard West Station at Bus Bay 11","band":3,"modes":"bus","arr":["104","105","106"],"off":[0,-3]}},{"type":"Feature","geometry":{"type":"Point","coordinates":[-79.462431,43.749622]},"properties":{"name":"Sheppard West Station at Bus Bay 10","band":3,"modes":"bus","arr":["104","105","106"],"off":[0,-5.2]}},{"type":"Feature","geometry":{"type":"Point","coordinates":[-79.462431,43.749622]},"properties":{"line":"104","mode":"bus","color":"#0059a9","colorDark":"#00294f","band":3,"off":[-3.4,1.1]}},{"type":"Feature","geometry":{"type":"Point","coordinates":[-79.462431,43.749622]},"properties":{"line":"105","mode":"bus","color":"#0059a9","colorDark":"#00294f","band":3,"off":[0,1.1]}},{"type":"Feature","geometry":{"type":"Point","coordinates":[-79.462431,43.749622]},"properties":{"line":"106","mode":"bus","color":"#0059a9","colorDark":"#00294f","band":3,"off":[3.4,1.1]}},{"type":"Feature","geometry":{"type":"Point","coordinates":[-79.491043,43.764465]},"properties":{"name":"Finch West Station Bus Bay 5","band":3,"modes":"metro,bus","arr":["6","107"],"off":[0,-0.8]}},{"type":"Feature","geometry":{"type":"Point","coordinates":[-79.491043,43.764465]},"properties":{"name":"Finch West Station","band":3,"modes":"metro,bus","arr":["6","107"],"off":[0,-3]}},{"type":"Feature","geometry":{"type":"Point","coordinates":[-79.491043,43.764465]},"properties":{"line":"6","mode":"tram","color":"#808080","colorDark":"#464646","band":3,"metro":1,"off":[-1.7,1.1]}},{"type":"Feature","geometry":{"type":"Point","coordinates":[-79.491043,43.764465]},"properties":{"line":"107","mode":"bus","color":"#0059a9","colorDark":"#00294f","band":3,"off":[1.7,1.1]}},{"type":"Feature","geometry":{"type":"Point","coordinates":[-79.462169,43.748794]},"properties":{"name":"Sheppard West Station at Bus Bay 8","band":3,"modes":"bus","arr":["107","108"],"off":[0,-0.8]}},{"type":"Feature","geometry":{"type":"Point","coordinates":[-79.462169,43.748794]},"properties":{"name":"Sheppard West Station at Bus Bay 5","band":3,"modes":"bus","arr":["107","108"],"off":[0,-3]}},{"type":"Feature","geometry":{"type":"Point","coordinates":[-79.462169,43.748794]},"properties":{"line":"107","mode":"bus","color":"#0059a9","colorDark":"#00294f","band":3,"off":[-1.7,1.1]}},{"type":"Feature","geometry":{"type":"Point","coordinates":[-79.462169,43.748794]},"properties":{"line":"108","mode":"bus","color":"#0059a9","colorDark":"#00294f","band":3,"off":[1.7,1.1]}},{"type":"Feature","geometry":{"type":"Point","coordinates":[-79.509288,43.777439]},"properties":{"name":"Pioneer Village Station Bus Bay 9","band":3,"modes":"bus","arr":["108","166","935"],"off":[0,-0.8]}},{"type":"Feature","geometry":{"type":"Point","coordinates":[-79.509288,43.777439]},"properties":{"name":"Pioneer Village Station Bus Bay 6","band":3,"modes":"bus","arr":["108","166","935"],"off":[0,-3]}},{"type":"Feature","geometry":{"type":"Point","coordinates":[-79.509288,43.777439]},"properties":{"name":"Pioneer Village Station Bus Bay 12","band":3,"modes":"bus","arr":["108","166","935"],"off":[0,-5.2]}},{"type":"Feature","geometry":{"type":"Point","coordinates":[-79.509288,43.777439]},"properties":{"line":"108","mode":"bus","color":"#0059a9","colorDark":"#00294f","band":3,"off":[-3.4,1.1]}},{"type":"Feature","geometry":{"type":"Point","coordinates":[-79.509288,43.777439]},"properties":{"line":"166","mode":"bus","color":"#0059a9","colorDark":"#00294f","band":3,"off":[0,1.1]}},{"type":"Feature","geometry":{"type":"Point","coordinates":[-79.509288,43.777439]},"properties":{"line":"935","mode":"bus","color":"#0059a9","colorDark":"#00294f","band":3,"off":[3.4,1.1]}},{"type":"Feature","geometry":{"type":"Point","coordinates":[-79.433419,43.731328]},"properties":{"name":"Neptune Dr at Bathurst St","band":3,"modes":"bus","arr":["109"],"off":[0,-0.8]}},{"type":"Feature","geometry":{"type":"Point","coordinates":[-79.433419,43.731328]},"properties":{"line":"109","mode":"bus","color":"#0059a9","colorDark":"#00294f","band":3,"off":[0,1.1]}},{"type":"Feature","geometry":{"type":"Point","coordinates":[-79.543709,43.592123]},"properties":{"name":"Long Branch Loop","band":3,"modes":"bus,tram","arr":["110","123","315","507"],"off":[0,-0.8]}},{"type":"Feature","geometry":{"type":"Point","coordinates":[-79.543709,43.592123]},"properties":{"line":"110","mode":"bus","color":"#0059a9","colorDark":"#00294f","band":3,"off":[-5.1,1.1]}},{"type":"Feature","geometry":{"type":"Point","coordinates":[-79.543709,43.592123]},"properties":{"line":"123","mode":"bus","color":"#0059a9","colorDark":"#00294f","band":3,"off":[-1.7,1.1]}},{"type":"Feature","geometry":{"type":"Point","coordinates":[-79.543709,43.592123]},"properties":{"line":"315","mode":"bus","color":"#0059a9","colorDark":"#00294f","band":3,"off":[1.7,1.1]}},{"type":"Feature","geometry":{"type":"Point","coordinates":[-79.543709,43.592123]},"properties":{"line":"507","mode":"tram","color":"#d6212b","colorDark":"#7c1116","band":3,"off":[5.1,1.1]}},{"type":"Feature","geometry":{"type":"Point","coordinates":[-79.568557,43.675782]},"properties":{"name":"Willowridge Rd at Richgrove Dr","band":3,"modes":"bus","arr":["111"],"off":[0,-0.8]}},{"type":"Feature","geometry":{"type":"Point","coordinates":[-79.568557,43.675782]},"properties":{"line":"111","mode":"bus","color":"#0059a9","colorDark":"#00294f","band":3,"off":[0,1.1]}},{"type":"Feature","geometry":{"type":"Point","coordinates":[-79.536813,43.637383]},"properties":{"name":"Kipling Station at Bus Bay 3","band":3,"modes":"bus","arr":["111","112","123"],"off":[0,-0.8]}},{"type":"Feature","geometry":{"type":"Point","coordinates":[-79.536813,43.637383]},"properties":{"name":"Kipling Station at Bus Bay 2","band":3,"modes":"bus","arr":["111","112","123"],"off":[0,-3]}},{"type":"Feature","geometry":{"type":"Point","coordinates":[-79.536813,43.637383]},"properties":{"name":"Kipling Station at Bus Bay 1","band":3,"modes":"bus","arr":["111","112","123"],"off":[0,-5.2]}},{"type":"Feature","geometry":{"type":"Point","coordinates":[-79.536813,43.637383]},"properties":{"line":"111","mode":"bus","color":"#0059a9","colorDark":"#00294f","band":3,"off":[-3.4,1.1]}},{"type":"Feature","geometry":{"type":"Point","coordinates":[-79.536813,43.637383]},"properties":{"line":"112","mode":"bus","color":"#0059a9","colorDark":"#00294f","band":3,"off":[0,1.1]}},{"type":"Feature","geometry":{"type":"Point","coordinates":[-79.536813,43.637383]},"properties":{"line":"123","mode":"bus","color":"#0059a9","colorDark":"#00294f","band":3,"off":[3.4,1.1]}},{"type":"Feature","geometry":{"type":"Point","coordinates":[-79.590951,43.677192]},"properties":{"name":"International Blvd at Carlingview Dr East Side","band":3,"modes":"bus","arr":["112"],"off":[0,-0.8]}},{"type":"Feature","geometry":{"type":"Point","coordinates":[-79.590951,43.677192]},"properties":{"name":"Carlingview Dr at Renforth Dr","band":3,"modes":"bus","arr":["112"],"off":[0,-4.1]}},{"type":"Feature","geometry":{"type":"Point","coordinates":[-79.590951,43.677192]},"properties":{"line":"112","mode":"bus","color":"#0059a9","colorDark":"#00294f","band":3,"off":[0,1.1]}},{"type":"Feature","geometry":{"type":"Point","coordinates":[-79.364608,43.762617]},"properties":{"name":"Davean Dr at Woodsworth Rd West Side","band":3,"modes":"bus","arr":["115"],"off":[0,-0.8]}},{"type":"Feature","geometry":{"type":"Point","coordinates":[-79.364608,43.762617]},"properties":{"line":"115","mode":"bus","color":"#0059a9","colorDark":"#00294f","band":3,"off":[0,1.1]}},{"type":"Feature","geometry":{"type":"Point","coordinates":[-79.263491,43.732692]},"properties":{"name":"Kennedy Station at Bus Bay 3","band":3,"modes":"bus","arr":["116","129","201","903","904","939"],"off":[0,-0.8]}},{"type":"Feature","geometry":{"type":"Point","coordinates":[-79.263491,43.732692]},"properties":{"name":"Kennedy Station at Bus Bay 15 (Platform B)","band":3,"modes":"bus","arr":["116","129","201","903","904","939"],"off":[0,-3]}},{"type":"Feature","geometry":{"type":"Point","coordinates":[-79.263491,43.732692]},"properties":{"name":"Kennedy Station at Bus Bay 11","band":3,"modes":"bus","arr":["116","129","201","903","904","939"],"off":[0,-6.3]}},{"type":"Feature","geometry":{"type":"Point","coordinates":[-79.263491,43.732692]},"properties":{"line":"116","mode":"bus","color":"#0059a9","colorDark":"#00294f","band":3,"off":[-6.8,1.1]}},{"type":"Feature","geometry":{"type":"Point","coordinates":[-79.263491,43.732692]},"properties":{"line":"129","mode":"bus","color":"#0059a9","colorDark":"#00294f","band":3,"off":[-3.4,1.1]}},{"type":"Feature","geometry":{"type":"Point","coordinates":[-79.263491,43.732692]},"properties":{"line":"201","mode":"bus","color":"#0059a9","colorDark":"#00294f","band":3,"off":[0,1.1]}},{"type":"Feature","geometry":{"type":"Point","coordinates":[-79.263491,43.732692]},"properties":{"line":"903","mode":"bus","color":"#0059a9","colorDark":"#00294f","band":3,"off":[3.4,1.1]}},{"type":"Feature","geometry":{"type":"Point","coordinates":[-79.263491,43.732692]},"properties":{"line":"904","mode":"bus","color":"#0059a9","colorDark":"#00294f","band":3,"off":[6.8,1.1]}},{"type":"Feature","geometry":{"type":"Point","coordinates":[-79.263491,43.732692]},"properties":{"line":"939","mode":"bus","color":"#0059a9","colorDark":"#00294f","band":3,"off":[0,3.1]}},{"type":"Feature","geometry":{"type":"Point","coordinates":[-79.559432,43.737071]},"properties":{"name":"Thistle Down Blvd at Barkwin Dr West Side","band":3,"modes":"bus","arr":["118"],"off":[0,-0.8]}},{"type":"Feature","geometry":{"type":"Point","coordinates":[-79.559432,43.737071]},"properties":{"line":"118","mode":"bus","color":"#0059a9","colorDark":"#00294f","band":3,"off":[0,1.1]}},{"type":"Feature","geometry":{"type":"Point","coordinates":[-79.450722,43.735665]},"properties":{"name":"Wilson Station at Bus Bay 8","band":3,"modes":"bus","arr":["118","119","120"],"off":[0,-0.8]}},{"type":"Feature","geometry":{"type":"Point","coordinates":[-79.450722,43.735665]},"properties":{"name":"Wilson Station at Bus Bay 6","band":3,"modes":"bus","arr":["118","119","120"],"off":[0,-3]}},{"type":"Feature","geometry":{"type":"Point","coordinates":[-79.450722,43.735665]},"properties":{"name":"Wilson Station at Bus Bay 5","band":3,"modes":"bus","arr":["118","119","120"],"off":[0,-5.2]}},{"type":"Feature","geometry":{"type":"Point","coordinates":[-79.450722,43.735665]},"properties":{"line":"118","mode":"bus","color":"#0059a9","colorDark":"#00294f","band":3,"off":[-3.4,1.1]}},{"type":"Feature","geometry":{"type":"Point","coordinates":[-79.450722,43.735665]},"properties":{"line":"119","mode":"bus","color":"#0059a9","colorDark":"#00294f","band":3,"off":[0,1.1]}},{"type":"Feature","geometry":{"type":"Point","coordinates":[-79.450722,43.735665]},"properties":{"line":"120","mode":"bus","color":"#0059a9","colorDark":"#00294f","band":3,"off":[3.4,1.1]}},{"type":"Feature","geometry":{"type":"Point","coordinates":[-79.553016,43.751636]},"properties":{"name":"Milvan Dr at Penn Drive S North Side","band":3,"modes":"bus","arr":["119","166"],"off":[0,-0.8]}},{"type":"Feature","geometry":{"type":"Point","coordinates":[-79.553016,43.751636]},"properties":{"name":"Milvan Dr at Penn Dr (South)","band":3,"modes":"bus","arr":["119","166"],"off":[0,-3]}},{"type":"Feature","geometry":{"type":"Point","coordinates":[-79.553016,43.751636]},"properties":{"line":"119","mode":"bus","color":"#0059a9","colorDark":"#00294f","band":3,"off":[-1.7,1.1]}},{"type":"Feature","geometry":{"type":"Point","coordinates":[-79.553016,43.751636]},"properties":{"line":"166","mode":"bus","color":"#0059a9","colorDark":"#00294f","band":3,"off":[1.7,1.1]}},{"type":"Feature","geometry":{"type":"Point","coordinates":[-79.501214,43.740852]},"properties":{"name":"Northover St at Sheppard Ave West South Side","band":3,"modes":"bus","arr":["120"],"off":[0,-0.8]}},{"type":"Feature","geometry":{"type":"Point","coordinates":[-79.501214,43.740852]},"properties":{"line":"120","mode":"bus","color":"#0059a9","colorDark":"#00294f","band":3,"off":[0,1.1]}},{"type":"Feature","geometry":{"type":"Point","coordinates":[-79.354923,43.665677]},"properties":{"name":"Jack Layton Way at St Matthews Rd","band":3,"modes":"bus","arr":["121"],"off":[0,-0.8]}},{"type":"Feature","geometry":{"type":"Point","coordinates":[-79.354923,43.665677]},"properties":{"line":"121","mode":"bus","color":"#0059a9","colorDark":"#00294f","band":3,"off":[0,1.1]}},{"type":"Feature","geometry":{"type":"Point","coordinates":[-79.406255,43.74492]},"properties":{"name":"York Mills Station at Bus Bay 8","band":3,"modes":"bus","arr":["122","165","995"],"off":[0,-0.8]}},{"type":"Feature","geometry":{"type":"Point","coordinates":[-79.406255,43.74492]},"properties":{"name":"York Mills Station at Bus Bay 6","band":3,"modes":"bus","arr":["122","165","995"],"off":[0,-3]}},{"type":"Feature","geometry":{"type":"Point","coordinates":[-79.406255,43.74492]},"properties":{"name":"York Mills Station at Bus Bay 3","band":3,"modes":"bus","arr":["122","165","995"],"off":[0,-5.2]}},{"type":"Feature","geometry":{"type":"Point","coordinates":[-79.406255,43.74492]},"properties":{"line":"122","mode":"bus","color":"#0059a9","colorDark":"#00294f","band":3,"off":[-3.4,1.1]}},{"type":"Feature","geometry":{"type":"Point","coordinates":[-79.406255,43.74492]},"properties":{"line":"165","mode":"bus","color":"#0059a9","colorDark":"#00294f","band":3,"off":[0,1.1]}},{"type":"Feature","geometry":{"type":"Point","coordinates":[-79.406255,43.74492]},"properties":{"line":"995","mode":"bus","color":"#0059a9","colorDark":"#00294f","band":3,"off":[3.4,1.1]}},{"type":"Feature","geometry":{"type":"Point","coordinates":[-79.451785,43.779444]},"properties":{"name":"Antibes Dr (South) at Torresdale Ave East Side","band":3,"modes":"bus","arr":["125"],"off":[0,-0.8]}},{"type":"Feature","geometry":{"type":"Point","coordinates":[-79.451785,43.779444]},"properties":{"line":"125","mode":"bus","color":"#0059a9","colorDark":"#00294f","band":3,"off":[0,1.1]}},{"type":"Feature","geometry":{"type":"Point","coordinates":[-79.418619,43.664114]},"properties":{"name":"Christie Station North Side","band":3,"modes":"bus","arr":["126"],"off":[0,-0.8]}},{"type":"Feature","geometry":{"type":"Point","coordinates":[-79.418619,43.664114]},"properties":{"line":"126","mode":"bus","color":"#0059a9","colorDark":"#00294f","band":3,"off":[0,1.1]}},{"type":"Feature","geometry":{"type":"Point","coordinates":[-79.463494,43.674074]},"properties":{"name":"Townsley Loop at Tonwsley St","band":3,"modes":"bus","arr":["127"],"off":[0,-0.8]}},{"type":"Feature","geometry":{"type":"Point","coordinates":[-79.463494,43.674074]},"properties":{"line":"127","mode":"bus","color":"#0059a9","colorDark":"#00294f","band":3,"off":[0,1.1]}},{"type":"Feature","geometry":{"type":"Point","coordinates":[-79.403724,43.667244]},"properties":{"name":"Spadina Station Streetcar Platform","band":3,"modes":"bus,tram","arr":["127","310","510"],"off":[0,-0.8]}},{"type":"Feature","geometry":{"type":"Point","coordinates":[-79.403724,43.667244]},"properties":{"name":"Spadina Station at Bus Bay 4","band":3,"modes":"bus,tram","arr":["127","310","510"],"off":[0,-3]}},{"type":"Feature","geometry":{"type":"Point","coordinates":[-79.403724,43.667244]},"properties":{"line":"127","mode":"bus","color":"#0059a9","colorDark":"#00294f","band":3,"off":[-3.4,1.1]}},{"type":"Feature","geometry":{"type":"Point","coordinates":[-79.403724,43.667244]},"properties":{"line":"310","mode":"tram","color":"#d6212b","colorDark":"#7c1116","band":3,"off":[0,1.1]}},{"type":"Feature","geometry":{"type":"Point","coordinates":[-79.403724,43.667244]},"properties":{"line":"510","mode":"tram","color":"#d6212b","colorDark":"#7c1116","band":3,"off":[3.4,1.1]}},{"type":"Feature","geometry":{"type":"Point","coordinates":[-79.304829,43.900709]},"properties":{"name":"Major Mackenzie Dr East at Ridgecrest Rd","band":3,"modes":"bus","arr":["129"],"off":[0,-0.8]}},{"type":"Feature","geometry":{"type":"Point","coordinates":[-79.304829,43.900709]},"properties":{"line":"129","mode":"bus","color":"#0059a9","colorDark":"#00294f","band":3,"off":[0,1.1]}},{"type":"Feature","geometry":{"type":"Point","coordinates":[-79.268323,43.83508]},"properties":{"name":"Middlefield Rd Loop at Steeles Ave East","band":3,"modes":"bus","arr":["130"],"off":[0,-0.8]}},{"type":"Feature","geometry":{"type":"Point","coordinates":[-79.268323,43.83508]},"properties":{"line":"130","mode":"bus","color":"#0059a9","colorDark":"#00294f","band":3,"off":[0,1.1]}},{"type":"Feature","geometry":{"type":"Point","coordinates":[-79.201765,43.82182]},"properties":{"name":"Morningview Trail at Old Finch Ave","band":3,"modes":"bus","arr":["131"],"off":[0,-0.8]}},{"type":"Feature","geometry":{"type":"Point","coordinates":[-79.201765,43.82182]},"properties":{"line":"131","mode":"bus","color":"#0059a9","colorDark":"#00294f","band":3,"off":[0,1.1]}},{"type":"Feature","geometry":{"type":"Point","coordinates":[-79.213462,43.814362]},"properties":{"name":"Sewells Rd at Hupfield Trail West Side","band":3,"modes":"bus","arr":["132"],"off":[0,-0.8]}},{"type":"Feature","geometry":{"type":"Point","coordinates":[-79.213462,43.814362]},"properties":{"line":"132","mode":"bus","color":"#0059a9","colorDark":"#00294f","band":3,"off":[0,1.1]}},{"type":"Feature","geometry":{"type":"Point","coordinates":[-79.225859,43.812373]},"properties":{"name":"Neilson Rd at Crow Trail","band":3,"modes":"bus","arr":["339"],"off":[0,-0.8]}},{"type":"Feature","geometry":{"type":"Point","coordinates":[-79.225859,43.812373]},"properties":{"line":"339","mode":"bus","color":"#0059a9","colorDark":"#00294f","band":3,"off":[0,1.1]}},{"type":"Feature","geometry":{"type":"Point","coordinates":[-79.232191,43.817131]},"properties":{"name":"Finchdene Sq (East) at Finchdene Sq (South)","band":3,"modes":"bus","arr":["134"],"off":[0,-0.8]}},{"type":"Feature","geometry":{"type":"Point","coordinates":[-79.232191,43.817131]},"properties":{"line":"134","mode":"bus","color":"#0059a9","colorDark":"#00294f","band":3,"off":[0,1.1]}},{"type":"Feature","geometry":{"type":"Point","coordinates":[-79.237881,43.81886]},"properties":{"name":"Newgale Gate at Finchdene Sq West Side","band":3,"modes":"bus","arr":["334","339","353"],"off":[0,-0.8]}},{"type":"Feature","geometry":{"type":"Point","coordinates":[-79.237881,43.81886]},"properties":{"name":"Newgale Gate at Finchdene Sq","band":3,"modes":"bus","arr":["334","339","353"],"off":[0,-4.1]}},{"type":"Feature","geometry":{"type":"Point","coordinates":[-79.237881,43.81886]},"properties":{"line":"334","mode":"bus","color":"#0059a9","colorDark":"#00294f","band":3,"off":[-3.4,1.1]}},{"type":"Feature","geometry":{"type":"Point","coordinates":[-79.237881,43.81886]},"properties":{"line":"339","mode":"bus","color":"#0059a9","colorDark":"#00294f","band":3,"off":[0,1.1]}},{"type":"Feature","geometry":{"type":"Point","coordinates":[-79.237881,43.81886]},"properties":{"line":"353","mode":"bus","color":"#0059a9","colorDark":"#00294f","band":3,"off":[3.4,1.1]}},{"type":"Feature","geometry":{"type":"Point","coordinates":[-79.259327,43.774316]},"properties":{"name":"Scarborough Centre Station at Bus Bay 2","band":3,"modes":"bus","arr":["134","996"],"off":[0,-0.8]}},{"type":"Feature","geometry":{"type":"Point","coordinates":[-79.259327,43.774316]},"properties":{"name":"Scarborough Centre Station at Bus Bay 11","band":3,"modes":"bus","arr":["134","996"],"off":[0,-4.1]}},{"type":"Feature","geometry":{"type":"Point","coordinates":[-79.259327,43.774316]},"properties":{"line":"134","mode":"bus","color":"#0059a9","colorDark":"#00294f","band":3,"off":[-1.7,1.1]}},{"type":"Feature","geometry":{"type":"Point","coordinates":[-79.259327,43.774316]},"properties":{"line":"996","mode":"bus","color":"#0059a9","colorDark":"#00294f","band":3,"off":[1.7,1.1]}},{"type":"Feature","geometry":{"type":"Point","coordinates":[-79.173436,43.79042]},"properties":{"name":"Morrish Rd at Ellesmere Rd","band":3,"modes":"bus","arr":["154"],"off":[0,-0.8]}},{"type":"Feature","geometry":{"type":"Point","coordinates":[-79.173436,43.79042]},"properties":{"line":"154","mode":"bus","color":"#0059a9","colorDark":"#00294f","band":3,"off":[0,1.1]}},{"type":"Feature","geometry":{"type":"Point","coordinates":[-79.474949,43.690673]},"properties":{"name":"Keelesdale Station at Bus Bay 4","band":3,"modes":"bus","arr":["158"],"off":[0,-0.8]}},{"type":"Feature","geometry":{"type":"Point","coordinates":[-79.474949,43.690673]},"properties":{"line":"158","mode":"bus","color":"#0059a9","colorDark":"#00294f","band":3,"off":[0,1.1]}},{"type":"Feature","geometry":{"type":"Point","coordinates":[-79.448364,43.802903]},"properties":{"name":"Bathurst St at Clark Ave West South Side","band":3,"modes":"bus","arr":["160"],"off":[0,-0.8]}},{"type":"Feature","geometry":{"type":"Point","coordinates":[-79.448364,43.802903]},"properties":{"line":"160","mode":"bus","color":"#0059a9","colorDark":"#00294f","band":3,"off":[0,1.1]}},{"type":"Feature","geometry":{"type":"Point","coordinates":[-79.450661,43.733482]},"properties":{"name":"Wilson Station at Lower Bus Bay 4","band":3,"modes":"bus","arr":["160"],"off":[0,-0.8]}},{"type":"Feature","geometry":{"type":"Point","coordinates":[-79.450661,43.733482]},"properties":{"line":"160","mode":"bus","color":"#0059a9","colorDark":"#00294f","band":3,"off":[0,1.1]}},{"type":"Feature","geometry":{"type":"Point","coordinates":[-79.426747,43.661991]},"properties":{"name":"Ossington Station at Bus Bay 3","band":3,"modes":"bus","arr":["161"],"off":[0,-0.8]}},{"type":"Feature","geometry":{"type":"Point","coordinates":[-79.426747,43.661991]},"properties":{"line":"161","mode":"bus","color":"#0059a9","colorDark":"#00294f","band":3,"off":[0,1.1]}},{"type":"Feature","geometry":{"type":"Point","coordinates":[-79.337804,43.721023]},"properties":{"name":"Don Valley Station at Temporary Bus Bay 5","band":3,"modes":"bus","arr":["162","191"],"off":[0,-0.8]}},{"type":"Feature","geometry":{"type":"Point","coordinates":[-79.337804,43.721023]},"properties":{"line":"162","mode":"bus","color":"#0059a9","colorDark":"#00294f","band":3,"off":[-1.7,1.1]}},{"type":"Feature","geometry":{"type":"Point","coordinates":[-79.337804,43.721023]},"properties":{"line":"191","mode":"bus","color":"#0059a9","colorDark":"#00294f","band":3,"off":[1.7,1.1]}},{"type":"Feature","geometry":{"type":"Point","coordinates":[-79.545776,43.764768]},"properties":{"name":"Ormont Dr at Weston Rd","band":3,"modes":"bus","arr":["165"],"off":[0,-0.8]}},{"type":"Feature","geometry":{"type":"Point","coordinates":[-79.545776,43.764768]},"properties":{"line":"165","mode":"bus","color":"#0059a9","colorDark":"#00294f","band":3,"off":[0,1.1]}},{"type":"Feature","geometry":{"type":"Point","coordinates":[-79.543437,43.771141]},"properties":{"name":"Old Weston Rd at Steeles Ave West","band":3,"modes":"bus","arr":["989"],"off":[0,-0.8]}},{"type":"Feature","geometry":{"type":"Point","coordinates":[-79.543437,43.771141]},"properties":{"line":"989","mode":"bus","color":"#0059a9","colorDark":"#00294f","band":3,"off":[0,1.1]}},{"type":"Feature","geometry":{"type":"Point","coordinates":[-79.336893,43.818198]},"properties":{"name":"Esna Park Dr Loop at Steeles Ave East","band":3,"modes":"bus","arr":["167"],"off":[0,-0.8]}},{"type":"Feature","geometry":{"type":"Point","coordinates":[-79.336893,43.818198]},"properties":{"line":"167","mode":"bus","color":"#0059a9","colorDark":"#00294f","band":3,"off":[0,1.1]}},{"type":"Feature","geometry":{"type":"Point","coordinates":[-79.346659,43.776507]},"properties":{"name":"Don Mills Station at Bus Bay 15","band":3,"modes":"bus","arr":["169","185","904","985"],"off":[0,-0.8]}},{"type":"Feature","geometry":{"type":"Point","coordinates":[-79.346659,43.776507]},"properties":{"name":"Don Mills Station at Bus Bay 14","band":3,"modes":"bus","arr":["169","185","904","985"],"off":[0,-3]}},{"type":"Feature","geometry":{"type":"Point","coordinates":[-79.346659,43.776507]},"properties":{"name":"Don Mills Station at Bus Bay 10","band":3,"modes":"bus","arr":["169","185","904","985"],"off":[0,-5.2]}},{"type":"Feature","geometry":{"type":"Point","coordinates":[-79.346659,43.776507]},"properties":{"line":"169","mode":"bus","color":"#0059a9","colorDark":"#00294f","band":3,"off":[-5.1,1.1]}},{"type":"Feature","geometry":{"type":"Point","coordinates":[-79.346659,43.776507]},"properties":{"line":"185","mode":"bus","color":"#0059a9","colorDark":"#00294f","band":3,"off":[-1.7,1.1]}},{"type":"Feature","geometry":{"type":"Point","coordinates":[-79.346659,43.776507]},"properties":{"line":"904","mode":"bus","color":"#0059a9","colorDark":"#00294f","band":3,"off":[1.7,1.1]}},{"type":"Feature","geometry":{"type":"Point","coordinates":[-79.346659,43.776507]},"properties":{"line":"985","mode":"bus","color":"#0059a9","colorDark":"#00294f","band":3,"off":[5.1,1.1]}},{"type":"Feature","geometry":{"type":"Point","coordinates":[-79.495259,43.676247]},"properties":{"name":"Alliance Ave at Jane St","band":3,"modes":"bus","arr":["171"],"off":[0,-0.8]}},{"type":"Feature","geometry":{"type":"Point","coordinates":[-79.495259,43.676247]},"properties":{"line":"171","mode":"bus","color":"#0059a9","colorDark":"#00294f","band":3,"off":[0,1.1]}},{"type":"Feature","geometry":{"type":"Point","coordinates":[-79.467874,43.736581]},"properties":{"name":"Ancaster Rd at Powell Rd South Side","band":3,"modes":"bus","arr":["184"],"off":[0,-0.8]}},{"type":"Feature","geometry":{"type":"Point","coordinates":[-79.467874,43.736581]},"properties":{"line":"184","mode":"bus","color":"#0059a9","colorDark":"#00294f","band":3,"off":[0,1.1]}},{"type":"Feature","geometry":{"type":"Point","coordinates":[-79.451152,43.735108]},"properties":{"name":"Wilson Station at Lower Bus Bay 8","band":3,"modes":"bus","arr":["184"],"off":[0,-0.8]}},{"type":"Feature","geometry":{"type":"Point","coordinates":[-79.451152,43.735108]},"properties":{"line":"184","mode":"bus","color":"#0059a9","colorDark":"#00294f","band":3,"off":[0,1.1]}},{"type":"Feature","geometry":{"type":"Point","coordinates":[-79.497207,43.666448]},"properties":{"name":"2672 St Clair Ave West","band":3,"modes":"bus","arr":["189"],"off":[0,-0.8]}},{"type":"Feature","geometry":{"type":"Point","coordinates":[-79.497207,43.666448]},"properties":{"line":"189","mode":"bus","color":"#0059a9","colorDark":"#00294f","band":3,"off":[0,1.1]}},{"type":"Feature","geometry":{"type":"Point","coordinates":[-79.460152,43.655179]},"properties":{"name":"Keele St at Bloor St West - Keele Station","band":3,"modes":"bus","arr":["341"],"off":[0,-0.8]}},{"type":"Feature","geometry":{"type":"Point","coordinates":[-79.460152,43.655179]},"properties":{"line":"341","mode":"bus","color":"#0059a9","colorDark":"#00294f","band":3,"off":[0,1.1]}},{"type":"Feature","geometry":{"type":"Point","coordinates":[-79.471674,43.671878]},"properties":{"name":"Gunns Loop at St Clair Ave West","band":3,"modes":"tram,bus","arr":["312","340","512"],"off":[0,-0.8]}},{"type":"Feature","geometry":{"type":"Point","coordinates":[-79.471674,43.671878]},"properties":{"line":"312","mode":"tram","color":"#d6212b","colorDark":"#7c1116","band":3,"off":[-3.4,1.1]}},{"type":"Feature","geometry":{"type":"Point","coordinates":[-79.471674,43.671878]},"properties":{"line":"340","mode":"bus","color":"#0059a9","colorDark":"#00294f","band":3,"off":[0,1.1]}},{"type":"Feature","geometry":{"type":"Point","coordinates":[-79.471674,43.671878]},"properties":{"line":"512","mode":"tram","color":"#d6212b","colorDark":"#7c1116","band":3,"off":[3.4,1.1]}},{"type":"Feature","geometry":{"type":"Point","coordinates":[-79.228584,43.712869]},"properties":{"name":"Scarborough Bluffs Beach Loop at Bluffers Park","band":3,"modes":"bus","arr":["201"],"off":[0,-0.8]}},{"type":"Feature","geometry":{"type":"Point","coordinates":[-79.228584,43.712869]},"properties":{"line":"201","mode":"bus","color":"#0059a9","colorDark":"#00294f","band":3,"off":[0,1.1]}},{"type":"Feature","geometry":{"type":"Point","coordinates":[-79.344416,43.637007]},"properties":{"name":"Cherry Beach Loop at Clarke Beach","band":3,"modes":"bus","arr":["202"],"off":[0,-0.8]}},{"type":"Feature","geometry":{"type":"Point","coordinates":[-79.344416,43.637007]},"properties":{"line":"202","mode":"bus","color":"#0059a9","colorDark":"#00294f","band":3,"off":[0,1.1]}},{"type":"Feature","geometry":{"type":"Point","coordinates":[-79.46485,43.645536]},"properties":{"name":"Colborne Lodge Dr at Centre Rd","band":3,"modes":"bus","arr":["203"],"off":[0,-0.8]}},{"type":"Feature","geometry":{"type":"Point","coordinates":[-79.46485,43.645536]},"properties":{"line":"203","mode":"bus","color":"#0059a9","colorDark":"#00294f","band":3,"off":[0,1.1]}},{"type":"Feature","geometry":{"type":"Point","coordinates":[-79.620987,43.686789]},"properties":{"name":"Pearson Airport Terminal 3 (Arrivals Level Columns C8-C12)","band":3,"modes":"bus","arr":["300","352","900","952"],"off":[0,-0.8]}},{"type":"Feature","geometry":{"type":"Point","coordinates":[-79.620987,43.686789]},"properties":{"line":"300","mode":"bus","color":"#0059a9","colorDark":"#00294f","band":3,"off":[-5.1,1.1]}},{"type":"Feature","geometry":{"type":"Point","coordinates":[-79.620987,43.686789]},"properties":{"line":"352","mode":"bus","color":"#0059a9","colorDark":"#00294f","band":3,"off":[-1.7,1.1]}},{"type":"Feature","geometry":{"type":"Point","coordinates":[-79.620987,43.686789]},"properties":{"line":"900","mode":"bus","color":"#0059a9","colorDark":"#00294f","band":3,"off":[1.7,1.1]}},{"type":"Feature","geometry":{"type":"Point","coordinates":[-79.620987,43.686789]},"properties":{"line":"952","mode":"bus","color":"#0059a9","colorDark":"#00294f","band":3,"off":[5.1,1.1]}},{"type":"Feature","geometry":{"type":"Point","coordinates":[-79.611087,43.681868]},"properties":{"name":"Pearson Airport Terminal 1 (Ground Level Column R4)","band":3,"modes":"bus","arr":["300","352","900","952"],"off":[0,-0.8]}},{"type":"Feature","geometry":{"type":"Point","coordinates":[-79.611087,43.681868]},"properties":{"line":"300","mode":"bus","color":"#0059a9","colorDark":"#00294f","band":3,"off":[-5.1,1.1]}},{"type":"Feature","geometry":{"type":"Point","coordinates":[-79.611087,43.681868]},"properties":{"line":"352","mode":"bus","color":"#0059a9","colorDark":"#00294f","band":3,"off":[-1.7,1.1]}},{"type":"Feature","geometry":{"type":"Point","coordinates":[-79.611087,43.681868]},"properties":{"line":"900","mode":"bus","color":"#0059a9","colorDark":"#00294f","band":3,"off":[1.7,1.1]}},{"type":"Feature","geometry":{"type":"Point","coordinates":[-79.611087,43.681868]},"properties":{"line":"952","mode":"bus","color":"#0059a9","colorDark":"#00294f","band":3,"off":[5.1,1.1]}},{"type":"Feature","geometry":{"type":"Point","coordinates":[-79.41518,43.636437]},"properties":{"name":"Exhibition Loop at Manitoba Dr","band":3,"modes":"bus,tram","arr":["307","329","363","509","511"],"off":[0,-0.8]}},{"type":"Feature","geometry":{"type":"Point","coordinates":[-79.41518,43.636437]},"properties":{"name":"Exhibition Loop","band":3,"modes":"bus,tram","arr":["307","329","363","509","511"],"off":[0,-3]}},{"type":"Feature","geometry":{"type":"Point","coordinates":[-79.41518,43.636437]},"properties":{"line":"307","mode":"bus","color":"#0059a9","colorDark":"#00294f","band":3,"off":[-6.8,1.1]}},{"type":"Feature","geometry":{"type":"Point","coordinates":[-79.41518,43.636437]},"properties":{"line":"329","mode":"bus","color":"#0059a9","colorDark":"#00294f","band":3,"off":[-3.4,1.1]}},{"type":"Feature","geometry":{"type":"Point","coordinates":[-79.41518,43.636437]},"properties":{"line":"363","mode":"bus","color":"#0059a9","colorDark":"#00294f","band":3,"off":[0,1.1]}},{"type":"Feature","geometry":{"type":"Point","coordinates":[-79.41518,43.636437]},"properties":{"line":"509","mode":"tram","color":"#d6212b","colorDark":"#7c1116","band":3,"off":[3.4,1.1]}},{"type":"Feature","geometry":{"type":"Point","coordinates":[-79.41518,43.636437]},"properties":{"line":"511","mode":"tram","color":"#d6212b","colorDark":"#7c1116","band":3,"off":[6.8,1.1]}},{"type":"Feature","geometry":{"type":"Point","coordinates":[-79.275157,43.83242]},"properties":{"name":"McCowan Rd Loop at Steeles Ave East","band":3,"modes":"bus","arr":["316"],"off":[0,-0.8]}},{"type":"Feature","geometry":{"type":"Point","coordinates":[-79.275157,43.83242]},"properties":{"line":"316","mode":"bus","color":"#0059a9","colorDark":"#00294f","band":3,"off":[0,1.1]}},{"type":"Feature","geometry":{"type":"Point","coordinates":[-79.375188,43.642746]},"properties":{"name":"Yonge St at Queens Quay East North Side","band":3,"modes":"bus","arr":["320"],"off":[0,-0.8]}},{"type":"Feature","geometry":{"type":"Point","coordinates":[-79.375188,43.642746]},"properties":{"line":"320","mode":"bus","color":"#0059a9","colorDark":"#00294f","band":3,"off":[0,1.1]}},{"type":"Feature","geometry":{"type":"Point","coordinates":[-79.436717,43.698537]},"properties":{"name":"Eglinton Ave West at Everden Rd (Eglinton West Sta","band":3,"modes":"bus","arr":["363"],"off":[0,-0.8]}},{"type":"Feature","geometry":{"type":"Point","coordinates":[-79.436717,43.698537]},"properties":{"line":"363","mode":"bus","color":"#0059a9","colorDark":"#00294f","band":3,"off":[0,1.1]}},{"type":"Feature","geometry":{"type":"Point","coordinates":[-79.576507,43.764114]},"properties":{"name":"Steeles Ave West Loop at Islington Ave","band":3,"modes":"bus","arr":["337","384","937"],"off":[0,-0.8]}},{"type":"Feature","geometry":{"type":"Point","coordinates":[-79.576507,43.764114]},"properties":{"line":"337","mode":"bus","color":"#0059a9","colorDark":"#00294f","band":3,"off":[-3.4,1.1]}},{"type":"Feature","geometry":{"type":"Point","coordinates":[-79.576507,43.764114]},"properties":{"line":"384","mode":"bus","color":"#0059a9","colorDark":"#00294f","band":3,"off":[0,1.1]}},{"type":"Feature","geometry":{"type":"Point","coordinates":[-79.576507,43.764114]},"properties":{"line":"937","mode":"bus","color":"#0059a9","colorDark":"#00294f","band":3,"off":[3.4,1.1]}},{"type":"Feature","geometry":{"type":"Point","coordinates":[-79.506534,43.600756]},"properties":{"name":"Eighth St at Lake Shore Blvd West North Side","band":3,"modes":"bus","arr":["337"],"off":[0,-0.8]}},{"type":"Feature","geometry":{"type":"Point","coordinates":[-79.506534,43.600756]},"properties":{"line":"337","mode":"bus","color":"#0059a9","colorDark":"#00294f","band":3,"off":[0,1.1]}},{"type":"Feature","geometry":{"type":"Point","coordinates":[-79.460956,43.656448]},"properties":{"name":"66 Keele St","band":3,"modes":"bus","arr":["341"],"off":[0,-0.8]}},{"type":"Feature","geometry":{"type":"Point","coordinates":[-79.460956,43.656448]},"properties":{"line":"341","mode":"bus","color":"#0059a9","colorDark":"#00294f","band":3,"off":[0,1.1]}},{"type":"Feature","geometry":{"type":"Point","coordinates":[-79.436555,43.699214]},"properties":{"name":"Cedarvale Station at Bus Bay 2","band":3,"modes":"bus","arr":["363"],"off":[0,-0.8]}},{"type":"Feature","geometry":{"type":"Point","coordinates":[-79.436555,43.699214]},"properties":{"line":"363","mode":"bus","color":"#0059a9","colorDark":"#00294f","band":3,"off":[0,1.1]}},{"type":"Feature","geometry":{"type":"Point","coordinates":[-79.410685,43.761483]},"properties":{"name":"Sheppard-Yonge Station","band":3,"modes":"metro,bus","arr":["4","385"],"off":[0,-0.8]}},{"type":"Feature","geometry":{"type":"Point","coordinates":[-79.410685,43.761483]},"properties":{"name":"Sheppard Ave East at Yonge St East Side","band":3,"modes":"metro,bus","arr":["4","385"],"off":[0,-3]}},{"type":"Feature","geometry":{"type":"Point","coordinates":[-79.410685,43.761483]},"properties":{"name":"Sheppard Ave East at Yonge St","band":3,"modes":"metro,bus","arr":["4","385"],"off":[0,-6.3]}},{"type":"Feature","geometry":{"type":"Point","coordinates":[-79.410685,43.761483]},"properties":{"line":"4","mode":"tram","color":"#B300B3","colorDark":"#620062","band":3,"metro":1,"off":[-1.7,1.1]}},{"type":"Feature","geometry":{"type":"Point","coordinates":[-79.410685,43.761483]},"properties":{"line":"385","mode":"bus","color":"#0059a9","colorDark":"#00294f","band":3,"off":[1.7,1.1]}},{"type":"Feature","geometry":{"type":"Point","coordinates":[-79.170819,43.809172]},"properties":{"name":"Meadowvale Loop at Sheppard Ave East","band":3,"modes":"bus","arr":["386","985","986"],"off":[0,-0.8]}},{"type":"Feature","geometry":{"type":"Point","coordinates":[-79.170819,43.809172]},"properties":{"line":"386","mode":"bus","color":"#0059a9","colorDark":"#00294f","band":3,"off":[-3.4,1.1]}},{"type":"Feature","geometry":{"type":"Point","coordinates":[-79.170819,43.809172]},"properties":{"line":"985","mode":"bus","color":"#0059a9","colorDark":"#00294f","band":3,"off":[0,1.1]}},{"type":"Feature","geometry":{"type":"Point","coordinates":[-79.170819,43.809172]},"properties":{"line":"986","mode":"bus","color":"#0059a9","colorDark":"#00294f","band":3,"off":[3.4,1.1]}},{"type":"Feature","geometry":{"type":"Point","coordinates":[-79.488142,43.723559]},"properties":{"name":"Humber River Hospital","band":3,"modes":"bus","arr":["400"],"off":[0,-0.8]}},{"type":"Feature","geometry":{"type":"Point","coordinates":[-79.488142,43.723559]},"properties":{"line":"400","mode":"bus","color":"#0059a9","colorDark":"#00294f","band":3,"off":[0,1.1]}},{"type":"Feature","geometry":{"type":"Point","coordinates":[-79.433223,43.73797]},"properties":{"name":"270 Wilson Ave - No Frills","band":3,"modes":"bus","arr":["400"],"off":[0,-0.8]}},{"type":"Feature","geometry":{"type":"Point","coordinates":[-79.433223,43.73797]},"properties":{"line":"400","mode":"bus","color":"#0059a9","colorDark":"#00294f","band":3,"off":[0,1.1]}},{"type":"Feature","geometry":{"type":"Point","coordinates":[-79.434105,43.655969]},"properties":{"name":"Dufferin Mall","band":3,"modes":"bus","arr":["402"],"off":[0,-0.8]}},{"type":"Feature","geometry":{"type":"Point","coordinates":[-79.434105,43.655969]},"properties":{"line":"402","mode":"bus","color":"#0059a9","colorDark":"#00294f","band":3,"off":[0,1.1]}},{"type":"Feature","geometry":{"type":"Point","coordinates":[-79.432323,43.635329]},"properties":{"name":"Toronto Rehab - Bickle Centre at 130 Dunn Ave","band":3,"modes":"bus","arr":["402"],"off":[0,-0.8]}},{"type":"Feature","geometry":{"type":"Point","coordinates":[-79.432323,43.635329]},"properties":{"line":"402","mode":"bus","color":"#0059a9","colorDark":"#00294f","band":3,"off":[0,1.1]}},{"type":"Feature","geometry":{"type":"Point","coordinates":[-79.345589,43.733828]},"properties":{"name":"1050 Don Mills Rd - Shops On Don Mills","band":3,"modes":"bus","arr":["403"],"off":[0,-0.8]}},{"type":"Feature","geometry":{"type":"Point","coordinates":[-79.345589,43.733828]},"properties":{"line":"403","mode":"bus","color":"#0059a9","colorDark":"#00294f","band":3,"off":[0,1.1]}},{"type":"Feature","geometry":{"type":"Point","coordinates":[-79.347469,43.706655]},"properties":{"name":"East York Town Centre","band":3,"modes":"bus","arr":["403"],"off":[0,-0.8]}},{"type":"Feature","geometry":{"type":"Point","coordinates":[-79.347469,43.706655]},"properties":{"line":"403","mode":"bus","color":"#0059a9","colorDark":"#00294f","band":3,"off":[0,1.1]}},{"type":"Feature","geometry":{"type":"Point","coordinates":[-79.283052,43.680963]},"properties":{"name":"1091 Kingston Rd - Henley Gardens","band":3,"modes":"bus","arr":["404"],"off":[0,-0.8]}},{"type":"Feature","geometry":{"type":"Point","coordinates":[-79.283052,43.680963]},"properties":{"line":"404","mode":"bus","color":"#0059a9","colorDark":"#00294f","band":3,"off":[0,1.1]}},{"type":"Feature","geometry":{"type":"Point","coordinates":[-79.552446,43.680683]},"properties":{"name":"1540 Kipling Ave - Richview Residence - Kipling Building","band":3,"modes":"bus","arr":["405"],"off":[0,-0.8]}},{"type":"Feature","geometry":{"type":"Point","coordinates":[-79.552446,43.680683]},"properties":{"line":"405","mode":"bus","color":"#0059a9","colorDark":"#00294f","band":3,"off":[0,1.1]}},{"type":"Feature","geometry":{"type":"Point","coordinates":[-79.507803,43.689578]},"properties":{"name":"170 Emmett Ave - West Park Healthcare Centre - Main Entrance","band":3,"modes":"bus","arr":["405"],"off":[0,-0.8]}},{"type":"Feature","geometry":{"type":"Point","coordinates":[-79.507803,43.689578]},"properties":{"line":"405","mode":"bus","color":"#0059a9","colorDark":"#00294f","band":3,"off":[0,1.1]}},{"type":"Feature","geometry":{"type":"Point","coordinates":[-79.197532,43.754507]},"properties":{"name":"130 Westlake Rd - Guildwood Station","band":3,"modes":"bus","arr":["406"],"off":[0,-0.8]}},{"type":"Feature","geometry":{"type":"Point","coordinates":[-79.197532,43.754507]},"properties":{"line":"406","mode":"bus","color":"#0059a9","colorDark":"#00294f","band":3,"off":[0,1.1]}},{"type":"Feature","geometry":{"type":"Point","coordinates":[-79.242302,43.835741]},"properties":{"name":"Morningside Ave at Passmore Ave - Amazon Fulfillment Centre","band":3,"modes":"bus","arr":["902"],"off":[0,-0.8]}},{"type":"Feature","geometry":{"type":"Point","coordinates":[-79.242302,43.835741]},"properties":{"line":"902","mode":"bus","color":"#0059a9","colorDark":"#00294f","band":3,"off":[0,1.1]}},{"type":"Feature","geometry":{"type":"Point","coordinates":[-79.229602,43.786078]},"properties":{"name":"Centennial College Bus Terminal","band":3,"modes":"bus","arr":["903"],"off":[0,-0.8]}},{"type":"Feature","geometry":{"type":"Point","coordinates":[-79.229602,43.786078]},"properties":{"line":"903","mode":"bus","color":"#0059a9","colorDark":"#00294f","band":3,"off":[0,1.1]}},{"type":"Feature","geometry":{"type":"Point","coordinates":[-79.264366,43.731545]},"properties":{"name":"Kennedy Station at Bus Bay 5","band":3,"modes":"metro,bus","arr":["2","5","905","986"],"off":[0,-0.8]}},{"type":"Feature","geometry":{"type":"Point","coordinates":[-79.264366,43.731545]},"properties":{"name":"Kennedy Station - Subway Platform","band":3,"modes":"metro,bus","arr":["2","5","905","986"],"off":[0,-3]}},{"type":"Feature","geometry":{"type":"Point","coordinates":[-79.264366,43.731545]},"properties":{"name":"Kennedy Station","band":3,"modes":"metro,bus","arr":["2","5","905","986"],"off":[0,-5.2]}},{"type":"Feature","geometry":{"type":"Point","coordinates":[-79.264366,43.731545]},"properties":{"line":"2","mode":"tram","color":"#008000","colorDark":"#004600","band":3,"metro":1,"off":[-5.1,1.1]}},{"type":"Feature","geometry":{"type":"Point","coordinates":[-79.264366,43.731545]},"properties":{"line":"5","mode":"tram","color":"#FF8000","colorDark":"#8c4600","band":3,"metro":1,"off":[-1.7,1.1]}},{"type":"Feature","geometry":{"type":"Point","coordinates":[-79.264366,43.731545]},"properties":{"line":"905","mode":"bus","color":"#0059a9","colorDark":"#00294f","band":3,"off":[1.7,1.1]}},{"type":"Feature","geometry":{"type":"Point","coordinates":[-79.264366,43.731545]},"properties":{"line":"986","mode":"bus","color":"#0059a9","colorDark":"#00294f","band":3,"off":[5.1,1.1]}},{"type":"Feature","geometry":{"type":"Point","coordinates":[-79.185568,43.78435]},"properties":{"name":"University of Toronto Scarborough","band":3,"modes":"bus","arr":["905","995"],"off":[0,-0.8]}},{"type":"Feature","geometry":{"type":"Point","coordinates":[-79.185568,43.78435]},"properties":{"line":"905","mode":"bus","color":"#0059a9","colorDark":"#00294f","band":3,"off":[-1.7,1.1]}},{"type":"Feature","geometry":{"type":"Point","coordinates":[-79.185568,43.78435]},"properties":{"line":"995","mode":"bus","color":"#0059a9","colorDark":"#00294f","band":3,"off":[1.7,1.1]}},{"type":"Feature","geometry":{"type":"Point","coordinates":[-79.615517,43.689525]},"properties":{"name":"Toronto Pearson Airport - Viscount Station","band":3,"modes":"bus","arr":["906"],"off":[0,-0.8]}},{"type":"Feature","geometry":{"type":"Point","coordinates":[-79.615517,43.689525]},"properties":{"line":"906","mode":"bus","color":"#0059a9","colorDark":"#00294f","band":3,"off":[0,1.1]}},{"type":"Feature","geometry":{"type":"Point","coordinates":[-79.483614,43.649762]},"properties":{"name":"Jane Station at Bus Bay 4","band":3,"modes":"bus","arr":["935"],"off":[0,-0.8]}},{"type":"Feature","geometry":{"type":"Point","coordinates":[-79.483614,43.649762]},"properties":{"line":"935","mode":"bus","color":"#0059a9","colorDark":"#00294f","band":3,"off":[0,1.1]}},{"type":"Feature","geometry":{"type":"Point","coordinates":[-79.402223,43.724922]},"properties":{"name":"Lawrence Station at Bus Bay 1","band":3,"modes":"bus","arr":["952"],"off":[0,-0.8]}},{"type":"Feature","geometry":{"type":"Point","coordinates":[-79.402223,43.724922]},"properties":{"line":"952","mode":"bus","color":"#0059a9","colorDark":"#00294f","band":3,"off":[0,1.1]}},{"type":"Feature","geometry":{"type":"Point","coordinates":[-79.415278,43.780879]},"properties":{"name":"Finch Station at Bus Bay 10","band":3,"modes":"metro,bus","arr":["1","953"],"off":[0,-0.8]}},{"type":"Feature","geometry":{"type":"Point","coordinates":[-79.415278,43.780879]},"properties":{"name":"Finch Station - Subway Platform","band":3,"modes":"metro,bus","arr":["1","953"],"off":[0,-3]}},{"type":"Feature","geometry":{"type":"Point","coordinates":[-79.415278,43.780879]},"properties":{"line":"1","mode":"tram","color":"#D5C82B","colorDark":"#756e18","band":3,"metro":1,"off":[-1.7,1.1]}},{"type":"Feature","geometry":{"type":"Point","coordinates":[-79.415278,43.780879]},"properties":{"line":"953","mode":"bus","color":"#0059a9","colorDark":"#00294f","band":3,"off":[1.7,1.1]}},{"type":"Feature","geometry":{"type":"Point","coordinates":[-79.624921,43.752764]},"properties":{"name":"Signal Hill Ave at Steeles Ave West","band":3,"modes":"bus","arr":["960"],"off":[0,-0.8]}},{"type":"Feature","geometry":{"type":"Point","coordinates":[-79.624921,43.752764]},"properties":{"line":"960","mode":"bus","color":"#0059a9","colorDark":"#00294f","band":3,"off":[0,1.1]}},{"type":"Feature","geometry":{"type":"Point","coordinates":[-79.478718,43.630998]},"properties":{"name":"Humber Loop at the Queensway","band":3,"modes":"tram","arr":["301","501","507"],"off":[0,-0.8]}},{"type":"Feature","geometry":{"type":"Point","coordinates":[-79.478718,43.630998]},"properties":{"line":"301","mode":"tram","color":"#d6212b","colorDark":"#7c1116","band":3,"off":[-3.4,1.1]}},{"type":"Feature","geometry":{"type":"Point","coordinates":[-79.478718,43.630998]},"properties":{"line":"501","mode":"tram","color":"#d6212b","colorDark":"#7c1116","band":3,"off":[0,1.1]}},{"type":"Feature","geometry":{"type":"Point","coordinates":[-79.478718,43.630998]},"properties":{"line":"507","mode":"tram","color":"#d6212b","colorDark":"#7c1116","band":3,"off":[3.4,1.1]}},{"type":"Feature","geometry":{"type":"Point","coordinates":[-79.282556,43.67368]},"properties":{"name":"Queen St East at Neville Park Blvd","band":3,"modes":"tram","arr":["301","501"],"off":[0,-0.8]}},{"type":"Feature","geometry":{"type":"Point","coordinates":[-79.282556,43.67368]},"properties":{"line":"301","mode":"tram","color":"#d6212b","colorDark":"#7c1116","band":3,"off":[-1.7,1.1]}},{"type":"Feature","geometry":{"type":"Point","coordinates":[-79.282556,43.67368]},"properties":{"line":"501","mode":"tram","color":"#d6212b","colorDark":"#7c1116","band":3,"off":[1.7,1.1]}},{"type":"Feature","geometry":{"type":"Point","coordinates":[-79.35865,43.675698]},"properties":{"name":"Broadview Ave at Danforth Ave","band":3,"modes":"tram","arr":["304","305"],"off":[0,-0.8]}},{"type":"Feature","geometry":{"type":"Point","coordinates":[-79.35865,43.675698]},"properties":{"line":"304","mode":"tram","color":"#d6212b","colorDark":"#7c1116","band":3,"off":[-1.7,1.1]}},{"type":"Feature","geometry":{"type":"Point","coordinates":[-79.35865,43.675698]},"properties":{"line":"305","mode":"tram","color":"#d6212b","colorDark":"#7c1116","band":3,"off":[1.7,1.1]}},{"type":"Feature","geometry":{"type":"Point","coordinates":[-79.452369,43.655963]},"properties":{"name":"Dundas St West at Bloor St West","band":3,"modes":"tram","arr":["304"],"off":[0,-0.8]}},{"type":"Feature","geometry":{"type":"Point","coordinates":[-79.452369,43.655963]},"properties":{"line":"304","mode":"tram","color":"#d6212b","colorDark":"#7c1116","band":3,"off":[0,1.1]}},{"type":"Feature","geometry":{"type":"Point","coordinates":[-79.358211,43.677317]},"properties":{"name":"Broadview Station at Bay 6","band":3,"modes":"tram","arr":["305","505"],"off":[0,-0.8]}},{"type":"Feature","geometry":{"type":"Point","coordinates":[-79.358211,43.677317]},"properties":{"line":"305","mode":"tram","color":"#d6212b","colorDark":"#7c1116","band":3,"off":[-1.7,1.1]}},{"type":"Feature","geometry":{"type":"Point","coordinates":[-79.358211,43.677317]},"properties":{"line":"505","mode":"tram","color":"#d6212b","colorDark":"#7c1116","band":3,"off":[1.7,1.1]}},{"type":"Feature","geometry":{"type":"Point","coordinates":[-79.453532,43.65655]},"properties":{"name":"Dundas West Station at Bay 5","band":3,"modes":"tram","arr":["305","504","505"],"off":[0,-0.8]}},{"type":"Feature","geometry":{"type":"Point","coordinates":[-79.453532,43.65655]},"properties":{"name":"Dundas West Station at Bay 4","band":3,"modes":"tram","arr":["305","504","505"],"off":[0,-3]}},{"type":"Feature","geometry":{"type":"Point","coordinates":[-79.453532,43.65655]},"properties":{"line":"305","mode":"tram","color":"#d6212b","colorDark":"#7c1116","band":3,"off":[-3.4,1.1]}},{"type":"Feature","geometry":{"type":"Point","coordinates":[-79.453532,43.65655]},"properties":{"line":"504","mode":"tram","color":"#d6212b","colorDark":"#7c1116","band":3,"off":[0,1.1]}},{"type":"Feature","geometry":{"type":"Point","coordinates":[-79.453532,43.65655]},"properties":{"line":"505","mode":"tram","color":"#d6212b","colorDark":"#7c1116","band":3,"off":[3.4,1.1]}},{"type":"Feature","geometry":{"type":"Point","coordinates":[-79.457441,43.649106]},"properties":{"name":"Howard Park Ave at Parkside Dr East Side","band":3,"modes":"tram","arr":["306"],"off":[0,-0.8]}},{"type":"Feature","geometry":{"type":"Point","coordinates":[-79.457441,43.649106]},"properties":{"name":"Howard Park Ave at Parkside Dr","band":3,"modes":"tram","arr":["306"],"off":[0,-4.1]}},{"type":"Feature","geometry":{"type":"Point","coordinates":[-79.457441,43.649106]},"properties":{"line":"306","mode":"tram","color":"#d6212b","colorDark":"#7c1116","band":3,"off":[0,1.1]}},{"type":"Feature","geometry":{"type":"Point","coordinates":[-79.301734,43.688016]},"properties":{"name":"Main St at Danforth Ave","band":3,"modes":"tram","arr":["306"],"off":[0,-0.8]}},{"type":"Feature","geometry":{"type":"Point","coordinates":[-79.301734,43.688016]},"properties":{"line":"306","mode":"tram","color":"#d6212b","colorDark":"#7c1116","band":3,"off":[0,1.1]}},{"type":"Feature","geometry":{"type":"Point","coordinates":[-79.379147,43.645603]},"properties":{"name":"Union Station Streetcar Platform","band":3,"modes":"tram","arr":["310","509","510"],"off":[0,-0.8]}},{"type":"Feature","geometry":{"type":"Point","coordinates":[-79.379147,43.645603]},"properties":{"line":"310","mode":"tram","color":"#d6212b","colorDark":"#7c1116","band":3,"off":[-3.4,1.1]}},{"type":"Feature","geometry":{"type":"Point","coordinates":[-79.379147,43.645603]},"properties":{"line":"509","mode":"tram","color":"#d6212b","colorDark":"#7c1116","band":3,"off":[0,1.1]}},{"type":"Feature","geometry":{"type":"Point","coordinates":[-79.379147,43.645603]},"properties":{"line":"510","mode":"tram","color":"#d6212b","colorDark":"#7c1116","band":3,"off":[3.4,1.1]}},{"type":"Feature","geometry":{"type":"Point","coordinates":[-79.392425,43.687385]},"properties":{"name":"St Clair Station at Bay 2","band":3,"modes":"tram","arr":["312","512"],"off":[0,-0.8]}},{"type":"Feature","geometry":{"type":"Point","coordinates":[-79.392425,43.687385]},"properties":{"name":"St Clair Station at Bay 1","band":3,"modes":"tram","arr":["312","512"],"off":[0,-3]}},{"type":"Feature","geometry":{"type":"Point","coordinates":[-79.392425,43.687385]},"properties":{"line":"312","mode":"tram","color":"#d6212b","colorDark":"#7c1116","band":3,"off":[-1.7,1.1]}},{"type":"Feature","geometry":{"type":"Point","coordinates":[-79.392425,43.687385]},"properties":{"line":"512","mode":"tram","color":"#d6212b","colorDark":"#7c1116","band":3,"off":[1.7,1.1]}},{"type":"Feature","geometry":{"type":"Point","coordinates":[-79.383678,43.648287]},"properties":{"name":"York St at King St West North Side","band":3,"modes":"tram","arr":["503"],"off":[0,-0.8]}},{"type":"Feature","geometry":{"type":"Point","coordinates":[-79.383678,43.648287]},"properties":{"line":"503","mode":"tram","color":"#d6212b","colorDark":"#7c1116","band":3,"off":[0,1.1]}},{"type":"Feature","geometry":{"type":"Point","coordinates":[-79.356986,43.650818]},"properties":{"name":"Distillery Loop","band":3,"modes":"tram","arr":["504"],"off":[0,-0.8]}},{"type":"Feature","geometry":{"type":"Point","coordinates":[-79.356986,43.650818]},"properties":{"line":"504","mode":"tram","color":"#d6212b","colorDark":"#7c1116","band":3,"off":[0,1.1]}},{"type":"Feature","geometry":{"type":"Point","coordinates":[-79.45813,43.64783]},"properties":{"name":"High Park Loop","band":3,"modes":"tram","arr":["506"],"off":[0,-0.8]}},{"type":"Feature","geometry":{"type":"Point","coordinates":[-79.45813,43.64783]},"properties":{"line":"506","mode":"tram","color":"#d6212b","colorDark":"#7c1116","band":3,"off":[0,1.1]}},{"type":"Feature","geometry":{"type":"Point","coordinates":[-79.527482,43.794077]},"properties":{"name":"Vaughan Metropolitan Centre Station - Subway Platform","band":3,"modes":"metro","arr":["1"],"off":[0,-0.8]}},{"type":"Feature","geometry":{"type":"Point","coordinates":[-79.527482,43.794077]},"properties":{"line":"1","mode":"tram","color":"#D5C82B","colorDark":"#756e18","band":3,"metro":1,"off":[0,1.1]}},{"type":"Feature","geometry":{"type":"Point","coordinates":[-79.527339,43.793506]},"properties":{"name":"Vaughan Metropolitan Centre Station","band":3,"modes":"metro","arr":["1"],"off":[0,-0.8]}},{"type":"Feature","geometry":{"type":"Point","coordinates":[-79.527339,43.793506]},"properties":{"line":"1","mode":"tram","color":"#D5C82B","colorDark":"#756e18","band":3,"metro":1,"off":[0,1.1]}},{"type":"Feature","geometry":{"type":"Point","coordinates":[-79.535186,43.638023]},"properties":{"name":"Kipling Station - Subway Platform","band":3,"modes":"metro","arr":["2"],"off":[0,-0.8]}},{"type":"Feature","geometry":{"type":"Point","coordinates":[-79.535186,43.638023]},"properties":{"name":"Kipling Station","band":3,"modes":"metro","arr":["2"],"off":[0,-3]}},{"type":"Feature","geometry":{"type":"Point","coordinates":[-79.535186,43.638023]},"properties":{"line":"2","mode":"tram","color":"#008000","colorDark":"#004600","band":3,"metro":1,"off":[0,1.1]}},{"type":"Feature","geometry":{"type":"Point","coordinates":[-79.347223,43.774756]},"properties":{"name":"Don Mills Station - Subway Platform","band":3,"modes":"metro","arr":["4"],"off":[0,-0.8]}},{"type":"Feature","geometry":{"type":"Point","coordinates":[-79.347223,43.774756]},"properties":{"name":"Don Mills Station","band":3,"modes":"metro","arr":["4"],"off":[0,-3]}},{"type":"Feature","geometry":{"type":"Point","coordinates":[-79.347223,43.774756]},"properties":{"line":"4","mode":"tram","color":"#B300B3","colorDark":"#620062","band":3,"metro":1,"off":[0,1.1]}},{"type":"Feature","geometry":{"type":"Point","coordinates":[-79.409297,43.761746]},"properties":{"name":"Sheppard-Yonge Station - Subway Platform","band":3,"modes":"metro","arr":["4"],"off":[0,-0.8]}},{"type":"Feature","geometry":{"type":"Point","coordinates":[-79.409297,43.761746]},"properties":{"line":"4","mode":"tram","color":"#B300B3","colorDark":"#620062","band":3,"metro":1,"off":[0,1.1]}},{"type":"Feature","geometry":{"type":"Point","coordinates":[-79.486294,43.687844]},"properties":{"name":"Mount Dennis Station","band":3,"modes":"metro","arr":["5"],"off":[0,-0.8]}},{"type":"Feature","geometry":{"type":"Point","coordinates":[-79.486294,43.687844]},"properties":{"line":"5","mode":"tram","color":"#FF8000","colorDark":"#8c4600","band":3,"metro":1,"off":[0,1.1]}},{"type":"Feature","geometry":{"type":"Point","coordinates":[-79.601462,43.729926]},"properties":{"name":"Humber College Station - Subway Platform","band":3,"modes":"metro","arr":["6"],"off":[0,-0.8]}},{"type":"Feature","geometry":{"type":"Point","coordinates":[-79.601462,43.729926]},"properties":{"name":"Humber College Station","band":3,"modes":"metro","arr":["6"],"off":[0,-4.1]}},{"type":"Feature","geometry":{"type":"Point","coordinates":[-79.601462,43.729926]},"properties":{"line":"6","mode":"tram","color":"#808080","colorDark":"#464646","band":3,"metro":1,"off":[0,1.1]}},{"type":"Feature","geometry":{"type":"Point","coordinates":[-79.490854,43.763469]},"properties":{"name":"Finch West Station - Subway Platform","band":3,"modes":"metro","arr":["6"],"off":[0,-0.8]}},{"type":"Feature","geometry":{"type":"Point","coordinates":[-79.490854,43.763469]},"properties":{"line":"6","mode":"tram","color":"#808080","colorDark":"#464646","band":3,"metro":1,"off":[0,1.1]}},{"type":"Feature","geometry":{"type":"Point","coordinates":[-79.444647,43.790798]},"properties":{"name":"Greenwin Village Rd at Bathurst St","band":4,"modes":"bus","arr":["7","307"],"off":[0,-0.8]}},{"type":"Feature","geometry":{"type":"Point","coordinates":[-79.444647,43.790798]},"properties":{"line":"7","mode":"bus","color":"#0059a9","colorDark":"#00294f","band":4,"off":[-1.7,1.1]}},{"type":"Feature","geometry":{"type":"Point","coordinates":[-79.444647,43.790798]},"properties":{"line":"307","mode":"bus","color":"#0059a9","colorDark":"#00294f","band":4,"off":[1.7,1.1]}},{"type":"Feature","geometry":{"type":"Point","coordinates":[-79.410985,43.666076]},"properties":{"name":"Bathurst Station at Bus Bay 3","band":4,"modes":"bus","arr":["7"],"off":[0,-0.8]}},{"type":"Feature","geometry":{"type":"Point","coordinates":[-79.410985,43.666076]},"properties":{"line":"7","mode":"bus","color":"#0059a9","colorDark":"#00294f","band":4,"off":[0,1.1]}},{"type":"Feature","geometry":{"type":"Point","coordinates":[-79.444394,43.792584]},"properties":{"name":"Steeles Ave West at Bathurst St East Side","band":4,"modes":"bus","arr":["307"],"off":[0,-0.8]}},{"type":"Feature","geometry":{"type":"Point","coordinates":[-79.444394,43.792584]},"properties":{"line":"307","mode":"bus","color":"#0059a9","colorDark":"#00294f","band":4,"off":[0,1.1]}},{"type":"Feature","geometry":{"type":"Point","coordinates":[-79.279882,43.710299]},"properties":{"name":"Warden Station at Temporary Bus Bay 5","band":4,"modes":"bus","arr":["8","9","16","17","69","117","135"],"off":[0,-0.8]}},{"type":"Feature","geometry":{"type":"Point","coordinates":[-79.279882,43.710299]},"properties":{"name":"Warden Station at Temporary Bus Bay 4","band":4,"modes":"bus","arr":["8","9","16","17","69","117","135"],"off":[0,-4.1]}},{"type":"Feature","geometry":{"type":"Point","coordinates":[-79.279882,43.710299]},"properties":{"name":"Warden Station at Temporary Bus Bay 3","band":4,"modes":"bus","arr":["8","9","16","17","69","117","135"],"off":[0,-7.4]}},{"type":"Feature","geometry":{"type":"Point","coordinates":[-79.279882,43.710299]},"properties":{"line":"8","mode":"bus","color":"#0059a9","colorDark":"#00294f","band":4,"off":[-6.8,1.1]}},{"type":"Feature","geometry":{"type":"Point","coordinates":[-79.279882,43.710299]},"properties":{"line":"9","mode":"bus","color":"#0059a9","colorDark":"#00294f","band":4,"off":[-3.4,1.1]}},{"type":"Feature","geometry":{"type":"Point","coordinates":[-79.279882,43.710299]},"properties":{"line":"16","mode":"bus","color":"#0059a9","colorDark":"#00294f","band":4,"off":[0,1.1]}},{"type":"Feature","geometry":{"type":"Point","coordinates":[-79.279882,43.710299]},"properties":{"line":"17","mode":"bus","color":"#0059a9","colorDark":"#00294f","band":4,"off":[3.4,1.1]}},{"type":"Feature","geometry":{"type":"Point","coordinates":[-79.279882,43.710299]},"properties":{"line":"69","mode":"bus","color":"#0059a9","colorDark":"#00294f","band":4,"off":[6.8,1.1]}},{"type":"Feature","geometry":{"type":"Point","coordinates":[-79.279882,43.710299]},"properties":{"line":"117","mode":"bus","color":"#0059a9","colorDark":"#00294f","band":4,"off":[-1.7,3.1]}},{"type":"Feature","geometry":{"type":"Point","coordinates":[-79.279882,43.710299]},"properties":{"line":"135","mode":"bus","color":"#0059a9","colorDark":"#00294f","band":4,"off":[1.7,3.1]}},{"type":"Feature","geometry":{"type":"Point","coordinates":[-79.354885,43.664918]},"properties":{"name":"Gerrard St East at St Matthews Rd","band":4,"modes":"bus","arr":["8","62"],"off":[0,-0.8]}},{"type":"Feature","geometry":{"type":"Point","coordinates":[-79.354885,43.664918]},"properties":{"line":"8","mode":"bus","color":"#0059a9","colorDark":"#00294f","band":4,"off":[-1.7,1.1]}},{"type":"Feature","geometry":{"type":"Point","coordinates":[-79.354885,43.664918]},"properties":{"line":"62","mode":"bus","color":"#0059a9","colorDark":"#00294f","band":4,"off":[1.7,1.1]}},{"type":"Feature","geometry":{"type":"Point","coordinates":[-79.358448,43.677479]},"properties":{"name":"Erindale Ave at Broadview Ave East Side","band":4,"modes":"bus","arr":["322"],"off":[0,-0.8]}},{"type":"Feature","geometry":{"type":"Point","coordinates":[-79.358448,43.677479]},"properties":{"name":"Broadview Ave at Erindale Ave","band":4,"modes":"bus","arr":["322"],"off":[0,-4.1]}},{"type":"Feature","geometry":{"type":"Point","coordinates":[-79.358448,43.677479]},"properties":{"line":"322","mode":"bus","color":"#0059a9","colorDark":"#00294f","band":4,"off":[0,1.1]}},{"type":"Feature","geometry":{"type":"Point","coordinates":[-79.257944,43.774226]},"properties":{"name":"Scarborough Centre Station at Bus Bay 9","band":4,"modes":"bus","arr":["9","16","130","132","169","406"],"off":[0,-0.8]}},{"type":"Feature","geometry":{"type":"Point","coordinates":[-79.257944,43.774226]},"properties":{"name":"Scarborough Centre Station at Bus Bay 12","band":4,"modes":"bus","arr":["9","16","130","132","169","406"],"off":[0,-4.1]}},{"type":"Feature","geometry":{"type":"Point","coordinates":[-79.257944,43.774226]},"properties":{"name":"Scarborough Centre Station at Bus Bay 10","band":4,"modes":"bus","arr":["9","16","130","132","169","406"],"off":[0,-7.4]}},{"type":"Feature","geometry":{"type":"Point","coordinates":[-79.257944,43.774226]},"properties":{"line":"9","mode":"bus","color":"#0059a9","colorDark":"#00294f","band":4,"off":[-6.8,1.1]}},{"type":"Feature","geometry":{"type":"Point","coordinates":[-79.257944,43.774226]},"properties":{"line":"16","mode":"bus","color":"#0059a9","colorDark":"#00294f","band":4,"off":[-3.4,1.1]}},{"type":"Feature","geometry":{"type":"Point","coordinates":[-79.257944,43.774226]},"properties":{"line":"130","mode":"bus","color":"#0059a9","colorDark":"#00294f","band":4,"off":[0,1.1]}},{"type":"Feature","geometry":{"type":"Point","coordinates":[-79.257944,43.774226]},"properties":{"line":"132","mode":"bus","color":"#0059a9","colorDark":"#00294f","band":4,"off":[3.4,1.1]}},{"type":"Feature","geometry":{"type":"Point","coordinates":[-79.257944,43.774226]},"properties":{"line":"169","mode":"bus","color":"#0059a9","colorDark":"#00294f","band":4,"off":[6.8,1.1]}},{"type":"Feature","geometry":{"type":"Point","coordinates":[-79.257944,43.774226]},"properties":{"line":"406","mode":"bus","color":"#0059a9","colorDark":"#00294f","band":4,"off":[0,3.1]}},{"type":"Feature","geometry":{"type":"Point","coordinates":[-79.346766,43.775777]},"properties":{"name":"Don Mills Station at Bus Bay 14","band":4,"modes":"bus","arr":["10","85","169"],"off":[0,-0.8]}},{"type":"Feature","geometry":{"type":"Point","coordinates":[-79.346766,43.775777]},"properties":{"name":"Don Mills Station at Bus Bay 13","band":4,"modes":"bus","arr":["10","85","169"],"off":[0,-3]}},{"type":"Feature","geometry":{"type":"Point","coordinates":[-79.346766,43.775777]},"properties":{"name":"Don Mills Station at Bus Bay 11","band":4,"modes":"bus","arr":["10","85","169"],"off":[0,-5.2]}},{"type":"Feature","geometry":{"type":"Point","coordinates":[-79.346766,43.775777]},"properties":{"line":"10","mode":"bus","color":"#0059a9","colorDark":"#00294f","band":4,"off":[-3.4,1.1]}},{"type":"Feature","geometry":{"type":"Point","coordinates":[-79.346766,43.775777]},"properties":{"line":"85","mode":"bus","color":"#0059a9","colorDark":"#00294f","band":4,"off":[0,1.1]}},{"type":"Feature","geometry":{"type":"Point","coordinates":[-79.346766,43.775777]},"properties":{"line":"169","mode":"bus","color":"#0059a9","colorDark":"#00294f","band":4,"off":[3.4,1.1]}},{"type":"Feature","geometry":{"type":"Point","coordinates":[-79.33489,43.787721]},"properties":{"name":"Brian Ave at Van Horne Ave","band":4,"modes":"bus","arr":["10"],"off":[0,-0.8]}},{"type":"Feature","geometry":{"type":"Point","coordinates":[-79.33489,43.787721]},"properties":{"line":"10","mode":"bus","color":"#0059a9","colorDark":"#00294f","band":4,"off":[0,1.1]}},{"type":"Feature","geometry":{"type":"Point","coordinates":[-79.3974,43.80342]},"properties":{"name":"Steeles Ave East Loop at Bayview Ave","band":4,"modes":"bus","arr":["11"],"off":[0,-0.8]}},{"type":"Feature","geometry":{"type":"Point","coordinates":[-79.3974,43.80342]},"properties":{"line":"11","mode":"bus","color":"#0059a9","colorDark":"#00294f","band":4,"off":[0,1.1]}},{"type":"Feature","geometry":{"type":"Point","coordinates":[-79.375935,43.722588]},"properties":{"name":"Raab Blvd at Hospital Rd West Side (K & L Wings)","band":4,"modes":"bus","arr":["124"],"off":[0,-0.8]}},{"type":"Feature","geometry":{"type":"Point","coordinates":[-79.375935,43.722588]},"properties":{"line":"124","mode":"bus","color":"#0059a9","colorDark":"#00294f","band":4,"off":[0,1.1]}},{"type":"Feature","geometry":{"type":"Point","coordinates":[-79.396942,43.697715]},"properties":{"name":"Davisville Station at Bus Bay 5","band":4,"modes":"bus","arr":["11","14","28"],"off":[0,-0.8]}},{"type":"Feature","geometry":{"type":"Point","coordinates":[-79.396942,43.697715]},"properties":{"name":"Davisville Station at Bus Bay 3","band":4,"modes":"bus","arr":["11","14","28"],"off":[0,-3]}},{"type":"Feature","geometry":{"type":"Point","coordinates":[-79.396942,43.697715]},"properties":{"line":"11","mode":"bus","color":"#0059a9","colorDark":"#00294f","band":4,"off":[-3.4,1.1]}},{"type":"Feature","geometry":{"type":"Point","coordinates":[-79.396942,43.697715]},"properties":{"line":"14","mode":"bus","color":"#0059a9","colorDark":"#00294f","band":4,"off":[0,1.1]}},{"type":"Feature","geometry":{"type":"Point","coordinates":[-79.396942,43.697715]},"properties":{"line":"28","mode":"bus","color":"#0059a9","colorDark":"#00294f","band":4,"off":[3.4,1.1]}},{"type":"Feature","geometry":{"type":"Point","coordinates":[-79.376893,43.721864]},"properties":{"name":"Hospital Rd at Wellness Way East Side - Sunnybrook Main Entr","band":4,"modes":"bus","arr":["352"],"off":[0,-0.8]}},{"type":"Feature","geometry":{"type":"Point","coordinates":[-79.376893,43.721864]},"properties":{"line":"352","mode":"bus","color":"#0059a9","colorDark":"#00294f","band":4,"off":[0,1.1]}},{"type":"Feature","geometry":{"type":"Point","coordinates":[-79.288966,43.694344]},"properties":{"name":"Victoria Park Station at Bus Bay 6","band":4,"modes":"bus","arr":["12","24","924"],"off":[0,-0.8]}},{"type":"Feature","geometry":{"type":"Point","coordinates":[-79.288966,43.694344]},"properties":{"name":"Victoria Park Station at Bus Bay 4","band":4,"modes":"bus","arr":["12","24","924"],"off":[0,-3]}},{"type":"Feature","geometry":{"type":"Point","coordinates":[-79.288966,43.694344]},"properties":{"line":"12","mode":"bus","color":"#0059a9","colorDark":"#00294f","band":4,"off":[-3.4,1.1]}},{"type":"Feature","geometry":{"type":"Point","coordinates":[-79.288966,43.694344]},"properties":{"line":"24","mode":"bus","color":"#0059a9","colorDark":"#00294f","band":4,"off":[0,1.1]}},{"type":"Feature","geometry":{"type":"Point","coordinates":[-79.288966,43.694344]},"properties":{"line":"924","mode":"bus","color":"#0059a9","colorDark":"#00294f","band":4,"off":[3.4,1.1]}},{"type":"Feature","geometry":{"type":"Point","coordinates":[-79.193305,43.788937]},"properties":{"name":"Military Trail at Morningside Ave","band":4,"modes":"bus","arr":["12"],"off":[0,-0.8]}},{"type":"Feature","geometry":{"type":"Point","coordinates":[-79.193305,43.788937]},"properties":{"line":"12","mode":"bus","color":"#0059a9","colorDark":"#00294f","band":4,"off":[0,1.1]}},{"type":"Feature","geometry":{"type":"Point","coordinates":[-79.284872,43.681494]},"properties":{"name":"Bingham Loop","band":4,"modes":"bus,tram","arr":["316","322","324","503"],"off":[0,-0.8]}},{"type":"Feature","geometry":{"type":"Point","coordinates":[-79.284872,43.681494]},"properties":{"line":"316","mode":"bus","color":"#0059a9","colorDark":"#00294f","band":4,"off":[-5.1,1.1]}},{"type":"Feature","geometry":{"type":"Point","coordinates":[-79.284872,43.681494]},"properties":{"line":"322","mode":"bus","color":"#0059a9","colorDark":"#00294f","band":4,"off":[-1.7,1.1]}},{"type":"Feature","geometry":{"type":"Point","coordinates":[-79.284872,43.681494]},"properties":{"line":"324","mode":"bus","color":"#0059a9","colorDark":"#00294f","band":4,"off":[1.7,1.1]}},{"type":"Feature","geometry":{"type":"Point","coordinates":[-79.284872,43.681494]},"properties":{"line":"503","mode":"tram","color":"#d6212b","colorDark":"#7c1116","band":4,"off":[5.1,1.1]}},{"type":"Feature","geometry":{"type":"Point","coordinates":[-79.398598,43.704837]},"properties":{"name":"Eglinton Station at Bus Bay 4","band":4,"modes":"bus","arr":["13","61"],"off":[0,-0.8]}},{"type":"Feature","geometry":{"type":"Point","coordinates":[-79.398598,43.704837]},"properties":{"name":"Eglinton Station at Bus Bay 3","band":4,"modes":"bus","arr":["13","61"],"off":[0,-3]}},{"type":"Feature","geometry":{"type":"Point","coordinates":[-79.398598,43.704837]},"properties":{"line":"13","mode":"bus","color":"#0059a9","colorDark":"#00294f","band":4,"off":[-1.7,1.1]}},{"type":"Feature","geometry":{"type":"Point","coordinates":[-79.398598,43.704837]},"properties":{"line":"61","mode":"bus","color":"#0059a9","colorDark":"#00294f","band":4,"off":[1.7,1.1]}},{"type":"Feature","geometry":{"type":"Point","coordinates":[-79.390227,43.661064]},"properties":{"name":"Queen's Park Cres East at College St North Side","band":4,"modes":"bus","arr":["13"],"off":[0,-0.8]}},{"type":"Feature","geometry":{"type":"Point","coordinates":[-79.390227,43.661064]},"properties":{"line":"13","mode":"bus","color":"#0059a9","colorDark":"#00294f","band":4,"off":[0,1.1]}},{"type":"Feature","geometry":{"type":"Point","coordinates":[-79.464365,43.704743]},"properties":{"name":"Glencairn Ave at Caledonia Rd East Side","band":4,"modes":"bus","arr":["14"],"off":[0,-0.8]}},{"type":"Feature","geometry":{"type":"Point","coordinates":[-79.464365,43.704743]},"properties":{"line":"14","mode":"bus","color":"#0059a9","colorDark":"#00294f","band":4,"off":[0,1.1]}},{"type":"Feature","geometry":{"type":"Point","coordinates":[-79.558018,43.609988]},"properties":{"name":"Sherway Gardens Rd at Sherway Gate Mall)","band":4,"modes":"bus","arr":["15","80"],"off":[0,-0.8]}},{"type":"Feature","geometry":{"type":"Point","coordinates":[-79.558018,43.609988]},"properties":{"name":"Sherway Gardens Rd at Sherway Gate (Mall) West Side","band":4,"modes":"bus","arr":["15","80"],"off":[0,-4.1]}},{"type":"Feature","geometry":{"type":"Point","coordinates":[-79.558018,43.609988]},"properties":{"line":"15","mode":"bus","color":"#0059a9","colorDark":"#00294f","band":4,"off":[-1.7,1.1]}},{"type":"Feature","geometry":{"type":"Point","coordinates":[-79.558018,43.609988]},"properties":{"line":"80","mode":"bus","color":"#0059a9","colorDark":"#00294f","band":4,"off":[1.7,1.1]}},{"type":"Feature","geometry":{"type":"Point","coordinates":[-79.511256,43.647157]},"properties":{"name":"Royal York Rd at Bloor St West","band":4,"modes":"bus","arr":["315"],"off":[0,-0.8]}},{"type":"Feature","geometry":{"type":"Point","coordinates":[-79.511256,43.647157]},"properties":{"line":"315","mode":"bus","color":"#0059a9","colorDark":"#00294f","band":4,"off":[0,1.1]}},{"type":"Feature","geometry":{"type":"Point","coordinates":[-79.511271,43.648052]},"properties":{"name":"Royal York Station at Bus Bay 3","band":4,"modes":"bus","arr":["15","76","315"],"off":[0,-0.8]}},{"type":"Feature","geometry":{"type":"Point","coordinates":[-79.511271,43.648052]},"properties":{"line":"15","mode":"bus","color":"#0059a9","colorDark":"#00294f","band":4,"off":[-3.4,1.1]}},{"type":"Feature","geometry":{"type":"Point","coordinates":[-79.511271,43.648052]},"properties":{"line":"76","mode":"bus","color":"#0059a9","colorDark":"#00294f","band":4,"off":[0,1.1]}},{"type":"Feature","geometry":{"type":"Point","coordinates":[-79.511271,43.648052]},"properties":{"line":"315","mode":"bus","color":"#0059a9","colorDark":"#00294f","band":4,"off":[3.4,1.1]}},{"type":"Feature","geometry":{"type":"Point","coordinates":[-79.325039,43.821002]},"properties":{"name":"Warden Loop at Steeles Ave East","band":4,"modes":"bus","arr":["17","324"],"off":[0,-0.8]}},{"type":"Feature","geometry":{"type":"Point","coordinates":[-79.325039,43.821002]},"properties":{"line":"17","mode":"bus","color":"#0059a9","colorDark":"#00294f","band":4,"off":[-1.7,1.1]}},{"type":"Feature","geometry":{"type":"Point","coordinates":[-79.325039,43.821002]},"properties":{"line":"324","mode":"bus","color":"#0059a9","colorDark":"#00294f","band":4,"off":[1.7,1.1]}},{"type":"Feature","geometry":{"type":"Point","coordinates":[-79.448692,43.725904]},"properties":{"name":"Yorkdale Rd at GO Terminal - Yorkdale Station","band":4,"modes":"bus","arr":["18"],"off":[0,-0.8]}},{"type":"Feature","geometry":{"type":"Point","coordinates":[-79.448692,43.725904]},"properties":{"line":"18","mode":"bus","color":"#0059a9","colorDark":"#00294f","band":4,"off":[0,1.1]}},{"type":"Feature","geometry":{"type":"Point","coordinates":[-79.46541,43.69212]},"properties":{"name":"Caledonia Station at Bus Bay 3","band":4,"modes":"bus","arr":["18","47"],"off":[0,-0.8]}},{"type":"Feature","geometry":{"type":"Point","coordinates":[-79.46541,43.69212]},"properties":{"name":"Caledonia Station at Bus Bay 1","band":4,"modes":"bus","arr":["18","47"],"off":[0,-3]}},{"type":"Feature","geometry":{"type":"Point","coordinates":[-79.46541,43.69212]},"properties":{"line":"18","mode":"bus","color":"#0059a9","colorDark":"#00294f","band":4,"off":[-1.7,1.1]}},{"type":"Feature","geometry":{"type":"Point","coordinates":[-79.46541,43.69212]},"properties":{"line":"47","mode":"bus","color":"#0059a9","colorDark":"#00294f","band":4,"off":[1.7,1.1]}},{"type":"Feature","geometry":{"type":"Point","coordinates":[-79.402017,43.675451]},"properties":{"name":"Davenport Rd at Dupont St","band":4,"modes":"bus","arr":["19"],"off":[0,-0.8]}},{"type":"Feature","geometry":{"type":"Point","coordinates":[-79.402017,43.675451]},"properties":{"line":"19","mode":"bus","color":"#0059a9","colorDark":"#00294f","band":4,"off":[0,1.1]}},{"type":"Feature","geometry":{"type":"Point","coordinates":[-79.378809,43.646121]},"properties":{"name":"Front St West at Bay St","band":4,"modes":"bus","arr":["19"],"off":[0,-0.8]}},{"type":"Feature","geometry":{"type":"Point","coordinates":[-79.378809,43.646121]},"properties":{"line":"19","mode":"bus","color":"#0059a9","colorDark":"#00294f","band":4,"off":[0,1.1]}},{"type":"Feature","geometry":{"type":"Point","coordinates":[-79.301669,43.689359]},"properties":{"name":"Main Street Station at Bus Bay 4","band":4,"modes":"bus","arr":["20","23","62","113","135"],"off":[0,-0.8]}},{"type":"Feature","geometry":{"type":"Point","coordinates":[-79.301669,43.689359]},"properties":{"name":"Main Street Station at Bus Bay 2","band":4,"modes":"bus","arr":["20","23","62","113","135"],"off":[0,-3]}},{"type":"Feature","geometry":{"type":"Point","coordinates":[-79.301669,43.689359]},"properties":{"name":"Main Street Station at Bus Bay 1","band":4,"modes":"bus","arr":["20","23","62","113","135"],"off":[0,-5.2]}},{"type":"Feature","geometry":{"type":"Point","coordinates":[-79.301669,43.689359]},"properties":{"line":"20","mode":"bus","color":"#0059a9","colorDark":"#00294f","band":4,"off":[-6.8,1.1]}},{"type":"Feature","geometry":{"type":"Point","coordinates":[-79.301669,43.689359]},"properties":{"line":"23","mode":"bus","color":"#0059a9","colorDark":"#00294f","band":4,"off":[-3.4,1.1]}},{"type":"Feature","geometry":{"type":"Point","coordinates":[-79.301669,43.689359]},"properties":{"line":"62","mode":"bus","color":"#0059a9","colorDark":"#00294f","band":4,"off":[0,1.1]}},{"type":"Feature","geometry":{"type":"Point","coordinates":[-79.301669,43.689359]},"properties":{"line":"113","mode":"bus","color":"#0059a9","colorDark":"#00294f","band":4,"off":[3.4,1.1]}},{"type":"Feature","geometry":{"type":"Point","coordinates":[-79.301669,43.689359]},"properties":{"line":"135","mode":"bus","color":"#0059a9","colorDark":"#00294f","band":4,"off":[6.8,1.1]}},{"type":"Feature","geometry":{"type":"Point","coordinates":[-79.263452,43.731908]},"properties":{"name":"Kennedy Station at Bus Bay 14 (Platform B)","band":4,"modes":"bus","arr":["20","21","38","57","113","131","133","386"],"off":[0,-0.8]}},{"type":"Feature","geometry":{"type":"Point","coordinates":[-79.263452,43.731908]},"properties":{"name":"Kennedy Station at Bus Bay 13 (Platform B)","band":4,"modes":"bus","arr":["20","21","38","57","113","131","133","386"],"off":[0,-4.1]}},{"type":"Feature","geometry":{"type":"Point","coordinates":[-79.263452,43.731908]},"properties":{"name":"Kennedy Station at Bus Bay 12 (Platform B)","band":4,"modes":"bus","arr":["20","21","38","57","113","131","133","386"],"off":[0,-7.4]}},{"type":"Feature","geometry":{"type":"Point","coordinates":[-79.263452,43.731908]},"properties":{"line":"20","mode":"bus","color":"#0059a9","colorDark":"#00294f","band":4,"off":[-6.8,1.1]}},{"type":"Feature","geometry":{"type":"Point","coordinates":[-79.263452,43.731908]},"properties":{"line":"21","mode":"bus","color":"#0059a9","colorDark":"#00294f","band":4,"off":[-3.4,1.1]}},{"type":"Feature","geometry":{"type":"Point","coordinates":[-79.263452,43.731908]},"properties":{"line":"38","mode":"bus","color":"#0059a9","colorDark":"#00294f","band":4,"off":[0,1.1]}},{"type":"Feature","geometry":{"type":"Point","coordinates":[-79.263452,43.731908]},"properties":{"line":"57","mode":"bus","color":"#0059a9","colorDark":"#00294f","band":4,"off":[3.4,1.1]}},{"type":"Feature","geometry":{"type":"Point","coordinates":[-79.263452,43.731908]},"properties":{"line":"113","mode":"bus","color":"#0059a9","colorDark":"#00294f","band":4,"off":[6.8,1.1]}},{"type":"Feature","geometry":{"type":"Point","coordinates":[-79.263452,43.731908]},"properties":{"line":"131","mode":"bus","color":"#0059a9","colorDark":"#00294f","band":4,"off":[-3.4,3.1]}},{"type":"Feature","geometry":{"type":"Point","coordinates":[-79.263452,43.731908]},"properties":{"line":"133","mode":"bus","color":"#0059a9","colorDark":"#00294f","band":4,"off":[0,3.1]}},{"type":"Feature","geometry":{"type":"Point","coordinates":[-79.263452,43.731908]},"properties":{"line":"386","mode":"bus","color":"#0059a9","colorDark":"#00294f","band":4,"off":[3.4,3.1]}},{"type":"Feature","geometry":{"type":"Point","coordinates":[-79.274999,43.694096]},"properties":{"name":"3450 Danforth Ave","band":4,"modes":"bus","arr":["300"],"off":[0,-0.8]}},{"type":"Feature","geometry":{"type":"Point","coordinates":[-79.274999,43.694096]},"properties":{"line":"300","mode":"bus","color":"#0059a9","colorDark":"#00294f","band":4,"off":[0,1.1]}},{"type":"Feature","geometry":{"type":"Point","coordinates":[-79.287205,43.828447]},"properties":{"name":"Brimley Rd at Steeles Ave East","band":4,"modes":"bus","arr":["21"],"off":[0,-0.8]}},{"type":"Feature","geometry":{"type":"Point","coordinates":[-79.287205,43.828447]},"properties":{"line":"21","mode":"bus","color":"#0059a9","colorDark":"#00294f","band":4,"off":[0,1.1]}},{"type":"Feature","geometry":{"type":"Point","coordinates":[-79.287188,43.828819]},"properties":{"name":"Brimley Rd at Steeles Ave East North Side","band":4,"modes":"bus","arr":["21"],"off":[0,-0.8]}},{"type":"Feature","geometry":{"type":"Point","coordinates":[-79.287188,43.828819]},"properties":{"line":"21","mode":"bus","color":"#0059a9","colorDark":"#00294f","band":4,"off":[0,1.1]}},{"type":"Feature","geometry":{"type":"Point","coordinates":[-79.323042,43.684188]},"properties":{"name":"Coxwell Station at Bus Bay 4","band":4,"modes":"bus","arr":["22","70","404"],"off":[0,-0.8]}},{"type":"Feature","geometry":{"type":"Point","coordinates":[-79.323042,43.684188]},"properties":{"name":"Coxwell Station at Bus Bay 1","band":4,"modes":"bus","arr":["22","70","404"],"off":[0,-3]}},{"type":"Feature","geometry":{"type":"Point","coordinates":[-79.323042,43.684188]},"properties":{"name":"Coxwell Station","band":4,"modes":"bus","arr":["22","70","404"],"off":[0,-5.2]}},{"type":"Feature","geometry":{"type":"Point","coordinates":[-79.323042,43.684188]},"properties":{"line":"22","mode":"bus","color":"#0059a9","colorDark":"#00294f","band":4,"off":[-3.4,1.1]}},{"type":"Feature","geometry":{"type":"Point","coordinates":[-79.323042,43.684188]},"properties":{"line":"70","mode":"bus","color":"#0059a9","colorDark":"#00294f","band":4,"off":[0,1.1]}},{"type":"Feature","geometry":{"type":"Point","coordinates":[-79.323042,43.684188]},"properties":{"line":"404","mode":"bus","color":"#0059a9","colorDark":"#00294f","band":4,"off":[3.4,1.1]}},{"type":"Feature","geometry":{"type":"Point","coordinates":[-79.312629,43.666895]},"properties":{"name":"Eastern Ave at Queen St East South Side","band":4,"modes":"bus","arr":["22","31"],"off":[0,-0.8]}},{"type":"Feature","geometry":{"type":"Point","coordinates":[-79.312629,43.666895]},"properties":{"name":"Eastern Ave at Queen St East","band":4,"modes":"bus","arr":["22","31"],"off":[0,-4.1]}},{"type":"Feature","geometry":{"type":"Point","coordinates":[-79.312629,43.666895]},"properties":{"line":"22","mode":"bus","color":"#0059a9","colorDark":"#00294f","band":4,"off":[-1.7,1.1]}},{"type":"Feature","geometry":{"type":"Point","coordinates":[-79.312629,43.666895]},"properties":{"line":"31","mode":"bus","color":"#0059a9","colorDark":"#00294f","band":4,"off":[1.7,1.1]}},{"type":"Feature","geometry":{"type":"Point","coordinates":[-79.305585,43.704588]},"properties":{"name":"195 Rexleigh Dr","band":4,"modes":"bus","arr":["23"],"off":[0,-0.8]}},{"type":"Feature","geometry":{"type":"Point","coordinates":[-79.305585,43.704588]},"properties":{"line":"23","mode":"bus","color":"#0059a9","colorDark":"#00294f","band":4,"off":[0,1.1]}},{"type":"Feature","geometry":{"type":"Point","coordinates":[-79.341511,43.816634]},"properties":{"name":"Victoria Park Ave Loop at Steeles Ave East","band":4,"modes":"bus","arr":["24","924"],"off":[0,-0.8]}},{"type":"Feature","geometry":{"type":"Point","coordinates":[-79.341511,43.816634]},"properties":{"line":"24","mode":"bus","color":"#0059a9","colorDark":"#00294f","band":4,"off":[-1.7,1.1]}},{"type":"Feature","geometry":{"type":"Point","coordinates":[-79.341511,43.816634]},"properties":{"line":"924","mode":"bus","color":"#0059a9","colorDark":"#00294f","band":4,"off":[1.7,1.1]}},{"type":"Feature","geometry":{"type":"Point","coordinates":[-79.358612,43.809172]},"properties":{"name":"Freshmeadow Dr at Don Mills Rd","band":4,"modes":"bus","arr":["25","151","325","925"],"off":[0,-0.8]}},{"type":"Feature","geometry":{"type":"Point","coordinates":[-79.358612,43.809172]},"properties":{"line":"25","mode":"bus","color":"#0059a9","colorDark":"#00294f","band":4,"off":[-5.1,1.1]}},{"type":"Feature","geometry":{"type":"Point","coordinates":[-79.358612,43.809172]},"properties":{"line":"151","mode":"bus","color":"#0059a9","colorDark":"#00294f","band":4,"off":[-1.7,1.1]}},{"type":"Feature","geometry":{"type":"Point","coordinates":[-79.358612,43.809172]},"properties":{"line":"325","mode":"bus","color":"#0059a9","colorDark":"#00294f","band":4,"off":[1.7,1.1]}},{"type":"Feature","geometry":{"type":"Point","coordinates":[-79.358612,43.809172]},"properties":{"line":"925","mode":"bus","color":"#0059a9","colorDark":"#00294f","band":4,"off":[5.1,1.1]}},{"type":"Feature","geometry":{"type":"Point","coordinates":[-79.358333,43.676819]},"properties":{"name":"Broadview Station at Bus Bay 5","band":4,"modes":"bus","arr":["25","87","100"],"off":[0,-0.8]}},{"type":"Feature","geometry":{"type":"Point","coordinates":[-79.358333,43.676819]},"properties":{"name":"Broadview Station at Bus Bay 4","band":4,"modes":"bus","arr":["25","87","100"],"off":[0,-3]}},{"type":"Feature","geometry":{"type":"Point","coordinates":[-79.358333,43.676819]},"properties":{"name":"Broadview Station at Bus Bay 2","band":4,"modes":"bus","arr":["25","87","100"],"off":[0,-5.2]}},{"type":"Feature","geometry":{"type":"Point","coordinates":[-79.358333,43.676819]},"properties":{"line":"25","mode":"bus","color":"#0059a9","colorDark":"#00294f","band":4,"off":[-3.4,1.1]}},{"type":"Feature","geometry":{"type":"Point","coordinates":[-79.358333,43.676819]},"properties":{"line":"87","mode":"bus","color":"#0059a9","colorDark":"#00294f","band":4,"off":[0,1.1]}},{"type":"Feature","geometry":{"type":"Point","coordinates":[-79.358333,43.676819]},"properties":{"line":"100","mode":"bus","color":"#0059a9","colorDark":"#00294f","band":4,"off":[3.4,1.1]}},{"type":"Feature","geometry":{"type":"Point","coordinates":[-79.483944,43.650016]},"properties":{"name":"Jane Station at Bus Bay 4","band":4,"modes":"bus","arr":["26","55","149","935"],"off":[0,-0.8]}},{"type":"Feature","geometry":{"type":"Point","coordinates":[-79.483944,43.650016]},"properties":{"name":"Jane Station at Bus Bay 3","band":4,"modes":"bus","arr":["26","55","149","935"],"off":[0,-3]}},{"type":"Feature","geometry":{"type":"Point","coordinates":[-79.483944,43.650016]},"properties":{"name":"Jane Station at Bus Bay 2","band":4,"modes":"bus","arr":["26","55","149","935"],"off":[0,-5.2]}},{"type":"Feature","geometry":{"type":"Point","coordinates":[-79.483944,43.650016]},"properties":{"line":"26","mode":"bus","color":"#0059a9","colorDark":"#00294f","band":4,"off":[-5.1,1.1]}},{"type":"Feature","geometry":{"type":"Point","coordinates":[-79.483944,43.650016]},"properties":{"line":"55","mode":"bus","color":"#0059a9","colorDark":"#00294f","band":4,"off":[-1.7,1.1]}},{"type":"Feature","geometry":{"type":"Point","coordinates":[-79.483944,43.650016]},"properties":{"line":"149","mode":"bus","color":"#0059a9","colorDark":"#00294f","band":4,"off":[1.7,1.1]}},{"type":"Feature","geometry":{"type":"Point","coordinates":[-79.483944,43.650016]},"properties":{"line":"935","mode":"bus","color":"#0059a9","colorDark":"#00294f","band":4,"off":[5.1,1.1]}},{"type":"Feature","geometry":{"type":"Point","coordinates":[-79.398075,43.668682]},"properties":{"name":"St George Station at Bus Bay 2","band":4,"modes":"bus","arr":["26"],"off":[0,-0.8]}},{"type":"Feature","geometry":{"type":"Point","coordinates":[-79.398075,43.668682]},"properties":{"line":"26","mode":"bus","color":"#0059a9","colorDark":"#00294f","band":4,"off":[0,1.1]}},{"type":"Feature","geometry":{"type":"Point","coordinates":[-79.487373,43.688459]},"properties":{"name":"Mount Dennis Station at Bus Bay 2","band":4,"modes":"bus","arr":["27"],"off":[0,-0.8]}},{"type":"Feature","geometry":{"type":"Point","coordinates":[-79.487373,43.688459]},"properties":{"line":"27","mode":"bus","color":"#0059a9","colorDark":"#00294f","band":4,"off":[0,1.1]}},{"type":"Feature","geometry":{"type":"Point","coordinates":[-79.483257,43.650137]},"properties":{"name":"Jane Station at Bus Bay 5","band":4,"modes":"bus","arr":["27","335"],"off":[0,-0.8]}},{"type":"Feature","geometry":{"type":"Point","coordinates":[-79.483257,43.650137]},"properties":{"line":"27","mode":"bus","color":"#0059a9","colorDark":"#00294f","band":4,"off":[-1.7,1.1]}},{"type":"Feature","geometry":{"type":"Point","coordinates":[-79.483257,43.650137]},"properties":{"line":"335","mode":"bus","color":"#0059a9","colorDark":"#00294f","band":4,"off":[1.7,1.1]}},{"type":"Feature","geometry":{"type":"Point","coordinates":[-79.364811,43.683799]},"properties":{"name":"550 Bayview Ave - Evergreen Brick Works","band":4,"modes":"bus","arr":["28"],"off":[0,-0.8]}},{"type":"Feature","geometry":{"type":"Point","coordinates":[-79.364811,43.683799]},"properties":{"line":"28","mode":"bus","color":"#0059a9","colorDark":"#00294f","band":4,"off":[0,1.1]}},{"type":"Feature","geometry":{"type":"Point","coordinates":[-79.45082,43.734519]},"properties":{"name":"Wilson Station at Lower Bus Bay 2","band":4,"modes":"bus","arr":["29","101","104","929"],"off":[0,-0.8]}},{"type":"Feature","geometry":{"type":"Point","coordinates":[-79.45082,43.734519]},"properties":{"name":"Wilson Station at Bus Bay 7","band":4,"modes":"bus","arr":["29","101","104","929"],"off":[0,-3]}},{"type":"Feature","geometry":{"type":"Point","coordinates":[-79.45082,43.734519]},"properties":{"name":"Wilson Station at Bus Bay 1A","band":4,"modes":"bus","arr":["29","101","104","929"],"off":[0,-5.2]}},{"type":"Feature","geometry":{"type":"Point","coordinates":[-79.45082,43.734519]},"properties":{"line":"29","mode":"bus","color":"#0059a9","colorDark":"#00294f","band":4,"off":[-5.1,1.1]}},{"type":"Feature","geometry":{"type":"Point","coordinates":[-79.45082,43.734519]},"properties":{"line":"101","mode":"bus","color":"#0059a9","colorDark":"#00294f","band":4,"off":[-1.7,1.1]}},{"type":"Feature","geometry":{"type":"Point","coordinates":[-79.45082,43.734519]},"properties":{"line":"104","mode":"bus","color":"#0059a9","colorDark":"#00294f","band":4,"off":[1.7,1.1]}},{"type":"Feature","geometry":{"type":"Point","coordinates":[-79.45082,43.734519]},"properties":{"line":"929","mode":"bus","color":"#0059a9","colorDark":"#00294f","band":4,"off":[5.1,1.1]}},{"type":"Feature","geometry":{"type":"Point","coordinates":[-79.425888,43.63444]},"properties":{"name":"Dufferin Gate Loop","band":4,"modes":"bus","arr":["29","929"],"off":[0,-0.8]}},{"type":"Feature","geometry":{"type":"Point","coordinates":[-79.425888,43.63444]},"properties":{"line":"29","mode":"bus","color":"#0059a9","colorDark":"#00294f","band":4,"off":[-1.7,1.1]}},{"type":"Feature","geometry":{"type":"Point","coordinates":[-79.425888,43.63444]},"properties":{"line":"929","mode":"bus","color":"#0059a9","colorDark":"#00294f","band":4,"off":[1.7,1.1]}},{"type":"Feature","geometry":{"type":"Point","coordinates":[-79.482397,43.665817]},"properties":{"name":"Runnymede Loop at Dundas St West","band":4,"modes":"bus","arr":["30"],"off":[0,-0.8]}},{"type":"Feature","geometry":{"type":"Point","coordinates":[-79.482397,43.665817]},"properties":{"line":"30","mode":"bus","color":"#0059a9","colorDark":"#00294f","band":4,"off":[0,1.1]}},{"type":"Feature","geometry":{"type":"Point","coordinates":[-79.465987,43.654136]},"properties":{"name":"High Park Station at High Park Ave","band":4,"modes":"bus","arr":["30","189","203"],"off":[0,-0.8]}},{"type":"Feature","geometry":{"type":"Point","coordinates":[-79.465987,43.654136]},"properties":{"name":"High Park Station at Bus Bay 2","band":4,"modes":"bus","arr":["30","189","203"],"off":[0,-3]}},{"type":"Feature","geometry":{"type":"Point","coordinates":[-79.465987,43.654136]},"properties":{"name":"High Park Station at Bus Bay 1","band":4,"modes":"bus","arr":["30","189","203"],"off":[0,-5.2]}},{"type":"Feature","geometry":{"type":"Point","coordinates":[-79.465987,43.654136]},"properties":{"line":"30","mode":"bus","color":"#0059a9","colorDark":"#00294f","band":4,"off":[-3.4,1.1]}},{"type":"Feature","geometry":{"type":"Point","coordinates":[-79.465987,43.654136]},"properties":{"line":"189","mode":"bus","color":"#0059a9","colorDark":"#00294f","band":4,"off":[0,1.1]}},{"type":"Feature","geometry":{"type":"Point","coordinates":[-79.465987,43.654136]},"properties":{"line":"203","mode":"bus","color":"#0059a9","colorDark":"#00294f","band":4,"off":[3.4,1.1]}},{"type":"Feature","geometry":{"type":"Point","coordinates":[-79.330413,43.68254]},"properties":{"name":"Greenwood Station at Bus Bay 2","band":4,"modes":"bus","arr":["31"],"off":[0,-0.8]}},{"type":"Feature","geometry":{"type":"Point","coordinates":[-79.330413,43.68254]},"properties":{"line":"31","mode":"bus","color":"#0059a9","colorDark":"#00294f","band":4,"off":[0,1.1]}},{"type":"Feature","geometry":{"type":"Point","coordinates":[-79.590582,43.663596]},"properties":{"name":"Renforth Station","band":4,"modes":"bus","arr":["32"],"off":[0,-0.8]}},{"type":"Feature","geometry":{"type":"Point","coordinates":[-79.590582,43.663596]},"properties":{"line":"32","mode":"bus","color":"#0059a9","colorDark":"#00294f","band":4,"off":[0,1.1]}},{"type":"Feature","geometry":{"type":"Point","coordinates":[-79.48727,43.688775]},"properties":{"name":"Mount Dennis Station at Bus Bay 15","band":4,"modes":"bus","arr":["32","35","334"],"off":[0,-0.8]}},{"type":"Feature","geometry":{"type":"Point","coordinates":[-79.48727,43.688775]},"properties":{"name":"Mount Dennis Station at Bus Bay 13","band":4,"modes":"bus","arr":["32","35","334"],"off":[0,-3]}},{"type":"Feature","geometry":{"type":"Point","coordinates":[-79.48727,43.688775]},"properties":{"line":"32","mode":"bus","color":"#0059a9","colorDark":"#00294f","band":4,"off":[-3.4,1.1]}},{"type":"Feature","geometry":{"type":"Point","coordinates":[-79.48727,43.688775]},"properties":{"line":"35","mode":"bus","color":"#0059a9","colorDark":"#00294f","band":4,"off":[0,1.1]}},{"type":"Feature","geometry":{"type":"Point","coordinates":[-79.48727,43.688775]},"properties":{"line":"334","mode":"bus","color":"#0059a9","colorDark":"#00294f","band":4,"off":[3.4,1.1]}},{"type":"Feature","geometry":{"type":"Point","coordinates":[-79.424575,43.701197]},"properties":{"name":"Eglinton Ave West at Bathurst St","band":4,"modes":"bus","arr":["33"],"off":[0,-0.8]}},{"type":"Feature","geometry":{"type":"Point","coordinates":[-79.424575,43.701197]},"properties":{"line":"33","mode":"bus","color":"#0059a9","colorDark":"#00294f","band":4,"off":[0,1.1]}},{"type":"Feature","geometry":{"type":"Point","coordinates":[-79.415122,43.684277]},"properties":{"name":"St Clair West Station at Bus Bay 7","band":4,"modes":"bus","arr":["33","90","126"],"off":[0,-0.8]}},{"type":"Feature","geometry":{"type":"Point","coordinates":[-79.415122,43.684277]},"properties":{"name":"St Clair West Station at Bay 6","band":4,"modes":"bus","arr":["33","90","126"],"off":[0,-3]}},{"type":"Feature","geometry":{"type":"Point","coordinates":[-79.415122,43.684277]},"properties":{"line":"33","mode":"bus","color":"#0059a9","colorDark":"#00294f","band":4,"off":[-3.4,1.1]}},{"type":"Feature","geometry":{"type":"Point","coordinates":[-79.415122,43.684277]},"properties":{"line":"90","mode":"bus","color":"#0059a9","colorDark":"#00294f","band":4,"off":[0,1.1]}},{"type":"Feature","geometry":{"type":"Point","coordinates":[-79.415122,43.684277]},"properties":{"line":"126","mode":"bus","color":"#0059a9","colorDark":"#00294f","band":4,"off":[3.4,1.1]}},{"type":"Feature","geometry":{"type":"Point","coordinates":[-79.488691,43.688793]},"properties":{"name":"Mount Dennis Station at Bus Bay 8","band":4,"modes":"bus","arr":["34","161","164","334"],"off":[0,-0.8]}},{"type":"Feature","geometry":{"type":"Point","coordinates":[-79.488691,43.688793]},"properties":{"name":"Mount Dennis Station at Bus Bay 10","band":4,"modes":"bus","arr":["34","161","164","334"],"off":[0,-3]}},{"type":"Feature","geometry":{"type":"Point","coordinates":[-79.488691,43.688793]},"properties":{"line":"34","mode":"bus","color":"#0059a9","colorDark":"#00294f","band":4,"off":[-5.1,1.1]}},{"type":"Feature","geometry":{"type":"Point","coordinates":[-79.488691,43.688793]},"properties":{"line":"161","mode":"bus","color":"#0059a9","colorDark":"#00294f","band":4,"off":[-1.7,1.1]}},{"type":"Feature","geometry":{"type":"Point","coordinates":[-79.488691,43.688793]},"properties":{"line":"164","mode":"bus","color":"#0059a9","colorDark":"#00294f","band":4,"off":[1.7,1.1]}},{"type":"Feature","geometry":{"type":"Point","coordinates":[-79.488691,43.688793]},"properties":{"line":"334","mode":"bus","color":"#0059a9","colorDark":"#00294f","band":4,"off":[5.1,1.1]}},{"type":"Feature","geometry":{"type":"Point","coordinates":[-79.400222,43.706208]},"properties":{"name":"Duplex Ave at Eglinton Ave West","band":4,"modes":"bus","arr":["354"],"off":[0,-0.8]}},{"type":"Feature","geometry":{"type":"Point","coordinates":[-79.400222,43.706208]},"properties":{"line":"354","mode":"bus","color":"#0059a9","colorDark":"#00294f","band":4,"off":[0,1.1]}},{"type":"Feature","geometry":{"type":"Point","coordinates":[-79.263459,43.73249]},"properties":{"name":"Kennedy Station at Bus Bay 4","band":4,"modes":"bus","arr":["34","86","116","154","201"],"off":[0,-0.8]}},{"type":"Feature","geometry":{"type":"Point","coordinates":[-79.263459,43.73249]},"properties":{"name":"Kennedy Station at Bus Bay 3","band":4,"modes":"bus","arr":["34","86","116","154","201"],"off":[0,-3]}},{"type":"Feature","geometry":{"type":"Point","coordinates":[-79.263459,43.73249]},"properties":{"name":"Kennedy Station at Bus Bay 2","band":4,"modes":"bus","arr":["34","86","116","154","201"],"off":[0,-5.2]}},{"type":"Feature","geometry":{"type":"Point","coordinates":[-79.263459,43.73249]},"properties":{"line":"34","mode":"bus","color":"#0059a9","colorDark":"#00294f","band":4,"off":[-6.8,1.1]}},{"type":"Feature","geometry":{"type":"Point","coordinates":[-79.263459,43.73249]},"properties":{"line":"86","mode":"bus","color":"#0059a9","colorDark":"#00294f","band":4,"off":[-3.4,1.1]}},{"type":"Feature","geometry":{"type":"Point","coordinates":[-79.263459,43.73249]},"properties":{"line":"116","mode":"bus","color":"#0059a9","colorDark":"#00294f","band":4,"off":[0,1.1]}},{"type":"Feature","geometry":{"type":"Point","coordinates":[-79.263459,43.73249]},"properties":{"line":"154","mode":"bus","color":"#0059a9","colorDark":"#00294f","band":4,"off":[3.4,1.1]}},{"type":"Feature","geometry":{"type":"Point","coordinates":[-79.263459,43.73249]},"properties":{"line":"201","mode":"bus","color":"#0059a9","colorDark":"#00294f","band":4,"off":[6.8,1.1]}},{"type":"Feature","geometry":{"type":"Point","coordinates":[-79.398928,43.706627]},"properties":{"name":"Eglinton Ave West at Yonge St West Side","band":4,"modes":"bus","arr":["354"],"off":[0,-0.8]}},{"type":"Feature","geometry":{"type":"Point","coordinates":[-79.398928,43.706627]},"properties":{"line":"354","mode":"bus","color":"#0059a9","colorDark":"#00294f","band":4,"off":[0,1.1]}},{"type":"Feature","geometry":{"type":"Point","coordinates":[-79.509629,43.777031]},"properties":{"name":"Pioneer Village Station Bus Bay 9","band":4,"modes":"bus","arr":["35","108","935"],"off":[0,-0.8]}},{"type":"Feature","geometry":{"type":"Point","coordinates":[-79.509629,43.777031]},"properties":{"name":"Pioneer Village Station Bus Bay 8","band":4,"modes":"bus","arr":["35","108","935"],"off":[0,-3]}},{"type":"Feature","geometry":{"type":"Point","coordinates":[-79.509629,43.777031]},"properties":{"name":"Pioneer Village Station Bus Bay 6","band":4,"modes":"bus","arr":["35","108","935"],"off":[0,-5.2]}},{"type":"Feature","geometry":{"type":"Point","coordinates":[-79.509629,43.777031]},"properties":{"line":"35","mode":"bus","color":"#0059a9","colorDark":"#00294f","band":4,"off":[-3.4,1.1]}},{"type":"Feature","geometry":{"type":"Point","coordinates":[-79.509629,43.777031]},"properties":{"line":"108","mode":"bus","color":"#0059a9","colorDark":"#00294f","band":4,"off":[0,1.1]}},{"type":"Feature","geometry":{"type":"Point","coordinates":[-79.509629,43.777031]},"properties":{"line":"935","mode":"bus","color":"#0059a9","colorDark":"#00294f","band":4,"off":[3.4,1.1]}},{"type":"Feature","geometry":{"type":"Point","coordinates":[-79.513336,43.739522]},"properties":{"name":"Jane St at Sheppard Ave West","band":4,"modes":"bus","arr":["99"],"off":[0,-0.8]}},{"type":"Feature","geometry":{"type":"Point","coordinates":[-79.513336,43.739522]},"properties":{"line":"99","mode":"bus","color":"#0059a9","colorDark":"#00294f","band":4,"off":[0,1.1]}},{"type":"Feature","geometry":{"type":"Point","coordinates":[-79.490786,43.765033]},"properties":{"name":"Finch West Station Bus Bay 4","band":4,"modes":"bus","arr":["36","939"],"off":[0,-0.8]}},{"type":"Feature","geometry":{"type":"Point","coordinates":[-79.490786,43.765033]},"properties":{"name":"Finch West Station Bus Bay 3","band":4,"modes":"bus","arr":["36","939"],"off":[0,-3]}},{"type":"Feature","geometry":{"type":"Point","coordinates":[-79.490786,43.765033]},"properties":{"line":"36","mode":"bus","color":"#0059a9","colorDark":"#00294f","band":4,"off":[-1.7,1.1]}},{"type":"Feature","geometry":{"type":"Point","coordinates":[-79.490786,43.765033]},"properties":{"line":"939","mode":"bus","color":"#0059a9","colorDark":"#00294f","band":4,"off":[1.7,1.1]}},{"type":"Feature","geometry":{"type":"Point","coordinates":[-79.41476,43.780374]},"properties":{"name":"Finch Station at Bus Bay 2","band":4,"modes":"bus","arr":["36","42","60","960"],"off":[0,-0.8]}},{"type":"Feature","geometry":{"type":"Point","coordinates":[-79.41476,43.780374]},"properties":{"name":"Finch Station at Bus Bay 13","band":4,"modes":"bus","arr":["36","42","60","960"],"off":[0,-3]}},{"type":"Feature","geometry":{"type":"Point","coordinates":[-79.41476,43.780374]},"properties":{"name":"Finch Station at Bus Bay 1","band":4,"modes":"bus","arr":["36","42","60","960"],"off":[0,-5.2]}},{"type":"Feature","geometry":{"type":"Point","coordinates":[-79.41476,43.780374]},"properties":{"line":"36","mode":"bus","color":"#0059a9","colorDark":"#00294f","band":4,"off":[-5.1,1.1]}},{"type":"Feature","geometry":{"type":"Point","coordinates":[-79.41476,43.780374]},"properties":{"line":"42","mode":"bus","color":"#0059a9","colorDark":"#00294f","band":4,"off":[-1.7,1.1]}},{"type":"Feature","geometry":{"type":"Point","coordinates":[-79.41476,43.780374]},"properties":{"line":"60","mode":"bus","color":"#0059a9","colorDark":"#00294f","band":4,"off":[1.7,1.1]}},{"type":"Feature","geometry":{"type":"Point","coordinates":[-79.41476,43.780374]},"properties":{"line":"960","mode":"bus","color":"#0059a9","colorDark":"#00294f","band":4,"off":[5.1,1.1]}},{"type":"Feature","geometry":{"type":"Point","coordinates":[-79.41615,43.779695]},"properties":{"name":"Finch Ave West at Yonge St West Side","band":4,"modes":"bus","arr":["336","339"],"off":[0,-0.8]}},{"type":"Feature","geometry":{"type":"Point","coordinates":[-79.41615,43.779695]},"properties":{"line":"336","mode":"bus","color":"#0059a9","colorDark":"#00294f","band":4,"off":[-1.7,1.1]}},{"type":"Feature","geometry":{"type":"Point","coordinates":[-79.41615,43.779695]},"properties":{"line":"339","mode":"bus","color":"#0059a9","colorDark":"#00294f","band":4,"off":[1.7,1.1]}},{"type":"Feature","geometry":{"type":"Point","coordinates":[-79.604992,43.728775]},"properties":{"name":"Humber College Bus Terminal","band":4,"modes":"bus","arr":["37"],"off":[0,-0.8]}},{"type":"Feature","geometry":{"type":"Point","coordinates":[-79.604992,43.728775]},"properties":{"line":"37","mode":"bus","color":"#0059a9","colorDark":"#00294f","band":4,"off":[0,1.1]}},{"type":"Feature","geometry":{"type":"Point","coordinates":[-79.621264,43.724583]},"properties":{"name":"Humberwood Blvd Loop at View Green Cres","band":4,"modes":"bus","arr":["906","996"],"off":[0,-0.8]}},{"type":"Feature","geometry":{"type":"Point","coordinates":[-79.621264,43.724583]},"properties":{"line":"906","mode":"bus","color":"#0059a9","colorDark":"#00294f","band":4,"off":[-1.7,1.1]}},{"type":"Feature","geometry":{"type":"Point","coordinates":[-79.621264,43.724583]},"properties":{"line":"996","mode":"bus","color":"#0059a9","colorDark":"#00294f","band":4,"off":[1.7,1.1]}},{"type":"Feature","geometry":{"type":"Point","coordinates":[-79.603508,43.716055]},"properties":{"name":"Woodbine Race Track Loop (Main Entrance)","band":4,"modes":"bus","arr":["336"],"off":[0,-0.8]}},{"type":"Feature","geometry":{"type":"Point","coordinates":[-79.603508,43.716055]},"properties":{"line":"336","mode":"bus","color":"#0059a9","colorDark":"#00294f","band":4,"off":[0,1.1]}},{"type":"Feature","geometry":{"type":"Point","coordinates":[-79.52455,43.644868]},"properties":{"name":"Islington Station at Bus Bay 13","band":4,"modes":"bus","arr":["37","50","110","937"],"off":[0,-0.8]}},{"type":"Feature","geometry":{"type":"Point","coordinates":[-79.52455,43.644868]},"properties":{"name":"Islington Station at Bus Bay 12","band":4,"modes":"bus","arr":["37","50","110","937"],"off":[0,-3]}},{"type":"Feature","geometry":{"type":"Point","coordinates":[-79.52455,43.644868]},"properties":{"name":"Islington Station at Bus Bay 11","band":4,"modes":"bus","arr":["37","50","110","937"],"off":[0,-5.2]}},{"type":"Feature","geometry":{"type":"Point","coordinates":[-79.52455,43.644868]},"properties":{"line":"37","mode":"bus","color":"#0059a9","colorDark":"#00294f","band":4,"off":[-5.1,1.1]}},{"type":"Feature","geometry":{"type":"Point","coordinates":[-79.52455,43.644868]},"properties":{"line":"50","mode":"bus","color":"#0059a9","colorDark":"#00294f","band":4,"off":[-1.7,1.1]}},{"type":"Feature","geometry":{"type":"Point","coordinates":[-79.52455,43.644868]},"properties":{"line":"110","mode":"bus","color":"#0059a9","colorDark":"#00294f","band":4,"off":[1.7,1.1]}},{"type":"Feature","geometry":{"type":"Point","coordinates":[-79.52455,43.644868]},"properties":{"line":"937","mode":"bus","color":"#0059a9","colorDark":"#00294f","band":4,"off":[5.1,1.1]}},{"type":"Feature","geometry":{"type":"Point","coordinates":[-79.130346,43.780784]},"properties":{"name":"Rouge Hill Go Station Loop at Lawrence Ave East","band":4,"modes":"bus","arr":["38","85","200","385","395"],"off":[0,-0.8]}},{"type":"Feature","geometry":{"type":"Point","coordinates":[-79.130346,43.780784]},"properties":{"name":"Rouge Hill GO Station Loop","band":4,"modes":"bus","arr":["38","85","200","385","395"],"off":[0,-4.1]}},{"type":"Feature","geometry":{"type":"Point","coordinates":[-79.130346,43.780784]},"properties":{"line":"38","mode":"bus","color":"#0059a9","colorDark":"#00294f","band":4,"off":[-6.8,1.1]}},{"type":"Feature","geometry":{"type":"Point","coordinates":[-79.130346,43.780784]},"properties":{"line":"85","mode":"bus","color":"#0059a9","colorDark":"#00294f","band":4,"off":[-3.4,1.1]}},{"type":"Feature","geometry":{"type":"Point","coordinates":[-79.130346,43.780784]},"properties":{"line":"200","mode":"bus","color":"#0059a9","colorDark":"#00294f","band":4,"off":[0,1.1]}},{"type":"Feature","geometry":{"type":"Point","coordinates":[-79.130346,43.780784]},"properties":{"line":"385","mode":"bus","color":"#0059a9","colorDark":"#00294f","band":4,"off":[3.4,1.1]}},{"type":"Feature","geometry":{"type":"Point","coordinates":[-79.130346,43.780784]},"properties":{"line":"395","mode":"bus","color":"#0059a9","colorDark":"#00294f","band":4,"off":[6.8,1.1]}},{"type":"Feature","geometry":{"type":"Point","coordinates":[-79.414978,43.781029]},"properties":{"name":"Finch Station at Bus Bay 5","band":4,"modes":"bus","arr":["39","125","953"],"off":[0,-0.8]}},{"type":"Feature","geometry":{"type":"Point","coordinates":[-79.414978,43.781029]},"properties":{"name":"Finch Station at Bus Bay 4","band":4,"modes":"bus","arr":["39","125","953"],"off":[0,-3]}},{"type":"Feature","geometry":{"type":"Point","coordinates":[-79.414978,43.781029]},"properties":{"name":"Finch Station at Bus Bay 10","band":4,"modes":"bus","arr":["39","125","953"],"off":[0,-5.2]}},{"type":"Feature","geometry":{"type":"Point","coordinates":[-79.414978,43.781029]},"properties":{"line":"39","mode":"bus","color":"#0059a9","colorDark":"#00294f","band":4,"off":[-3.4,1.1]}},{"type":"Feature","geometry":{"type":"Point","coordinates":[-79.414978,43.781029]},"properties":{"line":"125","mode":"bus","color":"#0059a9","colorDark":"#00294f","band":4,"off":[0,1.1]}},{"type":"Feature","geometry":{"type":"Point","coordinates":[-79.414978,43.781029]},"properties":{"line":"953","mode":"bus","color":"#0059a9","colorDark":"#00294f","band":4,"off":[3.4,1.1]}},{"type":"Feature","geometry":{"type":"Point","coordinates":[-79.200936,43.819977]},"properties":{"name":"Morningview Trail at Sewells Rd","band":4,"modes":"bus","arr":["131"],"off":[0,-0.8]}},{"type":"Feature","geometry":{"type":"Point","coordinates":[-79.200936,43.819977]},"properties":{"line":"131","mode":"bus","color":"#0059a9","colorDark":"#00294f","band":4,"off":[0,1.1]}},{"type":"Feature","geometry":{"type":"Point","coordinates":[-79.205353,43.819173]},"properties":{"name":"Littles Rd at Sewells Rd North Side","band":4,"modes":"bus","arr":["39"],"off":[0,-0.8]}},{"type":"Feature","geometry":{"type":"Point","coordinates":[-79.205353,43.819173]},"properties":{"line":"39","mode":"bus","color":"#0059a9","colorDark":"#00294f","band":4,"off":[0,1.1]}},{"type":"Feature","geometry":{"type":"Point","coordinates":[-79.22107,43.819187]},"properties":{"name":"Finch Ave East at Morningside Ave West Side","band":4,"modes":"bus","arr":["133"],"off":[0,-0.8]}},{"type":"Feature","geometry":{"type":"Point","coordinates":[-79.22107,43.819187]},"properties":{"line":"133","mode":"bus","color":"#0059a9","colorDark":"#00294f","band":4,"off":[0,1.1]}},{"type":"Feature","geometry":{"type":"Point","coordinates":[-79.5354,43.638092]},"properties":{"name":"Kipling Station at Bus Bay 8","band":4,"modes":"bus","arr":["40","44","46","49"],"off":[0,-0.8]}},{"type":"Feature","geometry":{"type":"Point","coordinates":[-79.5354,43.638092]},"properties":{"name":"Kipling Station at Bus Bay 6","band":4,"modes":"bus","arr":["40","44","46","49"],"off":[0,-3]}},{"type":"Feature","geometry":{"type":"Point","coordinates":[-79.5354,43.638092]},"properties":{"name":"Kipling Station at Bus Bay 5","band":4,"modes":"bus","arr":["40","44","46","49"],"off":[0,-5.2]}},{"type":"Feature","geometry":{"type":"Point","coordinates":[-79.5354,43.638092]},"properties":{"line":"40","mode":"bus","color":"#0059a9","colorDark":"#00294f","band":4,"off":[-5.1,1.1]}},{"type":"Feature","geometry":{"type":"Point","coordinates":[-79.5354,43.638092]},"properties":{"line":"44","mode":"bus","color":"#0059a9","colorDark":"#00294f","band":4,"off":[-1.7,1.1]}},{"type":"Feature","geometry":{"type":"Point","coordinates":[-79.5354,43.638092]},"properties":{"line":"46","mode":"bus","color":"#0059a9","colorDark":"#00294f","band":4,"off":[1.7,1.1]}},{"type":"Feature","geometry":{"type":"Point","coordinates":[-79.5354,43.638092]},"properties":{"line":"49","mode":"bus","color":"#0059a9","colorDark":"#00294f","band":4,"off":[5.1,1.1]}},{"type":"Feature","geometry":{"type":"Point","coordinates":[-79.453168,43.657083]},"properties":{"name":"Edna Ave at Dundas St West","band":4,"modes":"bus,tram","arr":["40","168","304","305","340"],"off":[0,-0.8]}},{"type":"Feature","geometry":{"type":"Point","coordinates":[-79.453168,43.657083]},"properties":{"name":"Dundas West Station at Bus Bay 2","band":4,"modes":"bus,tram","arr":["40","168","304","305","340"],"off":[0,-3]}},{"type":"Feature","geometry":{"type":"Point","coordinates":[-79.453168,43.657083]},"properties":{"name":"Dundas West Station at Bus Bay 1","band":4,"modes":"bus,tram","arr":["40","168","304","305","340"],"off":[0,-5.2]}},{"type":"Feature","geometry":{"type":"Point","coordinates":[-79.453168,43.657083]},"properties":{"line":"40","mode":"bus","color":"#0059a9","colorDark":"#00294f","band":4,"off":[-6.8,1.1]}},{"type":"Feature","geometry":{"type":"Point","coordinates":[-79.453168,43.657083]},"properties":{"line":"168","mode":"bus","color":"#0059a9","colorDark":"#00294f","band":4,"off":[-3.4,1.1]}},{"type":"Feature","geometry":{"type":"Point","coordinates":[-79.453168,43.657083]},"properties":{"line":"304","mode":"tram","color":"#d6212b","colorDark":"#7c1116","band":4,"off":[0,1.1]}},{"type":"Feature","geometry":{"type":"Point","coordinates":[-79.453168,43.657083]},"properties":{"line":"305","mode":"tram","color":"#d6212b","colorDark":"#7c1116","band":4,"off":[3.4,1.1]}},{"type":"Feature","geometry":{"type":"Point","coordinates":[-79.453168,43.657083]},"properties":{"line":"340","mode":"bus","color":"#0059a9","colorDark":"#00294f","band":4,"off":[6.8,1.1]}},{"type":"Feature","geometry":{"type":"Point","coordinates":[-79.508785,43.776778]},"properties":{"name":"Pioneer Village Station Bus Bay 2","band":4,"modes":"bus","arr":["41","106","166"],"off":[0,-0.8]}},{"type":"Feature","geometry":{"type":"Point","coordinates":[-79.508785,43.776778]},"properties":{"name":"Pioneer Village Station Bus Bay 12","band":4,"modes":"bus","arr":["41","106","166"],"off":[0,-3]}},{"type":"Feature","geometry":{"type":"Point","coordinates":[-79.508785,43.776778]},"properties":{"name":"Pioneer Village Station Bus Bay 11","band":4,"modes":"bus","arr":["41","106","166"],"off":[0,-5.2]}},{"type":"Feature","geometry":{"type":"Point","coordinates":[-79.508785,43.776778]},"properties":{"line":"41","mode":"bus","color":"#0059a9","colorDark":"#00294f","band":4,"off":[-3.4,1.1]}},{"type":"Feature","geometry":{"type":"Point","coordinates":[-79.508785,43.776778]},"properties":{"line":"106","mode":"bus","color":"#0059a9","colorDark":"#00294f","band":4,"off":[0,1.1]}},{"type":"Feature","geometry":{"type":"Point","coordinates":[-79.508785,43.776778]},"properties":{"line":"166","mode":"bus","color":"#0059a9","colorDark":"#00294f","band":4,"off":[3.4,1.1]}},{"type":"Feature","geometry":{"type":"Point","coordinates":[-79.5007,43.776438]},"properties":{"name":"Ian MacDonald Blvd at The Chimneystack Rd","band":4,"modes":"bus","arr":["335","341","353"],"off":[0,-0.8]}},{"type":"Feature","geometry":{"type":"Point","coordinates":[-79.5007,43.776438]},"properties":{"line":"335","mode":"bus","color":"#0059a9","colorDark":"#00294f","band":4,"off":[-3.4,1.1]}},{"type":"Feature","geometry":{"type":"Point","coordinates":[-79.5007,43.776438]},"properties":{"line":"341","mode":"bus","color":"#0059a9","colorDark":"#00294f","band":4,"off":[0,1.1]}},{"type":"Feature","geometry":{"type":"Point","coordinates":[-79.5007,43.776438]},"properties":{"line":"353","mode":"bus","color":"#0059a9","colorDark":"#00294f","band":4,"off":[3.4,1.1]}},{"type":"Feature","geometry":{"type":"Point","coordinates":[-79.459852,43.655332]},"properties":{"name":"Keele Station at Bus Bay 5","band":4,"modes":"bus","arr":["41","89","341","989"],"off":[0,-0.8]}},{"type":"Feature","geometry":{"type":"Point","coordinates":[-79.459852,43.655332]},"properties":{"name":"Keele Station at Bus Bay 4","band":4,"modes":"bus","arr":["41","89","341","989"],"off":[0,-3]}},{"type":"Feature","geometry":{"type":"Point","coordinates":[-79.459852,43.655332]},"properties":{"name":"Keele St at Bloor St West - Keele Station","band":4,"modes":"bus","arr":["41","89","341","989"],"off":[0,-5.2]}},{"type":"Feature","geometry":{"type":"Point","coordinates":[-79.459852,43.655332]},"properties":{"line":"41","mode":"bus","color":"#0059a9","colorDark":"#00294f","band":4,"off":[-5.1,1.1]}},{"type":"Feature","geometry":{"type":"Point","coordinates":[-79.459852,43.655332]},"properties":{"line":"89","mode":"bus","color":"#0059a9","colorDark":"#00294f","band":4,"off":[-1.7,1.1]}},{"type":"Feature","geometry":{"type":"Point","coordinates":[-79.459852,43.655332]},"properties":{"line":"341","mode":"bus","color":"#0059a9","colorDark":"#00294f","band":4,"off":[1.7,1.1]}},{"type":"Feature","geometry":{"type":"Point","coordinates":[-79.459852,43.655332]},"properties":{"line":"989","mode":"bus","color":"#0059a9","colorDark":"#00294f","band":4,"off":[5.1,1.1]}},{"type":"Feature","geometry":{"type":"Point","coordinates":[-79.251626,43.824299]},"properties":{"name":"80 Dynamic Dr","band":4,"modes":"bus","arr":["42"],"off":[0,-0.8]}},{"type":"Feature","geometry":{"type":"Point","coordinates":[-79.251626,43.824299]},"properties":{"line":"42","mode":"bus","color":"#0059a9","colorDark":"#00294f","band":4,"off":[0,1.1]}},{"type":"Feature","geometry":{"type":"Point","coordinates":[-79.297046,43.825452]},"properties":{"name":"Midland Ave at Steeles Ave East South Side","band":4,"modes":"bus","arr":["43","343"],"off":[0,-0.8]}},{"type":"Feature","geometry":{"type":"Point","coordinates":[-79.297046,43.825452]},"properties":{"line":"43","mode":"bus","color":"#0059a9","colorDark":"#00294f","band":4,"off":[-1.7,1.1]}},{"type":"Feature","geometry":{"type":"Point","coordinates":[-79.297046,43.825452]},"properties":{"line":"343","mode":"bus","color":"#0059a9","colorDark":"#00294f","band":4,"off":[1.7,1.1]}},{"type":"Feature","geometry":{"type":"Point","coordinates":[-79.262611,43.731931]},"properties":{"name":"Kennedy Station at Bus Bay 16 (Platform B)","band":4,"modes":"bus","arr":["43","129","343"],"off":[0,-0.8]}},{"type":"Feature","geometry":{"type":"Point","coordinates":[-79.262611,43.731931]},"properties":{"name":"Kennedy Station at Bus Bay 15 (Platform B)","band":4,"modes":"bus","arr":["43","129","343"],"off":[0,-4.1]}},{"type":"Feature","geometry":{"type":"Point","coordinates":[-79.262611,43.731931]},"properties":{"line":"43","mode":"bus","color":"#0059a9","colorDark":"#00294f","band":4,"off":[-3.4,1.1]}},{"type":"Feature","geometry":{"type":"Point","coordinates":[-79.262611,43.731931]},"properties":{"line":"129","mode":"bus","color":"#0059a9","colorDark":"#00294f","band":4,"off":[0,1.1]}},{"type":"Feature","geometry":{"type":"Point","coordinates":[-79.262611,43.731931]},"properties":{"line":"343","mode":"bus","color":"#0059a9","colorDark":"#00294f","band":4,"off":[3.4,1.1]}},{"type":"Feature","geometry":{"type":"Point","coordinates":[-79.302608,43.824674]},"properties":{"name":"Steeles Ave East at Milliken Go Station","band":4,"modes":"bus","arr":["57"],"off":[0,-0.8]}},{"type":"Feature","geometry":{"type":"Point","coordinates":[-79.302608,43.824674]},"properties":{"line":"57","mode":"bus","color":"#0059a9","colorDark":"#00294f","band":4,"off":[0,1.1]}},{"type":"Feature","geometry":{"type":"Point","coordinates":[-79.516814,43.594239]},"properties":{"name":"Colonel Samuel Smith Park Dr","band":4,"modes":"bus","arr":["44"],"off":[0,-0.8]}},{"type":"Feature","geometry":{"type":"Point","coordinates":[-79.516814,43.594239]},"properties":{"line":"44","mode":"bus","color":"#0059a9","colorDark":"#00294f","band":4,"off":[0,1.1]}},{"type":"Feature","geometry":{"type":"Point","coordinates":[-79.589697,43.759232]},"properties":{"name":"Kipling Ave at Steeles Ave West South Side","band":4,"modes":"bus","arr":["45","337"],"off":[0,-0.8]}},{"type":"Feature","geometry":{"type":"Point","coordinates":[-79.589697,43.759232]},"properties":{"name":"Kipling Ave at Steeles Ave West","band":4,"modes":"bus","arr":["45","337"],"off":[0,-4.1]}},{"type":"Feature","geometry":{"type":"Point","coordinates":[-79.589697,43.759232]},"properties":{"line":"45","mode":"bus","color":"#0059a9","colorDark":"#00294f","band":4,"off":[-1.7,1.1]}},{"type":"Feature","geometry":{"type":"Point","coordinates":[-79.589697,43.759232]},"properties":{"line":"337","mode":"bus","color":"#0059a9","colorDark":"#00294f","band":4,"off":[1.7,1.1]}},{"type":"Feature","geometry":{"type":"Point","coordinates":[-79.535042,43.638515]},"properties":{"name":"Kipling Station at Bus Bay 9","band":4,"modes":"bus","arr":["45"],"off":[0,-0.8]}},{"type":"Feature","geometry":{"type":"Point","coordinates":[-79.535042,43.638515]},"properties":{"line":"45","mode":"bus","color":"#0059a9","colorDark":"#00294f","band":4,"off":[0,1.1]}},{"type":"Feature","geometry":{"type":"Point","coordinates":[-79.607887,43.756677]},"properties":{"name":"Steeles Ave West Loop at Martin Grove Rd","band":4,"modes":"bus","arr":["46","60","396","927"],"off":[0,-0.8]}},{"type":"Feature","geometry":{"type":"Point","coordinates":[-79.607887,43.756677]},"properties":{"line":"46","mode":"bus","color":"#0059a9","colorDark":"#00294f","band":4,"off":[-5.1,1.1]}},{"type":"Feature","geometry":{"type":"Point","coordinates":[-79.607887,43.756677]},"properties":{"line":"60","mode":"bus","color":"#0059a9","colorDark":"#00294f","band":4,"off":[-1.7,1.1]}},{"type":"Feature","geometry":{"type":"Point","coordinates":[-79.607887,43.756677]},"properties":{"line":"396","mode":"bus","color":"#0059a9","colorDark":"#00294f","band":4,"off":[1.7,1.1]}},{"type":"Feature","geometry":{"type":"Point","coordinates":[-79.607887,43.756677]},"properties":{"line":"927","mode":"bus","color":"#0059a9","colorDark":"#00294f","band":4,"off":[5.1,1.1]}},{"type":"Feature","geometry":{"type":"Point","coordinates":[-79.443075,43.659342]},"properties":{"name":"Lansdowne Ave at Wade Ave - Lansdowne Station","band":4,"modes":"bus","arr":["47"],"off":[0,-0.8]}},{"type":"Feature","geometry":{"type":"Point","coordinates":[-79.443075,43.659342]},"properties":{"line":"47","mode":"bus","color":"#0059a9","colorDark":"#00294f","band":4,"off":[0,1.1]}},{"type":"Feature","geometry":{"type":"Point","coordinates":[-79.590206,43.645426]},"properties":{"name":"Mill Rd at Rathburn Rd Loop","band":4,"modes":"bus","arr":["48"],"off":[0,-0.8]}},{"type":"Feature","geometry":{"type":"Point","coordinates":[-79.590206,43.645426]},"properties":{"line":"48","mode":"bus","color":"#0059a9","colorDark":"#00294f","band":4,"off":[0,1.1]}},{"type":"Feature","geometry":{"type":"Point","coordinates":[-79.511087,43.648326]},"properties":{"name":"Royal York Station at Bus Bay 2","band":4,"modes":"bus","arr":["48","73"],"off":[0,-0.8]}},{"type":"Feature","geometry":{"type":"Point","coordinates":[-79.511087,43.648326]},"properties":{"name":"Royal York Station at Bus Bay 1","band":4,"modes":"bus","arr":["48","73"],"off":[0,-3]}},{"type":"Feature","geometry":{"type":"Point","coordinates":[-79.511087,43.648326]},"properties":{"line":"48","mode":"bus","color":"#0059a9","colorDark":"#00294f","band":4,"off":[-1.7,1.1]}},{"type":"Feature","geometry":{"type":"Point","coordinates":[-79.511087,43.648326]},"properties":{"line":"73","mode":"bus","color":"#0059a9","colorDark":"#00294f","band":4,"off":[1.7,1.1]}},{"type":"Feature","geometry":{"type":"Point","coordinates":[-79.580286,43.629624]},"properties":{"name":"Markland Dr (West) at Bloor St West North Side","band":4,"modes":"bus","arr":["49"],"off":[0,-0.8]}},{"type":"Feature","geometry":{"type":"Point","coordinates":[-79.580286,43.629624]},"properties":{"line":"49","mode":"bus","color":"#0059a9","colorDark":"#00294f","band":4,"off":[0,1.1]}},{"type":"Feature","geometry":{"type":"Point","coordinates":[-79.582909,43.640556]},"properties":{"name":"Mill Rd at Burnhamthorpe Loop","band":4,"modes":"bus","arr":["50"],"off":[0,-0.8]}},{"type":"Feature","geometry":{"type":"Point","coordinates":[-79.582909,43.640556]},"properties":{"line":"50","mode":"bus","color":"#0059a9","colorDark":"#00294f","band":4,"off":[0,1.1]}},{"type":"Feature","geometry":{"type":"Point","coordinates":[-79.367752,43.77044]},"properties":{"name":"Leslie Station at Bus Bay 3","band":4,"modes":"bus","arr":["51","151"],"off":[0,-0.8]}},{"type":"Feature","geometry":{"type":"Point","coordinates":[-79.367752,43.77044]},"properties":{"name":"Leslie Station at Bus Bay 2","band":4,"modes":"bus","arr":["51","151"],"off":[0,-3]}},{"type":"Feature","geometry":{"type":"Point","coordinates":[-79.367752,43.77044]},"properties":{"line":"51","mode":"bus","color":"#0059a9","colorDark":"#00294f","band":4,"off":[-1.7,1.1]}},{"type":"Feature","geometry":{"type":"Point","coordinates":[-79.367752,43.77044]},"properties":{"line":"151","mode":"bus","color":"#0059a9","colorDark":"#00294f","band":4,"off":[1.7,1.1]}},{"type":"Feature","geometry":{"type":"Point","coordinates":[-79.337778,43.680815]},"properties":{"name":"Donlands Station at Bus Bay 1","band":4,"modes":"bus","arr":["51"],"off":[0,-0.8]}},{"type":"Feature","geometry":{"type":"Point","coordinates":[-79.337778,43.680815]},"properties":{"line":"51","mode":"bus","color":"#0059a9","colorDark":"#00294f","band":4,"off":[0,1.1]}},{"type":"Feature","geometry":{"type":"Point","coordinates":[-79.640651,43.721692]},"properties":{"name":"Westwood Square Bus Terminal at Morning Star Dr","band":4,"modes":"bus","arr":["52"],"off":[0,-0.8]}},{"type":"Feature","geometry":{"type":"Point","coordinates":[-79.640651,43.721692]},"properties":{"line":"52","mode":"bus","color":"#0059a9","colorDark":"#00294f","band":4,"off":[0,1.1]}},{"type":"Feature","geometry":{"type":"Point","coordinates":[-79.402306,43.725562]},"properties":{"name":"Lawrence Station at Bus Bay 2","band":4,"modes":"bus","arr":["52"],"off":[0,-0.8]}},{"type":"Feature","geometry":{"type":"Point","coordinates":[-79.402306,43.725562]},"properties":{"line":"52","mode":"bus","color":"#0059a9","colorDark":"#00294f","band":4,"off":[0,1.1]}},{"type":"Feature","geometry":{"type":"Point","coordinates":[-79.41463,43.780808]},"properties":{"name":"Finch Station at Bus Bay 11","band":4,"modes":"bus","arr":["53"],"off":[0,-0.8]}},{"type":"Feature","geometry":{"type":"Point","coordinates":[-79.41463,43.780808]},"properties":{"line":"53","mode":"bus","color":"#0059a9","colorDark":"#00294f","band":4,"off":[0,1.1]}},{"type":"Feature","geometry":{"type":"Point","coordinates":[-79.221634,43.819642]},"properties":{"name":"Morningside Ave at Staines Rd North Side","band":4,"modes":"bus","arr":["53","116","953"],"off":[0,-0.8]}},{"type":"Feature","geometry":{"type":"Point","coordinates":[-79.221634,43.819642]},"properties":{"name":"Morningside Ave at Finch Ave East","band":4,"modes":"bus","arr":["53","116","953"],"off":[0,-4.1]}},{"type":"Feature","geometry":{"type":"Point","coordinates":[-79.221634,43.819642]},"properties":{"line":"53","mode":"bus","color":"#0059a9","colorDark":"#00294f","band":4,"off":[-3.4,1.1]}},{"type":"Feature","geometry":{"type":"Point","coordinates":[-79.221634,43.819642]},"properties":{"line":"116","mode":"bus","color":"#0059a9","colorDark":"#00294f","band":4,"off":[0,1.1]}},{"type":"Feature","geometry":{"type":"Point","coordinates":[-79.221634,43.819642]},"properties":{"line":"953","mode":"bus","color":"#0059a9","colorDark":"#00294f","band":4,"off":[3.4,1.1]}},{"type":"Feature","geometry":{"type":"Point","coordinates":[-79.33763,43.721528]},"properties":{"name":"Don Valley Station at Bus Bay 4","band":4,"modes":"bus","arr":["54","72","100","954"],"off":[0,-0.8]}},{"type":"Feature","geometry":{"type":"Point","coordinates":[-79.33763,43.721528]},"properties":{"name":"Don Valley Station at Bus Bay 3","band":4,"modes":"bus","arr":["54","72","100","954"],"off":[0,-3]}},{"type":"Feature","geometry":{"type":"Point","coordinates":[-79.33763,43.721528]},"properties":{"name":"Don Valley Station at Bus Bay 2","band":4,"modes":"bus","arr":["54","72","100","954"],"off":[0,-5.2]}},{"type":"Feature","geometry":{"type":"Point","coordinates":[-79.33763,43.721528]},"properties":{"line":"54","mode":"bus","color":"#0059a9","colorDark":"#00294f","band":4,"off":[-5.1,1.1]}},{"type":"Feature","geometry":{"type":"Point","coordinates":[-79.33763,43.721528]},"properties":{"line":"72","mode":"bus","color":"#0059a9","colorDark":"#00294f","band":4,"off":[-1.7,1.1]}},{"type":"Feature","geometry":{"type":"Point","coordinates":[-79.33763,43.721528]},"properties":{"line":"100","mode":"bus","color":"#0059a9","colorDark":"#00294f","band":4,"off":[1.7,1.1]}},{"type":"Feature","geometry":{"type":"Point","coordinates":[-79.33763,43.721528]},"properties":{"line":"954","mode":"bus","color":"#0059a9","colorDark":"#00294f","band":4,"off":[5.1,1.1]}},{"type":"Feature","geometry":{"type":"Point","coordinates":[-79.123013,43.788645]},"properties":{"name":"Starspray Loop at Lawrence Ave East","band":4,"modes":"bus","arr":["54","354","954"],"off":[0,-0.8]}},{"type":"Feature","geometry":{"type":"Point","coordinates":[-79.123013,43.788645]},"properties":{"line":"54","mode":"bus","color":"#0059a9","colorDark":"#00294f","band":4,"off":[-3.4,1.1]}},{"type":"Feature","geometry":{"type":"Point","coordinates":[-79.123013,43.788645]},"properties":{"line":"354","mode":"bus","color":"#0059a9","colorDark":"#00294f","band":4,"off":[0,1.1]}},{"type":"Feature","geometry":{"type":"Point","coordinates":[-79.123013,43.788645]},"properties":{"line":"954","mode":"bus","color":"#0059a9","colorDark":"#00294f","band":4,"off":[3.4,1.1]}},{"type":"Feature","geometry":{"type":"Point","coordinates":[-79.502708,43.662684]},"properties":{"name":"Lundy Ave at Warren Cres","band":4,"modes":"bus","arr":["55"],"off":[0,-0.8]}},{"type":"Feature","geometry":{"type":"Point","coordinates":[-79.502708,43.662684]},"properties":{"line":"55","mode":"bus","color":"#0059a9","colorDark":"#00294f","band":4,"off":[0,1.1]}},{"type":"Feature","geometry":{"type":"Point","coordinates":[-79.532699,43.708002]},"properties":{"name":"Oak St at Weston Rd East Side","band":4,"modes":"bus","arr":["59","158"],"off":[0,-0.8]}},{"type":"Feature","geometry":{"type":"Point","coordinates":[-79.532699,43.708002]},"properties":{"name":"Oak St at Weston Rd","band":4,"modes":"bus","arr":["59","158"],"off":[0,-3]}},{"type":"Feature","geometry":{"type":"Point","coordinates":[-79.532699,43.708002]},"properties":{"line":"59","mode":"bus","color":"#0059a9","colorDark":"#00294f","band":4,"off":[-1.7,1.1]}},{"type":"Feature","geometry":{"type":"Point","coordinates":[-79.532699,43.708002]},"properties":{"line":"158","mode":"bus","color":"#0059a9","colorDark":"#00294f","band":4,"off":[1.7,1.1]}},{"type":"Feature","geometry":{"type":"Point","coordinates":[-79.443894,43.715585]},"properties":{"name":"Lawrence West Station at Bus Bay 2","band":4,"modes":"bus","arr":["59"],"off":[0,-0.8]}},{"type":"Feature","geometry":{"type":"Point","coordinates":[-79.443894,43.715585]},"properties":{"line":"59","mode":"bus","color":"#0059a9","colorDark":"#00294f","band":4,"off":[0,1.1]}},{"type":"Feature","geometry":{"type":"Point","coordinates":[-79.470432,43.78712]},"properties":{"name":"Steeles Ave West at Dufferin St","band":4,"modes":"bus","arr":["329"],"off":[0,-0.8]}},{"type":"Feature","geometry":{"type":"Point","coordinates":[-79.470432,43.78712]},"properties":{"line":"329","mode":"bus","color":"#0059a9","colorDark":"#00294f","band":4,"off":[0,1.1]}},{"type":"Feature","geometry":{"type":"Point","coordinates":[-79.424261,43.743619]},"properties":{"name":"Bombay Loop at Avenue Rd","band":4,"modes":"bus","arr":["61"],"off":[0,-0.8]}},{"type":"Feature","geometry":{"type":"Point","coordinates":[-79.424261,43.743619]},"properties":{"line":"61","mode":"bus","color":"#0059a9","colorDark":"#00294f","band":4,"off":[0,1.1]}},{"type":"Feature","geometry":{"type":"Point","coordinates":[-79.435782,43.699396]},"properties":{"name":"Cedarvale Station at Bus Bay 8","band":4,"modes":"bus","arr":["63","109","164"],"off":[0,-0.8]}},{"type":"Feature","geometry":{"type":"Point","coordinates":[-79.435782,43.699396]},"properties":{"name":"Cedarvale Station at Bus Bay 7","band":4,"modes":"bus","arr":["63","109","164"],"off":[0,-3]}},{"type":"Feature","geometry":{"type":"Point","coordinates":[-79.435782,43.699396]},"properties":{"line":"63","mode":"bus","color":"#0059a9","colorDark":"#00294f","band":4,"off":[-3.4,1.1]}},{"type":"Feature","geometry":{"type":"Point","coordinates":[-79.435782,43.699396]},"properties":{"line":"109","mode":"bus","color":"#0059a9","colorDark":"#00294f","band":4,"off":[0,1.1]}},{"type":"Feature","geometry":{"type":"Point","coordinates":[-79.435782,43.699396]},"properties":{"line":"164","mode":"bus","color":"#0059a9","colorDark":"#00294f","band":4,"off":[3.4,1.1]}},{"type":"Feature","geometry":{"type":"Point","coordinates":[-79.42641,43.662492]},"properties":{"name":"Ossington Station at Bus Bay 6","band":4,"modes":"bus","arr":["63","94"],"off":[0,-0.8]}},{"type":"Feature","geometry":{"type":"Point","coordinates":[-79.42641,43.662492]},"properties":{"name":"Ossington Station at Bus Bay 4","band":4,"modes":"bus","arr":["63","94"],"off":[0,-3]}},{"type":"Feature","geometry":{"type":"Point","coordinates":[-79.42641,43.662492]},"properties":{"line":"63","mode":"bus","color":"#0059a9","colorDark":"#00294f","band":4,"off":[-1.7,1.1]}},{"type":"Feature","geometry":{"type":"Point","coordinates":[-79.42641,43.662492]},"properties":{"line":"94","mode":"bus","color":"#0059a9","colorDark":"#00294f","band":4,"off":[1.7,1.1]}},{"type":"Feature","geometry":{"type":"Point","coordinates":[-79.426638,43.662155]},"properties":{"name":"Ossington Station at Bus Bay 3","band":4,"modes":"bus","arr":["63","161"],"off":[0,-0.8]}},{"type":"Feature","geometry":{"type":"Point","coordinates":[-79.426638,43.662155]},"properties":{"name":"Ossington Station at Bus Bay 2","band":4,"modes":"bus","arr":["63","161"],"off":[0,-3]}},{"type":"Feature","geometry":{"type":"Point","coordinates":[-79.426638,43.662155]},"properties":{"line":"63","mode":"bus","color":"#0059a9","colorDark":"#00294f","band":4,"off":[-1.7,1.1]}},{"type":"Feature","geometry":{"type":"Point","coordinates":[-79.426638,43.662155]},"properties":{"line":"161","mode":"bus","color":"#0059a9","colorDark":"#00294f","band":4,"off":[1.7,1.1]}},{"type":"Feature","geometry":{"type":"Point","coordinates":[-79.301183,43.688897]},"properties":{"name":"Main Street Station at Bus Bay 5","band":4,"modes":"bus","arr":["64"],"off":[0,-0.8]}},{"type":"Feature","geometry":{"type":"Point","coordinates":[-79.301183,43.688897]},"properties":{"line":"64","mode":"bus","color":"#0059a9","colorDark":"#00294f","band":4,"off":[0,1.1]}},{"type":"Feature","geometry":{"type":"Point","coordinates":[-79.295812,43.671113]},"properties":{"name":"Wineva Ave at Queen St East","band":4,"modes":"bus","arr":["64"],"off":[0,-0.8]}},{"type":"Feature","geometry":{"type":"Point","coordinates":[-79.295812,43.671113]},"properties":{"line":"64","mode":"bus","color":"#0059a9","colorDark":"#00294f","band":4,"off":[0,1.1]}},{"type":"Feature","geometry":{"type":"Point","coordinates":[-79.369038,43.67358]},"properties":{"name":"Castle Frank Station at Bus Bay 2","band":4,"modes":"bus","arr":["65","94"],"off":[0,-0.8]}},{"type":"Feature","geometry":{"type":"Point","coordinates":[-79.369038,43.67358]},"properties":{"name":"Castle Frank Station at Bus Bay 1","band":4,"modes":"bus","arr":["65","94"],"off":[0,-3]}},{"type":"Feature","geometry":{"type":"Point","coordinates":[-79.369038,43.67358]},"properties":{"line":"65","mode":"bus","color":"#0059a9","colorDark":"#00294f","band":4,"off":[-1.7,1.1]}},{"type":"Feature","geometry":{"type":"Point","coordinates":[-79.369038,43.67358]},"properties":{"line":"94","mode":"bus","color":"#0059a9","colorDark":"#00294f","band":4,"off":[1.7,1.1]}},{"type":"Feature","geometry":{"type":"Point","coordinates":[-79.370743,43.671137]},"properties":{"name":"Parliament St at Howard St South Side","band":4,"modes":"bus","arr":["365"],"off":[0,-0.8]}},{"type":"Feature","geometry":{"type":"Point","coordinates":[-79.370743,43.671137]},"properties":{"line":"365","mode":"bus","color":"#0059a9","colorDark":"#00294f","band":4,"off":[0,1.1]}},{"type":"Feature","geometry":{"type":"Point","coordinates":[-79.36544,43.644832]},"properties":{"name":"Dockside Dr at Queens Quay East","band":4,"modes":"bus","arr":["65","365"],"off":[0,-0.8]}},{"type":"Feature","geometry":{"type":"Point","coordinates":[-79.36544,43.644832]},"properties":{"line":"65","mode":"bus","color":"#0059a9","colorDark":"#00294f","band":4,"off":[-1.7,1.1]}},{"type":"Feature","geometry":{"type":"Point","coordinates":[-79.36544,43.644832]},"properties":{"line":"365","mode":"bus","color":"#0059a9","colorDark":"#00294f","band":4,"off":[1.7,1.1]}},{"type":"Feature","geometry":{"type":"Point","coordinates":[-79.370915,43.671568]},"properties":{"name":"Parliament St at Bloor St East","band":4,"modes":"bus","arr":["365"],"off":[0,-0.8]}},{"type":"Feature","geometry":{"type":"Point","coordinates":[-79.370915,43.671568]},"properties":{"line":"365","mode":"bus","color":"#0059a9","colorDark":"#00294f","band":4,"off":[0,1.1]}},{"type":"Feature","geometry":{"type":"Point","coordinates":[-79.495151,43.650226]},"properties":{"name":"Old Mill Station at Bus Bay 2","band":4,"modes":"bus","arr":["66"],"off":[0,-0.8]}},{"type":"Feature","geometry":{"type":"Point","coordinates":[-79.495151,43.650226]},"properties":{"line":"66","mode":"bus","color":"#0059a9","colorDark":"#00294f","band":4,"off":[0,1.1]}},{"type":"Feature","geometry":{"type":"Point","coordinates":[-79.477561,43.624637]},"properties":{"name":"Marine Parade Dr at Silver Moon Dr","band":4,"modes":"bus","arr":["66"],"off":[0,-0.8]}},{"type":"Feature","geometry":{"type":"Point","coordinates":[-79.477561,43.624637]},"properties":{"line":"66","mode":"bus","color":"#0059a9","colorDark":"#00294f","band":4,"off":[0,1.1]}},{"type":"Feature","geometry":{"type":"Point","coordinates":[-79.310629,43.765192]},"properties":{"name":"Penworth Rd at Crosland Dr","band":4,"modes":"bus","arr":["67"],"off":[0,-0.8]}},{"type":"Feature","geometry":{"type":"Point","coordinates":[-79.310629,43.765192]},"properties":{"line":"67","mode":"bus","color":"#0059a9","colorDark":"#00294f","band":4,"off":[0,1.1]}},{"type":"Feature","geometry":{"type":"Point","coordinates":[-79.288212,43.693387]},"properties":{"name":"Victoria Park Station at Bus Bay 2","band":4,"modes":"bus","arr":["67"],"off":[0,-0.8]}},{"type":"Feature","geometry":{"type":"Point","coordinates":[-79.288212,43.693387]},"properties":{"line":"67","mode":"bus","color":"#0059a9","colorDark":"#00294f","band":4,"off":[0,1.1]}},{"type":"Feature","geometry":{"type":"Point","coordinates":[-79.337464,43.8946]},"properties":{"name":"Angus Glen Community Centre Loop at Major Mackenzie Dr East","band":4,"modes":"bus","arr":["68"],"off":[0,-0.8]}},{"type":"Feature","geometry":{"type":"Point","coordinates":[-79.337464,43.8946]},"properties":{"line":"68","mode":"bus","color":"#0059a9","colorDark":"#00294f","band":4,"off":[0,1.1]}},{"type":"Feature","geometry":{"type":"Point","coordinates":[-79.280597,43.711043]},"properties":{"name":"Warden Station at Temporary Bus Bay 8","band":4,"modes":"bus","arr":["68","102","902"],"off":[0,-0.8]}},{"type":"Feature","geometry":{"type":"Point","coordinates":[-79.280597,43.711043]},"properties":{"name":"Warden Station at Temporary Bus Bay 7","band":4,"modes":"bus","arr":["68","102","902"],"off":[0,-4.1]}},{"type":"Feature","geometry":{"type":"Point","coordinates":[-79.280597,43.711043]},"properties":{"line":"68","mode":"bus","color":"#0059a9","colorDark":"#00294f","band":4,"off":[-3.4,1.1]}},{"type":"Feature","geometry":{"type":"Point","coordinates":[-79.280597,43.711043]},"properties":{"line":"102","mode":"bus","color":"#0059a9","colorDark":"#00294f","band":4,"off":[0,1.1]}},{"type":"Feature","geometry":{"type":"Point","coordinates":[-79.280597,43.711043]},"properties":{"line":"902","mode":"bus","color":"#0059a9","colorDark":"#00294f","band":4,"off":[3.4,1.1]}},{"type":"Feature","geometry":{"type":"Point","coordinates":[-79.233722,43.716877]},"properties":{"name":"Brooklawn Ave at Barkdene Hills","band":4,"modes":"bus","arr":["69"],"off":[0,-0.8]}},{"type":"Feature","geometry":{"type":"Point","coordinates":[-79.233722,43.716877]},"properties":{"line":"69","mode":"bus","color":"#0059a9","colorDark":"#00294f","band":4,"off":[0,1.1]}},{"type":"Feature","geometry":{"type":"Point","coordinates":[-79.280002,43.709808]},"properties":{"name":"Warden Station at Temporary Bus Bay 1","band":4,"modes":"bus","arr":["69","117"],"off":[0,-0.8]}},{"type":"Feature","geometry":{"type":"Point","coordinates":[-79.280002,43.709808]},"properties":{"line":"69","mode":"bus","color":"#0059a9","colorDark":"#00294f","band":4,"off":[-1.7,1.1]}},{"type":"Feature","geometry":{"type":"Point","coordinates":[-79.280002,43.709808]},"properties":{"line":"117","mode":"bus","color":"#0059a9","colorDark":"#00294f","band":4,"off":[1.7,1.1]}},{"type":"Feature","geometry":{"type":"Point","coordinates":[-79.298451,43.727182]},"properties":{"name":"Craigton Dr at Pharmacy Ave","band":4,"modes":"bus","arr":["70"],"off":[0,-0.8]}},{"type":"Feature","geometry":{"type":"Point","coordinates":[-79.298451,43.727182]},"properties":{"line":"70","mode":"bus","color":"#0059a9","colorDark":"#00294f","band":4,"off":[0,1.1]}},{"type":"Feature","geometry":{"type":"Point","coordinates":[-79.495235,43.693565]},"properties":{"name":"Mount Dennis Garage","band":4,"modes":"bus","arr":["71"],"off":[0,-0.8]}},{"type":"Feature","geometry":{"type":"Point","coordinates":[-79.495235,43.693565]},"properties":{"line":"71","mode":"bus","color":"#0059a9","colorDark":"#00294f","band":4,"off":[0,1.1]}},{"type":"Feature","geometry":{"type":"Point","coordinates":[-79.491418,43.692607]},"properties":{"name":"Industry St at Ray Ave","band":4,"modes":"bus","arr":["171"],"off":[0,-0.8]}},{"type":"Feature","geometry":{"type":"Point","coordinates":[-79.491418,43.692607]},"properties":{"line":"171","mode":"bus","color":"#0059a9","colorDark":"#00294f","band":4,"off":[0,1.1]}},{"type":"Feature","geometry":{"type":"Point","coordinates":[-79.475766,43.651852]},"properties":{"name":"Runnymede Station at Bus Bay 4","band":4,"modes":"bus","arr":["71","77","79"],"off":[0,-0.8]}},{"type":"Feature","geometry":{"type":"Point","coordinates":[-79.475766,43.651852]},"properties":{"name":"Runnymede Station at Bus Bay 3","band":4,"modes":"bus","arr":["71","77","79"],"off":[0,-3]}},{"type":"Feature","geometry":{"type":"Point","coordinates":[-79.475766,43.651852]},"properties":{"name":"Runnymede Station at Bus Bay 2","band":4,"modes":"bus","arr":["71","77","79"],"off":[0,-5.2]}},{"type":"Feature","geometry":{"type":"Point","coordinates":[-79.475766,43.651852]},"properties":{"line":"71","mode":"bus","color":"#0059a9","colorDark":"#00294f","band":4,"off":[-3.4,1.1]}},{"type":"Feature","geometry":{"type":"Point","coordinates":[-79.475766,43.651852]},"properties":{"line":"77","mode":"bus","color":"#0059a9","colorDark":"#00294f","band":4,"off":[0,1.1]}},{"type":"Feature","geometry":{"type":"Point","coordinates":[-79.475766,43.651852]},"properties":{"line":"79","mode":"bus","color":"#0059a9","colorDark":"#00294f","band":4,"off":[3.4,1.1]}},{"type":"Feature","geometry":{"type":"Point","coordinates":[-79.492876,43.693318]},"properties":{"name":"109 Industry St","band":4,"modes":"bus","arr":["171"],"off":[0,-0.8]}},{"type":"Feature","geometry":{"type":"Point","coordinates":[-79.492876,43.693318]},"properties":{"line":"171","mode":"bus","color":"#0059a9","colorDark":"#00294f","band":4,"off":[0,1.1]}},{"type":"Feature","geometry":{"type":"Point","coordinates":[-79.342149,43.649792]},"properties":{"name":"Commissioners St at Saulter St","band":4,"modes":"bus","arr":["72"],"off":[0,-0.8]}},{"type":"Feature","geometry":{"type":"Point","coordinates":[-79.342149,43.649792]},"properties":{"line":"72","mode":"bus","color":"#0059a9","colorDark":"#00294f","band":4,"off":[0,1.1]}},{"type":"Feature","geometry":{"type":"Point","coordinates":[-79.343326,43.706896]},"properties":{"name":"Thorncliffe Park Dr (East) at Overlea Blvd","band":4,"modes":"bus","arr":["156"],"off":[0,-0.8]}},{"type":"Feature","geometry":{"type":"Point","coordinates":[-79.343326,43.706896]},"properties":{"line":"156","mode":"bus","color":"#0059a9","colorDark":"#00294f","band":4,"off":[0,1.1]}},{"type":"Feature","geometry":{"type":"Point","coordinates":[-79.634744,43.746833]},"properties":{"name":"Claireport Cres (West) at Albion Rd","band":4,"modes":"bus","arr":["73"],"off":[0,-0.8]}},{"type":"Feature","geometry":{"type":"Point","coordinates":[-79.634744,43.746833]},"properties":{"line":"73","mode":"bus","color":"#0059a9","colorDark":"#00294f","band":4,"off":[0,1.1]}},{"type":"Feature","geometry":{"type":"Point","coordinates":[-79.537772,43.717042]},"properties":{"name":"Weston Rd at Albion Rd South Side","band":4,"modes":"bus","arr":["89"],"off":[0,-0.8]}},{"type":"Feature","geometry":{"type":"Point","coordinates":[-79.537772,43.717042]},"properties":{"line":"89","mode":"bus","color":"#0059a9","colorDark":"#00294f","band":4,"off":[0,1.1]}},{"type":"Feature","geometry":{"type":"Point","coordinates":[-79.399578,43.705539]},"properties":{"name":"Eglinton Station at Bus Bay 9","band":4,"modes":"bus","arr":["74","103"],"off":[0,-0.8]}},{"type":"Feature","geometry":{"type":"Point","coordinates":[-79.399578,43.705539]},"properties":{"name":"Eglinton Station at Bus Bay 8","band":4,"modes":"bus","arr":["74","103"],"off":[0,-3]}},{"type":"Feature","geometry":{"type":"Point","coordinates":[-79.399578,43.705539]},"properties":{"line":"74","mode":"bus","color":"#0059a9","colorDark":"#00294f","band":4,"off":[-1.7,1.1]}},{"type":"Feature","geometry":{"type":"Point","coordinates":[-79.399578,43.705539]},"properties":{"line":"103","mode":"bus","color":"#0059a9","colorDark":"#00294f","band":4,"off":[1.7,1.1]}},{"type":"Feature","geometry":{"type":"Point","coordinates":[-79.392424,43.687705]},"properties":{"name":"St Clair Station at Lower Platform Bus Bay 4","band":4,"modes":"bus","arr":["74","88","97"],"off":[0,-0.8]}},{"type":"Feature","geometry":{"type":"Point","coordinates":[-79.392424,43.687705]},"properties":{"name":"St Clair Station at Lower Platform Bus Bay 3","band":4,"modes":"bus","arr":["74","88","97"],"off":[0,-4.1]}},{"type":"Feature","geometry":{"type":"Point","coordinates":[-79.392424,43.687705]},"properties":{"name":"St Clair Station at Lower Platform Bus Bay 2","band":4,"modes":"bus","arr":["74","88","97"],"off":[0,-7.4]}},{"type":"Feature","geometry":{"type":"Point","coordinates":[-79.392424,43.687705]},"properties":{"line":"74","mode":"bus","color":"#0059a9","colorDark":"#00294f","band":4,"off":[-3.4,1.1]}},{"type":"Feature","geometry":{"type":"Point","coordinates":[-79.392424,43.687705]},"properties":{"line":"88","mode":"bus","color":"#0059a9","colorDark":"#00294f","band":4,"off":[0,1.1]}},{"type":"Feature","geometry":{"type":"Point","coordinates":[-79.392424,43.687705]},"properties":{"line":"97","mode":"bus","color":"#0059a9","colorDark":"#00294f","band":4,"off":[3.4,1.1]}},{"type":"Feature","geometry":{"type":"Point","coordinates":[-79.376767,43.67213]},"properties":{"name":"Sherbourne St at Bloor St East - Sherbourne Station","band":4,"modes":"bus","arr":["75"],"off":[0,-0.8]}},{"type":"Feature","geometry":{"type":"Point","coordinates":[-79.376767,43.67213]},"properties":{"line":"75","mode":"bus","color":"#0059a9","colorDark":"#00294f","band":4,"off":[0,1.1]}},{"type":"Feature","geometry":{"type":"Point","coordinates":[-79.369241,43.644358]},"properties":{"name":"Lower Jarvis St at Queens Quay East North Side","band":4,"modes":"bus","arr":["75"],"off":[0,-0.8]}},{"type":"Feature","geometry":{"type":"Point","coordinates":[-79.369241,43.644358]},"properties":{"line":"75","mode":"bus","color":"#0059a9","colorDark":"#00294f","band":4,"off":[0,1.1]}},{"type":"Feature","geometry":{"type":"Point","coordinates":[-79.489607,43.613278]},"properties":{"name":"Lake Shore Blvd West at Mimico Ave","band":4,"modes":"bus","arr":["76"],"off":[0,-0.8]}},{"type":"Feature","geometry":{"type":"Point","coordinates":[-79.489607,43.613278]},"properties":{"line":"76","mode":"bus","color":"#0059a9","colorDark":"#00294f","band":4,"off":[0,1.1]}},{"type":"Feature","geometry":{"type":"Point","coordinates":[-79.471136,43.638195]},"properties":{"name":"Windermere Pl at Windermere Ave","band":4,"modes":"bus","arr":["77"],"off":[0,-0.8]}},{"type":"Feature","geometry":{"type":"Point","coordinates":[-79.471136,43.638195]},"properties":{"line":"77","mode":"bus","color":"#0059a9","colorDark":"#00294f","band":4,"off":[0,1.1]}},{"type":"Feature","geometry":{"type":"Point","coordinates":[-79.406446,43.74547]},"properties":{"name":"York Mills Station at Bus Bay 7","band":4,"modes":"bus","arr":["78","95","115","122"],"off":[0,-0.8]}},{"type":"Feature","geometry":{"type":"Point","coordinates":[-79.406446,43.74547]},"properties":{"name":"York Mills Station at Bus Bay 6","band":4,"modes":"bus","arr":["78","95","115","122"],"off":[0,-3]}},{"type":"Feature","geometry":{"type":"Point","coordinates":[-79.406446,43.74547]},"properties":{"name":"York Mills Station at Bus Bay 5","band":4,"modes":"bus","arr":["78","95","115","122"],"off":[0,-5.2]}},{"type":"Feature","geometry":{"type":"Point","coordinates":[-79.406446,43.74547]},"properties":{"line":"78","mode":"bus","color":"#0059a9","colorDark":"#00294f","band":4,"off":[-5.1,1.1]}},{"type":"Feature","geometry":{"type":"Point","coordinates":[-79.406446,43.74547]},"properties":{"line":"95","mode":"bus","color":"#0059a9","colorDark":"#00294f","band":4,"off":[-1.7,1.1]}},{"type":"Feature","geometry":{"type":"Point","coordinates":[-79.406446,43.74547]},"properties":{"line":"115","mode":"bus","color":"#0059a9","colorDark":"#00294f","band":4,"off":[1.7,1.1]}},{"type":"Feature","geometry":{"type":"Point","coordinates":[-79.406446,43.74547]},"properties":{"line":"122","mode":"bus","color":"#0059a9","colorDark":"#00294f","band":4,"off":[5.1,1.1]}},{"type":"Feature","geometry":{"type":"Point","coordinates":[-79.404381,43.744265]},"properties":{"name":"York Mills Rd at Old York Mills Rd","band":4,"modes":"bus","arr":["395"],"off":[0,-0.8]}},{"type":"Feature","geometry":{"type":"Point","coordinates":[-79.404381,43.744265]},"properties":{"line":"395","mode":"bus","color":"#0059a9","colorDark":"#00294f","band":4,"off":[0,1.1]}},{"type":"Feature","geometry":{"type":"Point","coordinates":[-79.389548,43.759951]},"properties":{"name":"Carluke Cres at Fifeshire Rd (West)","band":4,"modes":"bus","arr":["78"],"off":[0,-0.8]}},{"type":"Feature","geometry":{"type":"Point","coordinates":[-79.389548,43.759951]},"properties":{"line":"78","mode":"bus","color":"#0059a9","colorDark":"#00294f","band":4,"off":[0,1.1]}},{"type":"Feature","geometry":{"type":"Point","coordinates":[-79.508018,43.701329]},"properties":{"name":"Pine St at Lawrence Ave West","band":4,"modes":"bus","arr":["79"],"off":[0,-0.8]}},{"type":"Feature","geometry":{"type":"Point","coordinates":[-79.508018,43.701329]},"properties":{"line":"79","mode":"bus","color":"#0059a9","colorDark":"#00294f","band":4,"off":[0,1.1]}},{"type":"Feature","geometry":{"type":"Point","coordinates":[-79.459593,43.655815]},"properties":{"name":"Keele Station at Bus Bay 2","band":4,"modes":"bus","arr":["80"],"off":[0,-0.8]}},{"type":"Feature","geometry":{"type":"Point","coordinates":[-79.459593,43.655815]},"properties":{"line":"80","mode":"bus","color":"#0059a9","colorDark":"#00294f","band":4,"off":[0,1.1]}},{"type":"Feature","geometry":{"type":"Point","coordinates":[-79.38892,43.676831]},"properties":{"name":"Rosedale Station at Bus Bay 2","band":4,"modes":"bus","arr":["82"],"off":[0,-0.8]}},{"type":"Feature","geometry":{"type":"Point","coordinates":[-79.38892,43.676831]},"properties":{"line":"82","mode":"bus","color":"#0059a9","colorDark":"#00294f","band":4,"off":[0,1.1]}},{"type":"Feature","geometry":{"type":"Point","coordinates":[-79.377678,43.685695]},"properties":{"name":"Summerhill Ave at Maclennan Ave","band":4,"modes":"bus","arr":["82"],"off":[0,-0.8]}},{"type":"Feature","geometry":{"type":"Point","coordinates":[-79.377678,43.685695]},"properties":{"line":"82","mode":"bus","color":"#0059a9","colorDark":"#00294f","band":4,"off":[0,1.1]}},{"type":"Feature","geometry":{"type":"Point","coordinates":[-79.338006,43.681066]},"properties":{"name":"Donlands Station at Bus Bay 3","band":4,"modes":"bus","arr":["83"],"off":[0,-0.8]}},{"type":"Feature","geometry":{"type":"Point","coordinates":[-79.338006,43.681066]},"properties":{"line":"83","mode":"bus","color":"#0059a9","colorDark":"#00294f","band":4,"off":[0,1.1]}},{"type":"Feature","geometry":{"type":"Point","coordinates":[-79.330238,43.656116]},"properties":{"name":"Lake Shore Garage Loop","band":4,"modes":"bus","arr":["114","325"],"off":[0,-0.8]}},{"type":"Feature","geometry":{"type":"Point","coordinates":[-79.330238,43.656116]},"properties":{"line":"114","mode":"bus","color":"#0059a9","colorDark":"#00294f","band":4,"off":[-1.7,1.1]}},{"type":"Feature","geometry":{"type":"Point","coordinates":[-79.330238,43.656116]},"properties":{"line":"325","mode":"bus","color":"#0059a9","colorDark":"#00294f","band":4,"off":[1.7,1.1]}},{"type":"Feature","geometry":{"type":"Point","coordinates":[-79.328985,43.65529]},"properties":{"name":"545 Commissioners St East Side","band":4,"modes":"bus","arr":["83"],"off":[0,-0.8]}},{"type":"Feature","geometry":{"type":"Point","coordinates":[-79.328985,43.65529]},"properties":{"line":"83","mode":"bus","color":"#0059a9","colorDark":"#00294f","band":4,"off":[0,1.1]}},{"type":"Feature","geometry":{"type":"Point","coordinates":[-79.538973,43.739087]},"properties":{"name":"Bradstock Rd at Weston Rd East Side","band":4,"modes":"bus","arr":["84","984"],"off":[0,-0.8]}},{"type":"Feature","geometry":{"type":"Point","coordinates":[-79.538973,43.739087]},"properties":{"line":"84","mode":"bus","color":"#0059a9","colorDark":"#00294f","band":4,"off":[-1.7,1.1]}},{"type":"Feature","geometry":{"type":"Point","coordinates":[-79.538973,43.739087]},"properties":{"line":"984","mode":"bus","color":"#0059a9","colorDark":"#00294f","band":4,"off":[1.7,1.1]}},{"type":"Feature","geometry":{"type":"Point","coordinates":[-79.533328,43.734771]},"properties":{"name":"Sheppard Ave West at Abraham Welsh Rd East Side","band":4,"modes":"bus","arr":["984"],"off":[0,-0.8]}},{"type":"Feature","geometry":{"type":"Point","coordinates":[-79.533328,43.734771]},"properties":{"line":"984","mode":"bus","color":"#0059a9","colorDark":"#00294f","band":4,"off":[0,1.1]}},{"type":"Feature","geometry":{"type":"Point","coordinates":[-79.412199,43.761501]},"properties":{"name":"Sheppard-Yonge Station at Bus Bay 6/6A","band":4,"modes":"bus","arr":["84","384","984"],"off":[0,-0.8]}},{"type":"Feature","geometry":{"type":"Point","coordinates":[-79.412199,43.761501]},"properties":{"name":"Sheppard-Yonge Station at Bus Bay 5/5A","band":4,"modes":"bus","arr":["84","384","984"],"off":[0,-4.1]}},{"type":"Feature","geometry":{"type":"Point","coordinates":[-79.412199,43.761501]},"properties":{"line":"84","mode":"bus","color":"#0059a9","colorDark":"#00294f","band":4,"off":[-3.4,1.1]}},{"type":"Feature","geometry":{"type":"Point","coordinates":[-79.412199,43.761501]},"properties":{"line":"384","mode":"bus","color":"#0059a9","colorDark":"#00294f","band":4,"off":[0,1.1]}},{"type":"Feature","geometry":{"type":"Point","coordinates":[-79.412199,43.761501]},"properties":{"line":"984","mode":"bus","color":"#0059a9","colorDark":"#00294f","band":4,"off":[3.4,1.1]}},{"type":"Feature","geometry":{"type":"Point","coordinates":[-79.179871,43.819761]},"properties":{"name":"Toronto Zoo","band":4,"modes":"bus","arr":["86","200"],"off":[0,-0.8]}},{"type":"Feature","geometry":{"type":"Point","coordinates":[-79.179871,43.819761]},"properties":{"line":"86","mode":"bus","color":"#0059a9","colorDark":"#00294f","band":4,"off":[-1.7,1.1]}},{"type":"Feature","geometry":{"type":"Point","coordinates":[-79.179871,43.819761]},"properties":{"line":"200","mode":"bus","color":"#0059a9","colorDark":"#00294f","band":4,"off":[1.7,1.1]}},{"type":"Feature","geometry":{"type":"Point","coordinates":[-79.301513,43.689135]},"properties":{"name":"Main Street Station at Bus Bay 3","band":4,"modes":"bus","arr":["87"],"off":[0,-0.8]}},{"type":"Feature","geometry":{"type":"Point","coordinates":[-79.301513,43.689135]},"properties":{"line":"87","mode":"bus","color":"#0059a9","colorDark":"#00294f","band":4,"off":[0,1.1]}},{"type":"Feature","geometry":{"type":"Point","coordinates":[-79.350941,43.712774]},"properties":{"name":"Wicksteed Ave at Leslie St","band":4,"modes":"bus","arr":["88","156"],"off":[0,-0.8]}},{"type":"Feature","geometry":{"type":"Point","coordinates":[-79.350941,43.712774]},"properties":{"line":"88","mode":"bus","color":"#0059a9","colorDark":"#00294f","band":4,"off":[-1.7,1.1]}},{"type":"Feature","geometry":{"type":"Point","coordinates":[-79.350941,43.712774]},"properties":{"line":"156","mode":"bus","color":"#0059a9","colorDark":"#00294f","band":4,"off":[1.7,1.1]}},{"type":"Feature","geometry":{"type":"Point","coordinates":[-79.436034,43.699762]},"properties":{"name":"Cedarvale Station at Bus Bay 5","band":4,"modes":"bus","arr":["90"],"off":[0,-0.8]}},{"type":"Feature","geometry":{"type":"Point","coordinates":[-79.436034,43.699762]},"properties":{"line":"90","mode":"bus","color":"#0059a9","colorDark":"#00294f","band":4,"off":[0,1.1]}},{"type":"Feature","geometry":{"type":"Point","coordinates":[-79.324573,43.740547]},"properties":{"name":"Railside Rd (West) at Lawrence Ave East","band":4,"modes":"bus","arr":["91"],"off":[0,-0.8]}},{"type":"Feature","geometry":{"type":"Point","coordinates":[-79.324573,43.740547]},"properties":{"line":"91","mode":"bus","color":"#0059a9","colorDark":"#00294f","band":4,"off":[0,1.1]}},{"type":"Feature","geometry":{"type":"Point","coordinates":[-79.312392,43.686511]},"properties":{"name":"Woodbine Station at Bus Bay 3","band":4,"modes":"bus","arr":["91","92","93"],"off":[0,-0.8]}},{"type":"Feature","geometry":{"type":"Point","coordinates":[-79.312392,43.686511]},"properties":{"name":"Woodbine Station at Bus Bay 2","band":4,"modes":"bus","arr":["91","92","93"],"off":[0,-3]}},{"type":"Feature","geometry":{"type":"Point","coordinates":[-79.312392,43.686511]},"properties":{"line":"91","mode":"bus","color":"#0059a9","colorDark":"#00294f","band":4,"off":[-3.4,1.1]}},{"type":"Feature","geometry":{"type":"Point","coordinates":[-79.312392,43.686511]},"properties":{"line":"92","mode":"bus","color":"#0059a9","colorDark":"#00294f","band":4,"off":[0,1.1]}},{"type":"Feature","geometry":{"type":"Point","coordinates":[-79.312392,43.686511]},"properties":{"line":"93","mode":"bus","color":"#0059a9","colorDark":"#00294f","band":4,"off":[3.4,1.1]}},{"type":"Feature","geometry":{"type":"Point","coordinates":[-79.309105,43.663402]},"properties":{"name":"Woodbine Beach Loop at Lake Shore Blvd East","band":4,"modes":"bus","arr":["92"],"off":[0,-0.8]}},{"type":"Feature","geometry":{"type":"Point","coordinates":[-79.309105,43.663402]},"properties":{"line":"92","mode":"bus","color":"#0059a9","colorDark":"#00294f","band":4,"off":[0,1.1]}},{"type":"Feature","geometry":{"type":"Point","coordinates":[-79.328265,43.704455]},"properties":{"name":"Parkview Hill Cres at Aspen Ave (North) East Side","band":4,"modes":"bus","arr":["93"],"off":[0,-0.8]}},{"type":"Feature","geometry":{"type":"Point","coordinates":[-79.328265,43.704455]},"properties":{"line":"93","mode":"bus","color":"#0059a9","colorDark":"#00294f","band":4,"off":[0,1.1]}},{"type":"Feature","geometry":{"type":"Point","coordinates":[-79.332829,43.759473]},"properties":{"name":"York Mills Rd at Valley Woods Rd","band":4,"modes":"bus","arr":["191"],"off":[0,-0.8]}},{"type":"Feature","geometry":{"type":"Point","coordinates":[-79.332829,43.759473]},"properties":{"line":"191","mode":"bus","color":"#0059a9","colorDark":"#00294f","band":4,"off":[0,1.1]}},{"type":"Feature","geometry":{"type":"Point","coordinates":[-79.149945,43.797761]},"properties":{"name":"Rylander Blvd at Kingston Rd","band":4,"modes":"bus","arr":["95"],"off":[0,-0.8]}},{"type":"Feature","geometry":{"type":"Point","coordinates":[-79.149945,43.797761]},"properties":{"line":"95","mode":"bus","color":"#0059a9","colorDark":"#00294f","band":4,"off":[0,1.1]}},{"type":"Feature","geometry":{"type":"Point","coordinates":[-79.327525,43.760734]},"properties":{"name":"York Mills Rd at Fenside Dr","band":4,"modes":"bus","arr":["122"],"off":[0,-0.8]}},{"type":"Feature","geometry":{"type":"Point","coordinates":[-79.327525,43.760734]},"properties":{"line":"122","mode":"bus","color":"#0059a9","colorDark":"#00294f","band":4,"off":[0,1.1]}},{"type":"Feature","geometry":{"type":"Point","coordinates":[-79.339301,43.757574]},"properties":{"name":"York Mills Rd at Lochinvar Cres","band":4,"modes":"bus","arr":["191"],"off":[0,-0.8]}},{"type":"Feature","geometry":{"type":"Point","coordinates":[-79.339301,43.757574]},"properties":{"line":"191","mode":"bus","color":"#0059a9","colorDark":"#00294f","band":4,"off":[0,1.1]}},{"type":"Feature","geometry":{"type":"Point","coordinates":[-79.614227,43.750843]},"properties":{"name":"263 Carrier Dr","band":4,"modes":"bus","arr":["96"],"off":[0,-0.8]}},{"type":"Feature","geometry":{"type":"Point","coordinates":[-79.614227,43.750843]},"properties":{"line":"96","mode":"bus","color":"#0059a9","colorDark":"#00294f","band":4,"off":[0,1.1]}},{"type":"Feature","geometry":{"type":"Point","coordinates":[-79.406147,43.745036]},"properties":{"name":"York Mills Station at Bus Bay 8","band":4,"modes":"bus","arr":["96","165","995"],"off":[0,-0.8]}},{"type":"Feature","geometry":{"type":"Point","coordinates":[-79.406147,43.745036]},"properties":{"name":"York Mills Station at Bus Bay 3","band":4,"modes":"bus","arr":["96","165","995"],"off":[0,-3]}},{"type":"Feature","geometry":{"type":"Point","coordinates":[-79.406147,43.745036]},"properties":{"name":"York Mills Station at Bus Bay 2","band":4,"modes":"bus","arr":["96","165","995"],"off":[0,-5.2]}},{"type":"Feature","geometry":{"type":"Point","coordinates":[-79.406147,43.745036]},"properties":{"line":"96","mode":"bus","color":"#0059a9","colorDark":"#00294f","band":4,"off":[-3.4,1.1]}},{"type":"Feature","geometry":{"type":"Point","coordinates":[-79.406147,43.745036]},"properties":{"line":"165","mode":"bus","color":"#0059a9","colorDark":"#00294f","band":4,"off":[0,1.1]}},{"type":"Feature","geometry":{"type":"Point","coordinates":[-79.406147,43.745036]},"properties":{"line":"995","mode":"bus","color":"#0059a9","colorDark":"#00294f","band":4,"off":[3.4,1.1]}},{"type":"Feature","geometry":{"type":"Point","coordinates":[-79.419835,43.793667]},"properties":{"name":"Moore Park Ave at Yonge St West Side","band":4,"modes":"bus","arr":["97"],"off":[0,-0.8]}},{"type":"Feature","geometry":{"type":"Point","coordinates":[-79.419835,43.793667]},"properties":{"line":"97","mode":"bus","color":"#0059a9","colorDark":"#00294f","band":4,"off":[0,1.1]}},{"type":"Feature","geometry":{"type":"Point","coordinates":[-79.435861,43.793125]},"properties":{"name":"Cactus Ave at Green Bush Rd West Side","band":4,"modes":"bus","arr":["98"],"off":[0,-0.8]}},{"type":"Feature","geometry":{"type":"Point","coordinates":[-79.435861,43.793125]},"properties":{"line":"98","mode":"bus","color":"#0059a9","colorDark":"#00294f","band":4,"off":[0,1.1]}},{"type":"Feature","geometry":{"type":"Point","coordinates":[-79.417955,43.798329]},"properties":{"name":"Steeles Ave East Loop","band":4,"modes":"bus","arr":["98","320"],"off":[0,-0.8]}},{"type":"Feature","geometry":{"type":"Point","coordinates":[-79.417955,43.798329]},"properties":{"line":"98","mode":"bus","color":"#0059a9","colorDark":"#00294f","band":4,"off":[-1.7,1.1]}},{"type":"Feature","geometry":{"type":"Point","coordinates":[-79.417955,43.798329]},"properties":{"line":"320","mode":"bus","color":"#0059a9","colorDark":"#00294f","band":4,"off":[1.7,1.1]}},{"type":"Feature","geometry":{"type":"Point","coordinates":[-79.532607,43.74518]},"properties":{"name":"Arrow Division Transportation Office","band":4,"modes":"bus","arr":["99"],"off":[0,-0.8]}},{"type":"Feature","geometry":{"type":"Point","coordinates":[-79.532607,43.74518]},"properties":{"line":"99","mode":"bus","color":"#0059a9","colorDark":"#00294f","band":4,"off":[0,1.1]}},{"type":"Feature","geometry":{"type":"Point","coordinates":[-79.530347,43.747578]},"properties":{"name":"Arrow Rd at Deerhide Cres (South)","band":4,"modes":"bus","arr":["99"],"off":[0,-0.8]}},{"type":"Feature","geometry":{"type":"Point","coordinates":[-79.530347,43.747578]},"properties":{"line":"99","mode":"bus","color":"#0059a9","colorDark":"#00294f","band":4,"off":[0,1.1]}},{"type":"Feature","geometry":{"type":"Point","coordinates":[-79.490868,43.765377]},"properties":{"name":"Finch West Station Bus Bay 2","band":4,"modes":"bus","arr":["101"],"off":[0,-0.8]}},{"type":"Feature","geometry":{"type":"Point","coordinates":[-79.490868,43.765377]},"properties":{"line":"101","mode":"bus","color":"#0059a9","colorDark":"#00294f","band":4,"off":[0,1.1]}},{"type":"Feature","geometry":{"type":"Point","coordinates":[-79.477841,43.733626]},"properties":{"name":"Locust Lodge Gardens at Stanley Greene Blvd","band":4,"modes":"bus","arr":["101"],"off":[0,-0.8]}},{"type":"Feature","geometry":{"type":"Point","coordinates":[-79.477841,43.733626]},"properties":{"line":"101","mode":"bus","color":"#0059a9","colorDark":"#00294f","band":4,"off":[0,1.1]}},{"type":"Feature","geometry":{"type":"Point","coordinates":[-79.268471,43.909772]},"properties":{"name":"Major Mackenzie Dr East at Markham Rd","band":4,"modes":"bus","arr":["102"],"off":[0,-0.8]}},{"type":"Feature","geometry":{"type":"Point","coordinates":[-79.268471,43.909772]},"properties":{"line":"102","mode":"bus","color":"#0059a9","colorDark":"#00294f","band":4,"off":[0,1.1]}},{"type":"Feature","geometry":{"type":"Point","coordinates":[-79.4002,43.73471]},"properties":{"name":"Doncliffe Loop at Glen Echo Rd","band":4,"modes":"bus","arr":["103"],"off":[0,-0.8]}},{"type":"Feature","geometry":{"type":"Point","coordinates":[-79.4002,43.73471]},"properties":{"line":"103","mode":"bus","color":"#0059a9","colorDark":"#00294f","band":4,"off":[0,1.1]}},{"type":"Feature","geometry":{"type":"Point","coordinates":[-79.462661,43.749576]},"properties":{"name":"Sheppard West Station at Bus Bay 11","band":4,"modes":"bus","arr":["104","105"],"off":[0,-0.8]}},{"type":"Feature","geometry":{"type":"Point","coordinates":[-79.462661,43.749576]},"properties":{"name":"Sheppard West Station at Bus Bay 10","band":4,"modes":"bus","arr":["104","105"],"off":[0,-3]}},{"type":"Feature","geometry":{"type":"Point","coordinates":[-79.462661,43.749576]},"properties":{"line":"104","mode":"bus","color":"#0059a9","colorDark":"#00294f","band":4,"off":[-1.7,1.1]}},{"type":"Feature","geometry":{"type":"Point","coordinates":[-79.462661,43.749576]},"properties":{"line":"105","mode":"bus","color":"#0059a9","colorDark":"#00294f","band":4,"off":[1.7,1.1]}},{"type":"Feature","geometry":{"type":"Point","coordinates":[-79.470071,43.786712]},"properties":{"name":"Dufferin St at Steeles Ave West South Side","band":4,"modes":"bus","arr":["105"],"off":[0,-0.8]}},{"type":"Feature","geometry":{"type":"Point","coordinates":[-79.470071,43.786712]},"properties":{"line":"105","mode":"bus","color":"#0059a9","colorDark":"#00294f","band":4,"off":[0,1.1]}},{"type":"Feature","geometry":{"type":"Point","coordinates":[-79.462247,43.7492]},"properties":{"name":"Sheppard West Station at Bus Bay 8","band":4,"modes":"bus","arr":["106","108"],"off":[0,-0.8]}},{"type":"Feature","geometry":{"type":"Point","coordinates":[-79.462247,43.7492]},"properties":{"name":"Sheppard West Station at Bus Bay 3","band":4,"modes":"bus","arr":["106","108"],"off":[0,-3]}},{"type":"Feature","geometry":{"type":"Point","coordinates":[-79.462247,43.7492]},"properties":{"line":"106","mode":"bus","color":"#0059a9","colorDark":"#00294f","band":4,"off":[-1.7,1.1]}},{"type":"Feature","geometry":{"type":"Point","coordinates":[-79.462247,43.7492]},"properties":{"line":"108","mode":"bus","color":"#0059a9","colorDark":"#00294f","band":4,"off":[1.7,1.1]}},{"type":"Feature","geometry":{"type":"Point","coordinates":[-79.490803,43.764664]},"properties":{"name":"Finch West Station Bus Bay 5","band":4,"modes":"bus","arr":["107"],"off":[0,-0.8]}},{"type":"Feature","geometry":{"type":"Point","coordinates":[-79.490803,43.764664]},"properties":{"line":"107","mode":"bus","color":"#0059a9","colorDark":"#00294f","band":4,"off":[0,1.1]}},{"type":"Feature","geometry":{"type":"Point","coordinates":[-79.461813,43.748734]},"properties":{"name":"Sheppard West Station at Bus Bay 5","band":4,"modes":"bus","arr":["107"],"off":[0,-0.8]}},{"type":"Feature","geometry":{"type":"Point","coordinates":[-79.461813,43.748734]},"properties":{"line":"107","mode":"bus","color":"#0059a9","colorDark":"#00294f","band":4,"off":[0,1.1]}},{"type":"Feature","geometry":{"type":"Point","coordinates":[-79.433419,43.731328]},"properties":{"name":"Neptune Dr at Bathurst St","band":4,"modes":"bus","arr":["109"],"off":[0,-0.8]}},{"type":"Feature","geometry":{"type":"Point","coordinates":[-79.433419,43.731328]},"properties":{"line":"109","mode":"bus","color":"#0059a9","colorDark":"#00294f","band":4,"off":[0,1.1]}},{"type":"Feature","geometry":{"type":"Point","coordinates":[-79.543709,43.592123]},"properties":{"name":"Long Branch Loop","band":4,"modes":"bus,tram","arr":["110","123","315","507"],"off":[0,-0.8]}},{"type":"Feature","geometry":{"type":"Point","coordinates":[-79.543709,43.592123]},"properties":{"line":"110","mode":"bus","color":"#0059a9","colorDark":"#00294f","band":4,"off":[-5.1,1.1]}},{"type":"Feature","geometry":{"type":"Point","coordinates":[-79.543709,43.592123]},"properties":{"line":"123","mode":"bus","color":"#0059a9","colorDark":"#00294f","band":4,"off":[-1.7,1.1]}},{"type":"Feature","geometry":{"type":"Point","coordinates":[-79.543709,43.592123]},"properties":{"line":"315","mode":"bus","color":"#0059a9","colorDark":"#00294f","band":4,"off":[1.7,1.1]}},{"type":"Feature","geometry":{"type":"Point","coordinates":[-79.543709,43.592123]},"properties":{"line":"507","mode":"tram","color":"#d6212b","colorDark":"#7c1116","band":4,"off":[5.1,1.1]}},{"type":"Feature","geometry":{"type":"Point","coordinates":[-79.568557,43.675782]},"properties":{"name":"Willowridge Rd at Richgrove Dr","band":4,"modes":"bus","arr":["111"],"off":[0,-0.8]}},{"type":"Feature","geometry":{"type":"Point","coordinates":[-79.568557,43.675782]},"properties":{"line":"111","mode":"bus","color":"#0059a9","colorDark":"#00294f","band":4,"off":[0,1.1]}},{"type":"Feature","geometry":{"type":"Point","coordinates":[-79.536089,43.637383]},"properties":{"name":"Kipling Station at Bus Bay 3","band":4,"modes":"bus","arr":["111","112","123"],"off":[0,-0.8]}},{"type":"Feature","geometry":{"type":"Point","coordinates":[-79.536089,43.637383]},"properties":{"name":"Kipling Station at Bus Bay 2","band":4,"modes":"bus","arr":["111","112","123"],"off":[0,-3]}},{"type":"Feature","geometry":{"type":"Point","coordinates":[-79.536089,43.637383]},"properties":{"name":"Kipling Station at Bus Bay 1","band":4,"modes":"bus","arr":["111","112","123"],"off":[0,-5.2]}},{"type":"Feature","geometry":{"type":"Point","coordinates":[-79.536089,43.637383]},"properties":{"line":"111","mode":"bus","color":"#0059a9","colorDark":"#00294f","band":4,"off":[-3.4,1.1]}},{"type":"Feature","geometry":{"type":"Point","coordinates":[-79.536089,43.637383]},"properties":{"line":"112","mode":"bus","color":"#0059a9","colorDark":"#00294f","band":4,"off":[0,1.1]}},{"type":"Feature","geometry":{"type":"Point","coordinates":[-79.536089,43.637383]},"properties":{"line":"123","mode":"bus","color":"#0059a9","colorDark":"#00294f","band":4,"off":[3.4,1.1]}},{"type":"Feature","geometry":{"type":"Point","coordinates":[-79.590522,43.676974]},"properties":{"name":"International Blvd at Carlingview Dr East Side","band":4,"modes":"bus","arr":["112"],"off":[0,-0.8]}},{"type":"Feature","geometry":{"type":"Point","coordinates":[-79.590522,43.676974]},"properties":{"line":"112","mode":"bus","color":"#0059a9","colorDark":"#00294f","band":4,"off":[0,1.1]}},{"type":"Feature","geometry":{"type":"Point","coordinates":[-79.59138,43.677409]},"properties":{"name":"Carlingview Dr at Renforth Dr","band":4,"modes":"bus","arr":["112"],"off":[0,-0.8]}},{"type":"Feature","geometry":{"type":"Point","coordinates":[-79.59138,43.677409]},"properties":{"line":"112","mode":"bus","color":"#0059a9","colorDark":"#00294f","band":4,"off":[0,1.1]}},{"type":"Feature","geometry":{"type":"Point","coordinates":[-79.377856,43.64626]},"properties":{"name":"1 Front St West - Union Station","band":4,"modes":"bus","arr":["114","121","202"],"off":[0,-0.8]}},{"type":"Feature","geometry":{"type":"Point","coordinates":[-79.377856,43.64626]},"properties":{"line":"114","mode":"bus","color":"#0059a9","colorDark":"#00294f","band":4,"off":[-3.4,1.1]}},{"type":"Feature","geometry":{"type":"Point","coordinates":[-79.377856,43.64626]},"properties":{"line":"121","mode":"bus","color":"#0059a9","colorDark":"#00294f","band":4,"off":[0,1.1]}},{"type":"Feature","geometry":{"type":"Point","coordinates":[-79.377856,43.64626]},"properties":{"line":"202","mode":"bus","color":"#0059a9","colorDark":"#00294f","band":4,"off":[3.4,1.1]}},{"type":"Feature","geometry":{"type":"Point","coordinates":[-79.364608,43.762617]},"properties":{"name":"Davean Dr at Woodsworth Rd West Side","band":4,"modes":"bus","arr":["115"],"off":[0,-0.8]}},{"type":"Feature","geometry":{"type":"Point","coordinates":[-79.364608,43.762617]},"properties":{"line":"115","mode":"bus","color":"#0059a9","colorDark":"#00294f","band":4,"off":[0,1.1]}},{"type":"Feature","geometry":{"type":"Point","coordinates":[-79.28862,43.694118]},"properties":{"name":"Victoria Park Station at Bus Bay 3","band":4,"modes":"bus","arr":["117"],"off":[0,-0.8]}},{"type":"Feature","geometry":{"type":"Point","coordinates":[-79.28862,43.694118]},"properties":{"line":"117","mode":"bus","color":"#0059a9","colorDark":"#00294f","band":4,"off":[0,1.1]}},{"type":"Feature","geometry":{"type":"Point","coordinates":[-79.559432,43.737071]},"properties":{"name":"Thistle Down Blvd at Barkwin Dr West Side","band":4,"modes":"bus","arr":["118"],"off":[0,-0.8]}},{"type":"Feature","geometry":{"type":"Point","coordinates":[-79.559432,43.737071]},"properties":{"line":"118","mode":"bus","color":"#0059a9","colorDark":"#00294f","band":4,"off":[0,1.1]}},{"type":"Feature","geometry":{"type":"Point","coordinates":[-79.450907,43.734943]},"properties":{"name":"Wilson Station at Lower Bus Bay 8","band":4,"modes":"bus","arr":["118","119","184"],"off":[0,-0.8]}},{"type":"Feature","geometry":{"type":"Point","coordinates":[-79.450907,43.734943]},"properties":{"name":"Wilson Station at Bus Bay 6","band":4,"modes":"bus","arr":["118","119","184"],"off":[0,-3]}},{"type":"Feature","geometry":{"type":"Point","coordinates":[-79.450907,43.734943]},"properties":{"name":"Wilson Station at Bus Bay 5","band":4,"modes":"bus","arr":["118","119","184"],"off":[0,-5.2]}},{"type":"Feature","geometry":{"type":"Point","coordinates":[-79.450907,43.734943]},"properties":{"line":"118","mode":"bus","color":"#0059a9","colorDark":"#00294f","band":4,"off":[-3.4,1.1]}},{"type":"Feature","geometry":{"type":"Point","coordinates":[-79.450907,43.734943]},"properties":{"line":"119","mode":"bus","color":"#0059a9","colorDark":"#00294f","band":4,"off":[0,1.1]}},{"type":"Feature","geometry":{"type":"Point","coordinates":[-79.450907,43.734943]},"properties":{"line":"184","mode":"bus","color":"#0059a9","colorDark":"#00294f","band":4,"off":[3.4,1.1]}},{"type":"Feature","geometry":{"type":"Point","coordinates":[-79.553016,43.751636]},"properties":{"name":"Milvan Dr at Penn Drive S North Side","band":4,"modes":"bus","arr":["119","166"],"off":[0,-0.8]}},{"type":"Feature","geometry":{"type":"Point","coordinates":[-79.553016,43.751636]},"properties":{"name":"Milvan Dr at Penn Dr (South)","band":4,"modes":"bus","arr":["119","166"],"off":[0,-3]}},{"type":"Feature","geometry":{"type":"Point","coordinates":[-79.553016,43.751636]},"properties":{"line":"119","mode":"bus","color":"#0059a9","colorDark":"#00294f","band":4,"off":[-1.7,1.1]}},{"type":"Feature","geometry":{"type":"Point","coordinates":[-79.553016,43.751636]},"properties":{"line":"166","mode":"bus","color":"#0059a9","colorDark":"#00294f","band":4,"off":[1.7,1.1]}},{"type":"Feature","geometry":{"type":"Point","coordinates":[-79.501214,43.740852]},"properties":{"name":"Northover St at Sheppard Ave West South Side","band":4,"modes":"bus","arr":["120"],"off":[0,-0.8]}},{"type":"Feature","geometry":{"type":"Point","coordinates":[-79.501214,43.740852]},"properties":{"line":"120","mode":"bus","color":"#0059a9","colorDark":"#00294f","band":4,"off":[0,1.1]}},{"type":"Feature","geometry":{"type":"Point","coordinates":[-79.450629,43.734183]},"properties":{"name":"Wilson Station at Lower Bus Bay 4","band":4,"modes":"bus","arr":["120","160"],"off":[0,-0.8]}},{"type":"Feature","geometry":{"type":"Point","coordinates":[-79.450629,43.734183]},"properties":{"name":"Wilson Station at Bus Bay 8","band":4,"modes":"bus","arr":["120","160"],"off":[0,-3]}},{"type":"Feature","geometry":{"type":"Point","coordinates":[-79.450629,43.734183]},"properties":{"line":"120","mode":"bus","color":"#0059a9","colorDark":"#00294f","band":4,"off":[-1.7,1.1]}},{"type":"Feature","geometry":{"type":"Point","coordinates":[-79.450629,43.734183]},"properties":{"line":"160","mode":"bus","color":"#0059a9","colorDark":"#00294f","band":4,"off":[1.7,1.1]}},{"type":"Feature","geometry":{"type":"Point","coordinates":[-79.354923,43.665677]},"properties":{"name":"Jack Layton Way at St Matthews Rd","band":4,"modes":"bus","arr":["121"],"off":[0,-0.8]}},{"type":"Feature","geometry":{"type":"Point","coordinates":[-79.354923,43.665677]},"properties":{"line":"121","mode":"bus","color":"#0059a9","colorDark":"#00294f","band":4,"off":[0,1.1]}},{"type":"Feature","geometry":{"type":"Point","coordinates":[-79.402289,43.725196]},"properties":{"name":"Lawrence Station at Bus Bay 4","band":4,"modes":"bus","arr":["124","952"],"off":[0,-0.8]}},{"type":"Feature","geometry":{"type":"Point","coordinates":[-79.402289,43.725196]},"properties":{"name":"Lawrence Station at Bus Bay 1","band":4,"modes":"bus","arr":["124","952"],"off":[0,-3]}},{"type":"Feature","geometry":{"type":"Point","coordinates":[-79.402289,43.725196]},"properties":{"line":"124","mode":"bus","color":"#0059a9","colorDark":"#00294f","band":4,"off":[-1.7,1.1]}},{"type":"Feature","geometry":{"type":"Point","coordinates":[-79.402289,43.725196]},"properties":{"line":"952","mode":"bus","color":"#0059a9","colorDark":"#00294f","band":4,"off":[1.7,1.1]}},{"type":"Feature","geometry":{"type":"Point","coordinates":[-79.451785,43.779444]},"properties":{"name":"Antibes Dr (South) at Torresdale Ave East Side","band":4,"modes":"bus","arr":["125"],"off":[0,-0.8]}},{"type":"Feature","geometry":{"type":"Point","coordinates":[-79.451785,43.779444]},"properties":{"line":"125","mode":"bus","color":"#0059a9","colorDark":"#00294f","band":4,"off":[0,1.1]}},{"type":"Feature","geometry":{"type":"Point","coordinates":[-79.418619,43.664114]},"properties":{"name":"Christie Station North Side","band":4,"modes":"bus","arr":["126"],"off":[0,-0.8]}},{"type":"Feature","geometry":{"type":"Point","coordinates":[-79.418619,43.664114]},"properties":{"line":"126","mode":"bus","color":"#0059a9","colorDark":"#00294f","band":4,"off":[0,1.1]}},{"type":"Feature","geometry":{"type":"Point","coordinates":[-79.463494,43.674074]},"properties":{"name":"Townsley Loop at Tonwsley St","band":4,"modes":"bus","arr":["127"],"off":[0,-0.8]}},{"type":"Feature","geometry":{"type":"Point","coordinates":[-79.463494,43.674074]},"properties":{"line":"127","mode":"bus","color":"#0059a9","colorDark":"#00294f","band":4,"off":[0,1.1]}},{"type":"Feature","geometry":{"type":"Point","coordinates":[-79.403724,43.667244]},"properties":{"name":"Spadina Station Streetcar Platform","band":4,"modes":"bus,tram","arr":["127","310","510"],"off":[0,-0.8]}},{"type":"Feature","geometry":{"type":"Point","coordinates":[-79.403724,43.667244]},"properties":{"name":"Spadina Station at Bus Bay 4","band":4,"modes":"bus,tram","arr":["127","310","510"],"off":[0,-3]}},{"type":"Feature","geometry":{"type":"Point","coordinates":[-79.403724,43.667244]},"properties":{"line":"127","mode":"bus","color":"#0059a9","colorDark":"#00294f","band":4,"off":[-3.4,1.1]}},{"type":"Feature","geometry":{"type":"Point","coordinates":[-79.403724,43.667244]},"properties":{"line":"310","mode":"tram","color":"#d6212b","colorDark":"#7c1116","band":4,"off":[0,1.1]}},{"type":"Feature","geometry":{"type":"Point","coordinates":[-79.403724,43.667244]},"properties":{"line":"510","mode":"tram","color":"#d6212b","colorDark":"#7c1116","band":4,"off":[3.4,1.1]}},{"type":"Feature","geometry":{"type":"Point","coordinates":[-79.304829,43.900709]},"properties":{"name":"Major Mackenzie Dr East at Ridgecrest Rd","band":4,"modes":"bus","arr":["129"],"off":[0,-0.8]}},{"type":"Feature","geometry":{"type":"Point","coordinates":[-79.304829,43.900709]},"properties":{"line":"129","mode":"bus","color":"#0059a9","colorDark":"#00294f","band":4,"off":[0,1.1]}},{"type":"Feature","geometry":{"type":"Point","coordinates":[-79.268323,43.83508]},"properties":{"name":"Middlefield Rd Loop at Steeles Ave East","band":4,"modes":"bus","arr":["130"],"off":[0,-0.8]}},{"type":"Feature","geometry":{"type":"Point","coordinates":[-79.268323,43.83508]},"properties":{"line":"130","mode":"bus","color":"#0059a9","colorDark":"#00294f","band":4,"off":[0,1.1]}},{"type":"Feature","geometry":{"type":"Point","coordinates":[-79.201765,43.82182]},"properties":{"name":"Morningview Trail at Old Finch Ave","band":4,"modes":"bus","arr":["131"],"off":[0,-0.8]}},{"type":"Feature","geometry":{"type":"Point","coordinates":[-79.201765,43.82182]},"properties":{"line":"131","mode":"bus","color":"#0059a9","colorDark":"#00294f","band":4,"off":[0,1.1]}},{"type":"Feature","geometry":{"type":"Point","coordinates":[-79.213462,43.814362]},"properties":{"name":"Sewells Rd at Hupfield Trail West Side","band":4,"modes":"bus","arr":["132"],"off":[0,-0.8]}},{"type":"Feature","geometry":{"type":"Point","coordinates":[-79.213462,43.814362]},"properties":{"line":"132","mode":"bus","color":"#0059a9","colorDark":"#00294f","band":4,"off":[0,1.1]}},{"type":"Feature","geometry":{"type":"Point","coordinates":[-79.225859,43.812373]},"properties":{"name":"Neilson Rd at Crow Trail","band":4,"modes":"bus","arr":["339"],"off":[0,-0.8]}},{"type":"Feature","geometry":{"type":"Point","coordinates":[-79.225859,43.812373]},"properties":{"line":"339","mode":"bus","color":"#0059a9","colorDark":"#00294f","band":4,"off":[0,1.1]}},{"type":"Feature","geometry":{"type":"Point","coordinates":[-79.232191,43.817131]},"properties":{"name":"Finchdene Sq (East) at Finchdene Sq (South)","band":4,"modes":"bus","arr":["134"],"off":[0,-0.8]}},{"type":"Feature","geometry":{"type":"Point","coordinates":[-79.232191,43.817131]},"properties":{"line":"134","mode":"bus","color":"#0059a9","colorDark":"#00294f","band":4,"off":[0,1.1]}},{"type":"Feature","geometry":{"type":"Point","coordinates":[-79.237881,43.81886]},"properties":{"name":"Newgale Gate at Finchdene Sq West Side","band":4,"modes":"bus","arr":["334","339","353"],"off":[0,-0.8]}},{"type":"Feature","geometry":{"type":"Point","coordinates":[-79.237881,43.81886]},"properties":{"name":"Newgale Gate at Finchdene Sq","band":4,"modes":"bus","arr":["334","339","353"],"off":[0,-4.1]}},{"type":"Feature","geometry":{"type":"Point","coordinates":[-79.237881,43.81886]},"properties":{"line":"334","mode":"bus","color":"#0059a9","colorDark":"#00294f","band":4,"off":[-3.4,1.1]}},{"type":"Feature","geometry":{"type":"Point","coordinates":[-79.237881,43.81886]},"properties":{"line":"339","mode":"bus","color":"#0059a9","colorDark":"#00294f","band":4,"off":[0,1.1]}},{"type":"Feature","geometry":{"type":"Point","coordinates":[-79.237881,43.81886]},"properties":{"line":"353","mode":"bus","color":"#0059a9","colorDark":"#00294f","band":4,"off":[3.4,1.1]}},{"type":"Feature","geometry":{"type":"Point","coordinates":[-79.258742,43.774316]},"properties":{"name":"Scarborough Centre Station at Bus Bay 2","band":4,"modes":"bus","arr":["134","996"],"off":[0,-0.8]}},{"type":"Feature","geometry":{"type":"Point","coordinates":[-79.258742,43.774316]},"properties":{"name":"Scarborough Centre Station at Bus Bay 11","band":4,"modes":"bus","arr":["134","996"],"off":[0,-4.1]}},{"type":"Feature","geometry":{"type":"Point","coordinates":[-79.258742,43.774316]},"properties":{"line":"134","mode":"bus","color":"#0059a9","colorDark":"#00294f","band":4,"off":[-1.7,1.1]}},{"type":"Feature","geometry":{"type":"Point","coordinates":[-79.258742,43.774316]},"properties":{"line":"996","mode":"bus","color":"#0059a9","colorDark":"#00294f","band":4,"off":[1.7,1.1]}},{"type":"Feature","geometry":{"type":"Point","coordinates":[-79.535428,43.63748]},"properties":{"name":"Kipling Station at Bus Bay 4","band":4,"modes":"metro,bus","arr":["2","149","900"],"off":[0,-0.8]}},{"type":"Feature","geometry":{"type":"Point","coordinates":[-79.535428,43.63748]},"properties":{"name":"Kipling Station - Subway Platform","band":4,"modes":"metro,bus","arr":["2","149","900"],"off":[0,-3]}},{"type":"Feature","geometry":{"type":"Point","coordinates":[-79.535428,43.63748]},"properties":{"name":"Kipling Station","band":4,"modes":"metro,bus","arr":["2","149","900"],"off":[0,-5.2]}},{"type":"Feature","geometry":{"type":"Point","coordinates":[-79.535428,43.63748]},"properties":{"line":"2","mode":"tram","color":"#008000","colorDark":"#004600","band":4,"metro":1,"off":[-3.4,1.1]}},{"type":"Feature","geometry":{"type":"Point","coordinates":[-79.535428,43.63748]},"properties":{"line":"149","mode":"bus","color":"#0059a9","colorDark":"#00294f","band":4,"off":[0,1.1]}},{"type":"Feature","geometry":{"type":"Point","coordinates":[-79.535428,43.63748]},"properties":{"line":"900","mode":"bus","color":"#0059a9","colorDark":"#00294f","band":4,"off":[3.4,1.1]}},{"type":"Feature","geometry":{"type":"Point","coordinates":[-79.173436,43.79042]},"properties":{"name":"Morrish Rd at Ellesmere Rd","band":4,"modes":"bus","arr":["154"],"off":[0,-0.8]}},{"type":"Feature","geometry":{"type":"Point","coordinates":[-79.173436,43.79042]},"properties":{"line":"154","mode":"bus","color":"#0059a9","colorDark":"#00294f","band":4,"off":[0,1.1]}},{"type":"Feature","geometry":{"type":"Point","coordinates":[-79.474949,43.690673]},"properties":{"name":"Keelesdale Station at Bus Bay 4","band":4,"modes":"bus","arr":["158"],"off":[0,-0.8]}},{"type":"Feature","geometry":{"type":"Point","coordinates":[-79.474949,43.690673]},"properties":{"line":"158","mode":"bus","color":"#0059a9","colorDark":"#00294f","band":4,"off":[0,1.1]}},{"type":"Feature","geometry":{"type":"Point","coordinates":[-79.448364,43.802903]},"properties":{"name":"Bathurst St at Clark Ave West South Side","band":4,"modes":"bus","arr":["160"],"off":[0,-0.8]}},{"type":"Feature","geometry":{"type":"Point","coordinates":[-79.448364,43.802903]},"properties":{"line":"160","mode":"bus","color":"#0059a9","colorDark":"#00294f","band":4,"off":[0,1.1]}},{"type":"Feature","geometry":{"type":"Point","coordinates":[-79.402139,43.72484]},"properties":{"name":"Lawrence Station at Bus Bay 5","band":4,"modes":"bus","arr":["162"],"off":[0,-0.8]}},{"type":"Feature","geometry":{"type":"Point","coordinates":[-79.402139,43.72484]},"properties":{"line":"162","mode":"bus","color":"#0059a9","colorDark":"#00294f","band":4,"off":[0,1.1]}},{"type":"Feature","geometry":{"type":"Point","coordinates":[-79.337804,43.721225]},"properties":{"name":"Don Valley Station at Temporary Bus Bay 5","band":4,"modes":"bus","arr":["162","191"],"off":[0,-0.8]}},{"type":"Feature","geometry":{"type":"Point","coordinates":[-79.337804,43.721225]},"properties":{"line":"162","mode":"bus","color":"#0059a9","colorDark":"#00294f","band":4,"off":[-1.7,1.1]}},{"type":"Feature","geometry":{"type":"Point","coordinates":[-79.337804,43.721225]},"properties":{"line":"191","mode":"bus","color":"#0059a9","colorDark":"#00294f","band":4,"off":[1.7,1.1]}},{"type":"Feature","geometry":{"type":"Point","coordinates":[-79.545776,43.764768]},"properties":{"name":"Ormont Dr at Weston Rd","band":4,"modes":"bus","arr":["165"],"off":[0,-0.8]}},{"type":"Feature","geometry":{"type":"Point","coordinates":[-79.545776,43.764768]},"properties":{"line":"165","mode":"bus","color":"#0059a9","colorDark":"#00294f","band":4,"off":[0,1.1]}},{"type":"Feature","geometry":{"type":"Point","coordinates":[-79.543437,43.771141]},"properties":{"name":"Old Weston Rd at Steeles Ave West","band":4,"modes":"bus","arr":["989"],"off":[0,-0.8]}},{"type":"Feature","geometry":{"type":"Point","coordinates":[-79.543437,43.771141]},"properties":{"line":"989","mode":"bus","color":"#0059a9","colorDark":"#00294f","band":4,"off":[0,1.1]}},{"type":"Feature","geometry":{"type":"Point","coordinates":[-79.336893,43.818198]},"properties":{"name":"Esna Park Dr Loop at Steeles Ave East","band":4,"modes":"bus","arr":["167"],"off":[0,-0.8]}},{"type":"Feature","geometry":{"type":"Point","coordinates":[-79.336893,43.818198]},"properties":{"line":"167","mode":"bus","color":"#0059a9","colorDark":"#00294f","band":4,"off":[0,1.1]}},{"type":"Feature","geometry":{"type":"Point","coordinates":[-79.345793,43.775732]},"properties":{"name":"Don Mills Station at Bus Bay 9","band":4,"modes":"bus","arr":["167","904","985"],"off":[0,-0.8]}},{"type":"Feature","geometry":{"type":"Point","coordinates":[-79.345793,43.775732]},"properties":{"name":"Don Mills Station at Bus Bay 10","band":4,"modes":"bus","arr":["167","904","985"],"off":[0,-3]}},{"type":"Feature","geometry":{"type":"Point","coordinates":[-79.345793,43.775732]},"properties":{"line":"167","mode":"bus","color":"#0059a9","colorDark":"#00294f","band":4,"off":[-3.4,1.1]}},{"type":"Feature","geometry":{"type":"Point","coordinates":[-79.345793,43.775732]},"properties":{"line":"904","mode":"bus","color":"#0059a9","colorDark":"#00294f","band":4,"off":[0,1.1]}},{"type":"Feature","geometry":{"type":"Point","coordinates":[-79.345793,43.775732]},"properties":{"line":"985","mode":"bus","color":"#0059a9","colorDark":"#00294f","band":4,"off":[3.4,1.1]}},{"type":"Feature","geometry":{"type":"Point","coordinates":[-79.488299,43.688436]},"properties":{"name":"Mount Dennis Station at Bus Bay 5","band":4,"modes":"bus","arr":["168"],"off":[0,-0.8]}},{"type":"Feature","geometry":{"type":"Point","coordinates":[-79.488299,43.688436]},"properties":{"line":"168","mode":"bus","color":"#0059a9","colorDark":"#00294f","band":4,"off":[0,1.1]}},{"type":"Feature","geometry":{"type":"Point","coordinates":[-79.495259,43.676247]},"properties":{"name":"Alliance Ave at Jane St","band":4,"modes":"bus","arr":["171"],"off":[0,-0.8]}},{"type":"Feature","geometry":{"type":"Point","coordinates":[-79.495259,43.676247]},"properties":{"line":"171","mode":"bus","color":"#0059a9","colorDark":"#00294f","band":4,"off":[0,1.1]}},{"type":"Feature","geometry":{"type":"Point","coordinates":[-79.467874,43.736581]},"properties":{"name":"Ancaster Rd at Powell Rd South Side","band":4,"modes":"bus","arr":["184"],"off":[0,-0.8]}},{"type":"Feature","geometry":{"type":"Point","coordinates":[-79.467874,43.736581]},"properties":{"line":"184","mode":"bus","color":"#0059a9","colorDark":"#00294f","band":4,"off":[0,1.1]}},{"type":"Feature","geometry":{"type":"Point","coordinates":[-79.412128,43.761939]},"properties":{"name":"Sheppard-Yonge Station at Bus Bay 3/3A","band":4,"modes":"bus","arr":["185"],"off":[0,-0.8]}},{"type":"Feature","geometry":{"type":"Point","coordinates":[-79.412128,43.761939]},"properties":{"line":"185","mode":"bus","color":"#0059a9","colorDark":"#00294f","band":4,"off":[0,1.1]}},{"type":"Feature","geometry":{"type":"Point","coordinates":[-79.347003,43.776211]},"properties":{"name":"Don Mills Station at Bus Bay 15","band":4,"modes":"bus","arr":["185"],"off":[0,-0.8]}},{"type":"Feature","geometry":{"type":"Point","coordinates":[-79.347003,43.776211]},"properties":{"line":"185","mode":"bus","color":"#0059a9","colorDark":"#00294f","band":4,"off":[0,1.1]}},{"type":"Feature","geometry":{"type":"Point","coordinates":[-79.497207,43.666448]},"properties":{"name":"2672 St Clair Ave West","band":4,"modes":"bus","arr":["189"],"off":[0,-0.8]}},{"type":"Feature","geometry":{"type":"Point","coordinates":[-79.497207,43.666448]},"properties":{"line":"189","mode":"bus","color":"#0059a9","colorDark":"#00294f","band":4,"off":[0,1.1]}},{"type":"Feature","geometry":{"type":"Point","coordinates":[-79.471674,43.671878]},"properties":{"name":"Gunns Loop at St Clair Ave West","band":4,"modes":"tram,bus","arr":["312","340","512"],"off":[0,-0.8]}},{"type":"Feature","geometry":{"type":"Point","coordinates":[-79.471674,43.671878]},"properties":{"line":"312","mode":"tram","color":"#d6212b","colorDark":"#7c1116","band":4,"off":[-3.4,1.1]}},{"type":"Feature","geometry":{"type":"Point","coordinates":[-79.471674,43.671878]},"properties":{"line":"340","mode":"bus","color":"#0059a9","colorDark":"#00294f","band":4,"off":[0,1.1]}},{"type":"Feature","geometry":{"type":"Point","coordinates":[-79.471674,43.671878]},"properties":{"line":"512","mode":"tram","color":"#d6212b","colorDark":"#7c1116","band":4,"off":[3.4,1.1]}},{"type":"Feature","geometry":{"type":"Point","coordinates":[-79.228584,43.712869]},"properties":{"name":"Scarborough Bluffs Beach Loop at Bluffers Park","band":4,"modes":"bus","arr":["201"],"off":[0,-0.8]}},{"type":"Feature","geometry":{"type":"Point","coordinates":[-79.228584,43.712869]},"properties":{"line":"201","mode":"bus","color":"#0059a9","colorDark":"#00294f","band":4,"off":[0,1.1]}},{"type":"Feature","geometry":{"type":"Point","coordinates":[-79.344416,43.637007]},"properties":{"name":"Cherry Beach Loop at Clarke Beach","band":4,"modes":"bus","arr":["202"],"off":[0,-0.8]}},{"type":"Feature","geometry":{"type":"Point","coordinates":[-79.344416,43.637007]},"properties":{"line":"202","mode":"bus","color":"#0059a9","colorDark":"#00294f","band":4,"off":[0,1.1]}},{"type":"Feature","geometry":{"type":"Point","coordinates":[-79.46485,43.645536]},"properties":{"name":"Colborne Lodge Dr at Centre Rd","band":4,"modes":"bus","arr":["203"],"off":[0,-0.8]}},{"type":"Feature","geometry":{"type":"Point","coordinates":[-79.46485,43.645536]},"properties":{"line":"203","mode":"bus","color":"#0059a9","colorDark":"#00294f","band":4,"off":[0,1.1]}},{"type":"Feature","geometry":{"type":"Point","coordinates":[-79.620987,43.686789]},"properties":{"name":"Pearson Airport Terminal 3 (Arrivals Level Columns C8-C12)","band":4,"modes":"bus","arr":["300","352","900","952"],"off":[0,-0.8]}},{"type":"Feature","geometry":{"type":"Point","coordinates":[-79.620987,43.686789]},"properties":{"line":"300","mode":"bus","color":"#0059a9","colorDark":"#00294f","band":4,"off":[-5.1,1.1]}},{"type":"Feature","geometry":{"type":"Point","coordinates":[-79.620987,43.686789]},"properties":{"line":"352","mode":"bus","color":"#0059a9","colorDark":"#00294f","band":4,"off":[-1.7,1.1]}},{"type":"Feature","geometry":{"type":"Point","coordinates":[-79.620987,43.686789]},"properties":{"line":"900","mode":"bus","color":"#0059a9","colorDark":"#00294f","band":4,"off":[1.7,1.1]}},{"type":"Feature","geometry":{"type":"Point","coordinates":[-79.620987,43.686789]},"properties":{"line":"952","mode":"bus","color":"#0059a9","colorDark":"#00294f","band":4,"off":[5.1,1.1]}},{"type":"Feature","geometry":{"type":"Point","coordinates":[-79.611087,43.681868]},"properties":{"name":"Pearson Airport Terminal 1 (Ground Level Column R4)","band":4,"modes":"bus","arr":["300","352","900","952"],"off":[0,-0.8]}},{"type":"Feature","geometry":{"type":"Point","coordinates":[-79.611087,43.681868]},"properties":{"line":"300","mode":"bus","color":"#0059a9","colorDark":"#00294f","band":4,"off":[-5.1,1.1]}},{"type":"Feature","geometry":{"type":"Point","coordinates":[-79.611087,43.681868]},"properties":{"line":"352","mode":"bus","color":"#0059a9","colorDark":"#00294f","band":4,"off":[-1.7,1.1]}},{"type":"Feature","geometry":{"type":"Point","coordinates":[-79.611087,43.681868]},"properties":{"line":"900","mode":"bus","color":"#0059a9","colorDark":"#00294f","band":4,"off":[1.7,1.1]}},{"type":"Feature","geometry":{"type":"Point","coordinates":[-79.611087,43.681868]},"properties":{"line":"952","mode":"bus","color":"#0059a9","colorDark":"#00294f","band":4,"off":[5.1,1.1]}},{"type":"Feature","geometry":{"type":"Point","coordinates":[-79.415398,43.636379]},"properties":{"name":"Exhibition Loop","band":4,"modes":"bus,tram","arr":["307","329","363","511"],"off":[0,-0.8]}},{"type":"Feature","geometry":{"type":"Point","coordinates":[-79.415398,43.636379]},"properties":{"line":"307","mode":"bus","color":"#0059a9","colorDark":"#00294f","band":4,"off":[-5.1,1.1]}},{"type":"Feature","geometry":{"type":"Point","coordinates":[-79.415398,43.636379]},"properties":{"line":"329","mode":"bus","color":"#0059a9","colorDark":"#00294f","band":4,"off":[-1.7,1.1]}},{"type":"Feature","geometry":{"type":"Point","coordinates":[-79.415398,43.636379]},"properties":{"line":"363","mode":"bus","color":"#0059a9","colorDark":"#00294f","band":4,"off":[1.7,1.1]}},{"type":"Feature","geometry":{"type":"Point","coordinates":[-79.415398,43.636379]},"properties":{"line":"511","mode":"tram","color":"#d6212b","colorDark":"#7c1116","band":4,"off":[5.1,1.1]}},{"type":"Feature","geometry":{"type":"Point","coordinates":[-79.275157,43.83242]},"properties":{"name":"McCowan Rd Loop at Steeles Ave East","band":4,"modes":"bus","arr":["316"],"off":[0,-0.8]}},{"type":"Feature","geometry":{"type":"Point","coordinates":[-79.275157,43.83242]},"properties":{"line":"316","mode":"bus","color":"#0059a9","colorDark":"#00294f","band":4,"off":[0,1.1]}},{"type":"Feature","geometry":{"type":"Point","coordinates":[-79.375188,43.642746]},"properties":{"name":"Yonge St at Queens Quay East North Side","band":4,"modes":"bus","arr":["320"],"off":[0,-0.8]}},{"type":"Feature","geometry":{"type":"Point","coordinates":[-79.375188,43.642746]},"properties":{"line":"320","mode":"bus","color":"#0059a9","colorDark":"#00294f","band":4,"off":[0,1.1]}},{"type":"Feature","geometry":{"type":"Point","coordinates":[-79.436717,43.698597]},"properties":{"name":"Eglinton Ave West at Everden Rd (Eglinton West Sta","band":4,"modes":"bus","arr":["363"],"off":[0,-0.8]}},{"type":"Feature","geometry":{"type":"Point","coordinates":[-79.436717,43.698597]},"properties":{"line":"363","mode":"bus","color":"#0059a9","colorDark":"#00294f","band":4,"off":[0,1.1]}},{"type":"Feature","geometry":{"type":"Point","coordinates":[-79.414914,43.779839]},"properties":{"name":"Finch Ave East at Yonge St East Side","band":4,"modes":"bus","arr":["336","339"],"off":[0,-0.8]}},{"type":"Feature","geometry":{"type":"Point","coordinates":[-79.414914,43.779839]},"properties":{"line":"336","mode":"bus","color":"#0059a9","colorDark":"#00294f","band":4,"off":[-1.7,1.1]}},{"type":"Feature","geometry":{"type":"Point","coordinates":[-79.414914,43.779839]},"properties":{"line":"339","mode":"bus","color":"#0059a9","colorDark":"#00294f","band":4,"off":[1.7,1.1]}},{"type":"Feature","geometry":{"type":"Point","coordinates":[-79.576507,43.764114]},"properties":{"name":"Steeles Ave West Loop at Islington Ave","band":4,"modes":"bus","arr":["337","384","937"],"off":[0,-0.8]}},{"type":"Feature","geometry":{"type":"Point","coordinates":[-79.576507,43.764114]},"properties":{"line":"337","mode":"bus","color":"#0059a9","colorDark":"#00294f","band":4,"off":[-3.4,1.1]}},{"type":"Feature","geometry":{"type":"Point","coordinates":[-79.576507,43.764114]},"properties":{"line":"384","mode":"bus","color":"#0059a9","colorDark":"#00294f","band":4,"off":[0,1.1]}},{"type":"Feature","geometry":{"type":"Point","coordinates":[-79.576507,43.764114]},"properties":{"line":"937","mode":"bus","color":"#0059a9","colorDark":"#00294f","band":4,"off":[3.4,1.1]}},{"type":"Feature","geometry":{"type":"Point","coordinates":[-79.506534,43.600756]},"properties":{"name":"Eighth St at Lake Shore Blvd West North Side","band":4,"modes":"bus","arr":["337"],"off":[0,-0.8]}},{"type":"Feature","geometry":{"type":"Point","coordinates":[-79.506534,43.600756]},"properties":{"line":"337","mode":"bus","color":"#0059a9","colorDark":"#00294f","band":4,"off":[0,1.1]}},{"type":"Feature","geometry":{"type":"Point","coordinates":[-79.46072,43.656448]},"properties":{"name":"66 Keele St","band":4,"modes":"bus","arr":["341"],"off":[0,-0.8]}},{"type":"Feature","geometry":{"type":"Point","coordinates":[-79.46072,43.656448]},"properties":{"line":"341","mode":"bus","color":"#0059a9","colorDark":"#00294f","band":4,"off":[0,1.1]}},{"type":"Feature","geometry":{"type":"Point","coordinates":[-79.436555,43.699435]},"properties":{"name":"Cedarvale Station at Bus Bay 2","band":4,"modes":"bus","arr":["363"],"off":[0,-0.8]}},{"type":"Feature","geometry":{"type":"Point","coordinates":[-79.436555,43.699435]},"properties":{"line":"363","mode":"bus","color":"#0059a9","colorDark":"#00294f","band":4,"off":[0,1.1]}},{"type":"Feature","geometry":{"type":"Point","coordinates":[-79.409853,43.76171]},"properties":{"name":"Sheppard-Yonge Station - Subway Platform","band":4,"modes":"metro,bus","arr":["4","385"],"off":[0,-0.8]}},{"type":"Feature","geometry":{"type":"Point","coordinates":[-79.409853,43.76171]},"properties":{"name":"Sheppard Ave East at Yonge St East Side","band":4,"modes":"metro,bus","arr":["4","385"],"off":[0,-4.1]}},{"type":"Feature","geometry":{"type":"Point","coordinates":[-79.409853,43.76171]},"properties":{"line":"4","mode":"tram","color":"#B300B3","colorDark":"#620062","band":4,"metro":1,"off":[-1.7,1.1]}},{"type":"Feature","geometry":{"type":"Point","coordinates":[-79.409853,43.76171]},"properties":{"line":"385","mode":"bus","color":"#0059a9","colorDark":"#00294f","band":4,"off":[1.7,1.1]}},{"type":"Feature","geometry":{"type":"Point","coordinates":[-79.410595,43.761645]},"properties":{"name":"Sheppard Ave East at Yonge St","band":4,"modes":"bus","arr":["385"],"off":[0,-0.8]}},{"type":"Feature","geometry":{"type":"Point","coordinates":[-79.410595,43.761645]},"properties":{"line":"385","mode":"bus","color":"#0059a9","colorDark":"#00294f","band":4,"off":[0,1.1]}},{"type":"Feature","geometry":{"type":"Point","coordinates":[-79.170819,43.809172]},"properties":{"name":"Meadowvale Loop at Sheppard Ave East","band":4,"modes":"bus","arr":["386","985","986"],"off":[0,-0.8]}},{"type":"Feature","geometry":{"type":"Point","coordinates":[-79.170819,43.809172]},"properties":{"line":"386","mode":"bus","color":"#0059a9","colorDark":"#00294f","band":4,"off":[-3.4,1.1]}},{"type":"Feature","geometry":{"type":"Point","coordinates":[-79.170819,43.809172]},"properties":{"line":"985","mode":"bus","color":"#0059a9","colorDark":"#00294f","band":4,"off":[0,1.1]}},{"type":"Feature","geometry":{"type":"Point","coordinates":[-79.170819,43.809172]},"properties":{"line":"986","mode":"bus","color":"#0059a9","colorDark":"#00294f","band":4,"off":[3.4,1.1]}},{"type":"Feature","geometry":{"type":"Point","coordinates":[-79.4059,43.744303]},"properties":{"name":"York Mills Rd at Yonge St East Side","band":4,"modes":"bus","arr":["396"],"off":[0,-0.8]}},{"type":"Feature","geometry":{"type":"Point","coordinates":[-79.4059,43.744303]},"properties":{"name":"York Mills Rd at Yonge St","band":4,"modes":"bus","arr":["396"],"off":[0,-3]}},{"type":"Feature","geometry":{"type":"Point","coordinates":[-79.4059,43.744303]},"properties":{"line":"396","mode":"bus","color":"#0059a9","colorDark":"#00294f","band":4,"off":[0,1.1]}},{"type":"Feature","geometry":{"type":"Point","coordinates":[-79.488142,43.723559]},"properties":{"name":"Humber River Hospital","band":4,"modes":"bus","arr":["400"],"off":[0,-0.8]}},{"type":"Feature","geometry":{"type":"Point","coordinates":[-79.488142,43.723559]},"properties":{"line":"400","mode":"bus","color":"#0059a9","colorDark":"#00294f","band":4,"off":[0,1.1]}},{"type":"Feature","geometry":{"type":"Point","coordinates":[-79.433223,43.73797]},"properties":{"name":"270 Wilson Ave - No Frills","band":4,"modes":"bus","arr":["400"],"off":[0,-0.8]}},{"type":"Feature","geometry":{"type":"Point","coordinates":[-79.433223,43.73797]},"properties":{"line":"400","mode":"bus","color":"#0059a9","colorDark":"#00294f","band":4,"off":[0,1.1]}},{"type":"Feature","geometry":{"type":"Point","coordinates":[-79.434105,43.655969]},"properties":{"name":"Dufferin Mall","band":4,"modes":"bus","arr":["402"],"off":[0,-0.8]}},{"type":"Feature","geometry":{"type":"Point","coordinates":[-79.434105,43.655969]},"properties":{"line":"402","mode":"bus","color":"#0059a9","colorDark":"#00294f","band":4,"off":[0,1.1]}},{"type":"Feature","geometry":{"type":"Point","coordinates":[-79.432323,43.635329]},"properties":{"name":"Toronto Rehab - Bickle Centre at 130 Dunn Ave","band":4,"modes":"bus","arr":["402"],"off":[0,-0.8]}},{"type":"Feature","geometry":{"type":"Point","coordinates":[-79.432323,43.635329]},"properties":{"line":"402","mode":"bus","color":"#0059a9","colorDark":"#00294f","band":4,"off":[0,1.1]}},{"type":"Feature","geometry":{"type":"Point","coordinates":[-79.345589,43.733828]},"properties":{"name":"1050 Don Mills Rd - Shops On Don Mills","band":4,"modes":"bus","arr":["403"],"off":[0,-0.8]}},{"type":"Feature","geometry":{"type":"Point","coordinates":[-79.345589,43.733828]},"properties":{"line":"403","mode":"bus","color":"#0059a9","colorDark":"#00294f","band":4,"off":[0,1.1]}},{"type":"Feature","geometry":{"type":"Point","coordinates":[-79.347469,43.706655]},"properties":{"name":"East York Town Centre","band":4,"modes":"bus","arr":["403"],"off":[0,-0.8]}},{"type":"Feature","geometry":{"type":"Point","coordinates":[-79.347469,43.706655]},"properties":{"line":"403","mode":"bus","color":"#0059a9","colorDark":"#00294f","band":4,"off":[0,1.1]}},{"type":"Feature","geometry":{"type":"Point","coordinates":[-79.283052,43.680963]},"properties":{"name":"1091 Kingston Rd - Henley Gardens","band":4,"modes":"bus","arr":["404"],"off":[0,-0.8]}},{"type":"Feature","geometry":{"type":"Point","coordinates":[-79.283052,43.680963]},"properties":{"line":"404","mode":"bus","color":"#0059a9","colorDark":"#00294f","band":4,"off":[0,1.1]}},{"type":"Feature","geometry":{"type":"Point","coordinates":[-79.552446,43.680683]},"properties":{"name":"1540 Kipling Ave - Richview Residence - Kipling Building","band":4,"modes":"bus","arr":["405"],"off":[0,-0.8]}},{"type":"Feature","geometry":{"type":"Point","coordinates":[-79.552446,43.680683]},"properties":{"line":"405","mode":"bus","color":"#0059a9","colorDark":"#00294f","band":4,"off":[0,1.1]}},{"type":"Feature","geometry":{"type":"Point","coordinates":[-79.507803,43.689578]},"properties":{"name":"170 Emmett Ave - West Park Healthcare Centre - Main Entrance","band":4,"modes":"bus","arr":["405"],"off":[0,-0.8]}},{"type":"Feature","geometry":{"type":"Point","coordinates":[-79.507803,43.689578]},"properties":{"line":"405","mode":"bus","color":"#0059a9","colorDark":"#00294f","band":4,"off":[0,1.1]}},{"type":"Feature","geometry":{"type":"Point","coordinates":[-79.197532,43.754507]},"properties":{"name":"130 Westlake Rd - Guildwood Station","band":4,"modes":"bus","arr":["406"],"off":[0,-0.8]}},{"type":"Feature","geometry":{"type":"Point","coordinates":[-79.197532,43.754507]},"properties":{"line":"406","mode":"bus","color":"#0059a9","colorDark":"#00294f","band":4,"off":[0,1.1]}},{"type":"Feature","geometry":{"type":"Point","coordinates":[-79.242302,43.835741]},"properties":{"name":"Morningside Ave at Passmore Ave - Amazon Fulfillment Centre","band":4,"modes":"bus","arr":["902"],"off":[0,-0.8]}},{"type":"Feature","geometry":{"type":"Point","coordinates":[-79.242302,43.835741]},"properties":{"line":"902","mode":"bus","color":"#0059a9","colorDark":"#00294f","band":4,"off":[0,1.1]}},{"type":"Feature","geometry":{"type":"Point","coordinates":[-79.229602,43.786078]},"properties":{"name":"Centennial College Bus Terminal","band":4,"modes":"bus","arr":["903"],"off":[0,-0.8]}},{"type":"Feature","geometry":{"type":"Point","coordinates":[-79.229602,43.786078]},"properties":{"line":"903","mode":"bus","color":"#0059a9","colorDark":"#00294f","band":4,"off":[0,1.1]}},{"type":"Feature","geometry":{"type":"Point","coordinates":[-79.264279,43.731831]},"properties":{"name":"Kennedy Station at Bus Bay 11","band":4,"modes":"bus","arr":["903","904","939"],"off":[0,-0.8]}},{"type":"Feature","geometry":{"type":"Point","coordinates":[-79.264279,43.731831]},"properties":{"line":"903","mode":"bus","color":"#0059a9","colorDark":"#00294f","band":4,"off":[-3.4,1.1]}},{"type":"Feature","geometry":{"type":"Point","coordinates":[-79.264279,43.731831]},"properties":{"line":"904","mode":"bus","color":"#0059a9","colorDark":"#00294f","band":4,"off":[0,1.1]}},{"type":"Feature","geometry":{"type":"Point","coordinates":[-79.264279,43.731831]},"properties":{"line":"939","mode":"bus","color":"#0059a9","colorDark":"#00294f","band":4,"off":[3.4,1.1]}},{"type":"Feature","geometry":{"type":"Point","coordinates":[-79.264395,43.732255]},"properties":{"name":"Kennedy Station at Bus Bay 5","band":4,"modes":"metro,bus","arr":["2","5","905","986"],"off":[0,-0.8]}},{"type":"Feature","geometry":{"type":"Point","coordinates":[-79.264395,43.732255]},"properties":{"name":"Kennedy Station - Subway Platform","band":4,"modes":"metro,bus","arr":["2","5","905","986"],"off":[0,-3]}},{"type":"Feature","geometry":{"type":"Point","coordinates":[-79.264395,43.732255]},"properties":{"name":"Kennedy Station","band":4,"modes":"metro,bus","arr":["2","5","905","986"],"off":[0,-5.2]}},{"type":"Feature","geometry":{"type":"Point","coordinates":[-79.264395,43.732255]},"properties":{"line":"2","mode":"tram","color":"#008000","colorDark":"#004600","band":4,"metro":1,"off":[-5.1,1.1]}},{"type":"Feature","geometry":{"type":"Point","coordinates":[-79.264395,43.732255]},"properties":{"line":"5","mode":"tram","color":"#FF8000","colorDark":"#8c4600","band":4,"metro":1,"off":[-1.7,1.1]}},{"type":"Feature","geometry":{"type":"Point","coordinates":[-79.264395,43.732255]},"properties":{"line":"905","mode":"bus","color":"#0059a9","colorDark":"#00294f","band":4,"off":[1.7,1.1]}},{"type":"Feature","geometry":{"type":"Point","coordinates":[-79.264395,43.732255]},"properties":{"line":"986","mode":"bus","color":"#0059a9","colorDark":"#00294f","band":4,"off":[5.1,1.1]}},{"type":"Feature","geometry":{"type":"Point","coordinates":[-79.185568,43.78435]},"properties":{"name":"University of Toronto Scarborough","band":4,"modes":"bus","arr":["905","995"],"off":[0,-0.8]}},{"type":"Feature","geometry":{"type":"Point","coordinates":[-79.185568,43.78435]},"properties":{"line":"905","mode":"bus","color":"#0059a9","colorDark":"#00294f","band":4,"off":[-1.7,1.1]}},{"type":"Feature","geometry":{"type":"Point","coordinates":[-79.185568,43.78435]},"properties":{"line":"995","mode":"bus","color":"#0059a9","colorDark":"#00294f","band":4,"off":[1.7,1.1]}},{"type":"Feature","geometry":{"type":"Point","coordinates":[-79.615517,43.689525]},"properties":{"name":"Toronto Pearson Airport - Viscount Station","band":4,"modes":"bus","arr":["906"],"off":[0,-0.8]}},{"type":"Feature","geometry":{"type":"Point","coordinates":[-79.615517,43.689525]},"properties":{"line":"906","mode":"bus","color":"#0059a9","colorDark":"#00294f","band":4,"off":[0,1.1]}},{"type":"Feature","geometry":{"type":"Point","coordinates":[-79.358206,43.676592]},"properties":{"name":"Broadview Station at Bus Bay 3","band":4,"modes":"bus","arr":["925"],"off":[0,-0.8]}},{"type":"Feature","geometry":{"type":"Point","coordinates":[-79.358206,43.676592]},"properties":{"line":"925","mode":"bus","color":"#0059a9","colorDark":"#00294f","band":4,"off":[0,1.1]}},{"type":"Feature","geometry":{"type":"Point","coordinates":[-79.53531,43.637854]},"properties":{"name":"Kipling Station at Bus Bay 7","band":4,"modes":"bus","arr":["927"],"off":[0,-0.8]}},{"type":"Feature","geometry":{"type":"Point","coordinates":[-79.53531,43.637854]},"properties":{"line":"927","mode":"bus","color":"#0059a9","colorDark":"#00294f","band":4,"off":[0,1.1]}},{"type":"Feature","geometry":{"type":"Point","coordinates":[-79.624921,43.752764]},"properties":{"name":"Signal Hill Ave at Steeles Ave West","band":4,"modes":"bus","arr":["960"],"off":[0,-0.8]}},{"type":"Feature","geometry":{"type":"Point","coordinates":[-79.624921,43.752764]},"properties":{"line":"960","mode":"bus","color":"#0059a9","colorDark":"#00294f","band":4,"off":[0,1.1]}},{"type":"Feature","geometry":{"type":"Point","coordinates":[-79.478718,43.630998]},"properties":{"name":"Humber Loop at the Queensway","band":4,"modes":"tram","arr":["301","501","507"],"off":[0,-0.8]}},{"type":"Feature","geometry":{"type":"Point","coordinates":[-79.478718,43.630998]},"properties":{"line":"301","mode":"tram","color":"#d6212b","colorDark":"#7c1116","band":4,"off":[-3.4,1.1]}},{"type":"Feature","geometry":{"type":"Point","coordinates":[-79.478718,43.630998]},"properties":{"line":"501","mode":"tram","color":"#d6212b","colorDark":"#7c1116","band":4,"off":[0,1.1]}},{"type":"Feature","geometry":{"type":"Point","coordinates":[-79.478718,43.630998]},"properties":{"line":"507","mode":"tram","color":"#d6212b","colorDark":"#7c1116","band":4,"off":[3.4,1.1]}},{"type":"Feature","geometry":{"type":"Point","coordinates":[-79.282556,43.67368]},"properties":{"name":"Queen St East at Neville Park Blvd","band":4,"modes":"tram","arr":["301","501"],"off":[0,-0.8]}},{"type":"Feature","geometry":{"type":"Point","coordinates":[-79.282556,43.67368]},"properties":{"line":"301","mode":"tram","color":"#d6212b","colorDark":"#7c1116","band":4,"off":[-1.7,1.1]}},{"type":"Feature","geometry":{"type":"Point","coordinates":[-79.282556,43.67368]},"properties":{"line":"501","mode":"tram","color":"#d6212b","colorDark":"#7c1116","band":4,"off":[1.7,1.1]}},{"type":"Feature","geometry":{"type":"Point","coordinates":[-79.35865,43.676027]},"properties":{"name":"Broadview Ave at Danforth Ave","band":4,"modes":"tram","arr":["304","305"],"off":[0,-0.8]}},{"type":"Feature","geometry":{"type":"Point","coordinates":[-79.35865,43.676027]},"properties":{"line":"304","mode":"tram","color":"#d6212b","colorDark":"#7c1116","band":4,"off":[-1.7,1.1]}},{"type":"Feature","geometry":{"type":"Point","coordinates":[-79.35865,43.676027]},"properties":{"line":"305","mode":"tram","color":"#d6212b","colorDark":"#7c1116","band":4,"off":[1.7,1.1]}},{"type":"Feature","geometry":{"type":"Point","coordinates":[-79.452369,43.656095]},"properties":{"name":"Dundas St West at Bloor St West","band":4,"modes":"tram","arr":["304"],"off":[0,-0.8]}},{"type":"Feature","geometry":{"type":"Point","coordinates":[-79.452369,43.656095]},"properties":{"line":"304","mode":"tram","color":"#d6212b","colorDark":"#7c1116","band":4,"off":[0,1.1]}},{"type":"Feature","geometry":{"type":"Point","coordinates":[-79.358211,43.677253]},"properties":{"name":"Broadview Station at Bay 6","band":4,"modes":"tram","arr":["305","505"],"off":[0,-0.8]}},{"type":"Feature","geometry":{"type":"Point","coordinates":[-79.358211,43.677253]},"properties":{"line":"305","mode":"tram","color":"#d6212b","colorDark":"#7c1116","band":4,"off":[-1.7,1.1]}},{"type":"Feature","geometry":{"type":"Point","coordinates":[-79.358211,43.677253]},"properties":{"line":"505","mode":"tram","color":"#d6212b","colorDark":"#7c1116","band":4,"off":[1.7,1.1]}},{"type":"Feature","geometry":{"type":"Point","coordinates":[-79.453532,43.656687]},"properties":{"name":"Dundas West Station at Bay 5","band":4,"modes":"tram","arr":["305","504","505"],"off":[0,-0.8]}},{"type":"Feature","geometry":{"type":"Point","coordinates":[-79.453532,43.656687]},"properties":{"name":"Dundas West Station at Bay 4","band":4,"modes":"tram","arr":["305","504","505"],"off":[0,-3]}},{"type":"Feature","geometry":{"type":"Point","coordinates":[-79.453532,43.656687]},"properties":{"line":"305","mode":"tram","color":"#d6212b","colorDark":"#7c1116","band":4,"off":[-3.4,1.1]}},{"type":"Feature","geometry":{"type":"Point","coordinates":[-79.453532,43.656687]},"properties":{"line":"504","mode":"tram","color":"#d6212b","colorDark":"#7c1116","band":4,"off":[0,1.1]}},{"type":"Feature","geometry":{"type":"Point","coordinates":[-79.453532,43.656687]},"properties":{"line":"505","mode":"tram","color":"#d6212b","colorDark":"#7c1116","band":4,"off":[3.4,1.1]}},{"type":"Feature","geometry":{"type":"Point","coordinates":[-79.457441,43.649106]},"properties":{"name":"Howard Park Ave at Parkside Dr East Side","band":4,"modes":"tram","arr":["306"],"off":[0,-0.8]}},{"type":"Feature","geometry":{"type":"Point","coordinates":[-79.457441,43.649106]},"properties":{"name":"Howard Park Ave at Parkside Dr","band":4,"modes":"tram","arr":["306"],"off":[0,-4.1]}},{"type":"Feature","geometry":{"type":"Point","coordinates":[-79.457441,43.649106]},"properties":{"line":"306","mode":"tram","color":"#d6212b","colorDark":"#7c1116","band":4,"off":[0,1.1]}},{"type":"Feature","geometry":{"type":"Point","coordinates":[-79.301734,43.688016]},"properties":{"name":"Main St at Danforth Ave","band":4,"modes":"tram","arr":["306"],"off":[0,-0.8]}},{"type":"Feature","geometry":{"type":"Point","coordinates":[-79.301734,43.688016]},"properties":{"line":"306","mode":"tram","color":"#d6212b","colorDark":"#7c1116","band":4,"off":[0,1.1]}},{"type":"Feature","geometry":{"type":"Point","coordinates":[-79.379147,43.645603]},"properties":{"name":"Union Station Streetcar Platform","band":4,"modes":"tram","arr":["310","509","510"],"off":[0,-0.8]}},{"type":"Feature","geometry":{"type":"Point","coordinates":[-79.379147,43.645603]},"properties":{"line":"310","mode":"tram","color":"#d6212b","colorDark":"#7c1116","band":4,"off":[-3.4,1.1]}},{"type":"Feature","geometry":{"type":"Point","coordinates":[-79.379147,43.645603]},"properties":{"line":"509","mode":"tram","color":"#d6212b","colorDark":"#7c1116","band":4,"off":[0,1.1]}},{"type":"Feature","geometry":{"type":"Point","coordinates":[-79.379147,43.645603]},"properties":{"line":"510","mode":"tram","color":"#d6212b","colorDark":"#7c1116","band":4,"off":[3.4,1.1]}},{"type":"Feature","geometry":{"type":"Point","coordinates":[-79.393017,43.687863]},"properties":{"name":"St Clair Station at Bay 1","band":4,"modes":"tram","arr":["312"],"off":[0,-0.8]}},{"type":"Feature","geometry":{"type":"Point","coordinates":[-79.393017,43.687863]},"properties":{"line":"312","mode":"tram","color":"#d6212b","colorDark":"#7c1116","band":4,"off":[0,1.1]}},{"type":"Feature","geometry":{"type":"Point","coordinates":[-79.383678,43.648287]},"properties":{"name":"York St at King St West North Side","band":4,"modes":"tram","arr":["503"],"off":[0,-0.8]}},{"type":"Feature","geometry":{"type":"Point","coordinates":[-79.383678,43.648287]},"properties":{"line":"503","mode":"tram","color":"#d6212b","colorDark":"#7c1116","band":4,"off":[0,1.1]}},{"type":"Feature","geometry":{"type":"Point","coordinates":[-79.356986,43.650818]},"properties":{"name":"Distillery Loop","band":4,"modes":"tram","arr":["504"],"off":[0,-0.8]}},{"type":"Feature","geometry":{"type":"Point","coordinates":[-79.356986,43.650818]},"properties":{"line":"504","mode":"tram","color":"#d6212b","colorDark":"#7c1116","band":4,"off":[0,1.1]}},{"type":"Feature","geometry":{"type":"Point","coordinates":[-79.45813,43.64783]},"properties":{"name":"High Park Loop","band":4,"modes":"tram","arr":["506"],"off":[0,-0.8]}},{"type":"Feature","geometry":{"type":"Point","coordinates":[-79.45813,43.64783]},"properties":{"line":"506","mode":"tram","color":"#d6212b","colorDark":"#7c1116","band":4,"off":[0,1.1]}},{"type":"Feature","geometry":{"type":"Point","coordinates":[-79.3018,43.688862]},"properties":{"name":"Main Street Station at Bay 7","band":4,"modes":"tram","arr":["506"],"off":[0,-0.8]}},{"type":"Feature","geometry":{"type":"Point","coordinates":[-79.3018,43.688862]},"properties":{"line":"506","mode":"tram","color":"#d6212b","colorDark":"#7c1116","band":4,"off":[0,1.1]}},{"type":"Feature","geometry":{"type":"Point","coordinates":[-79.414744,43.636555]},"properties":{"name":"Exhibition Loop at Manitoba Dr","band":4,"modes":"tram","arr":["509"],"off":[0,-0.8]}},{"type":"Feature","geometry":{"type":"Point","coordinates":[-79.414744,43.636555]},"properties":{"line":"509","mode":"tram","color":"#d6212b","colorDark":"#7c1116","band":4,"off":[0,1.1]}},{"type":"Feature","geometry":{"type":"Point","coordinates":[-79.411327,43.666534]},"properties":{"name":"Bathurst Station at Bay 6","band":4,"modes":"tram","arr":["511"],"off":[0,-0.8]}},{"type":"Feature","geometry":{"type":"Point","coordinates":[-79.411327,43.666534]},"properties":{"line":"511","mode":"tram","color":"#d6212b","colorDark":"#7c1116","band":4,"off":[0,1.1]}},{"type":"Feature","geometry":{"type":"Point","coordinates":[-79.391845,43.687924]},"properties":{"name":"St Clair Station at Bay 2","band":4,"modes":"tram","arr":["512"],"off":[0,-0.8]}},{"type":"Feature","geometry":{"type":"Point","coordinates":[-79.391845,43.687924]},"properties":{"line":"512","mode":"tram","color":"#d6212b","colorDark":"#7c1116","band":4,"off":[0,1.1]}},{"type":"Feature","geometry":{"type":"Point","coordinates":[-79.415549,43.779745]},"properties":{"name":"Finch Station","band":4,"modes":"metro","arr":["1"],"off":[0,-0.8]}},{"type":"Feature","geometry":{"type":"Point","coordinates":[-79.415549,43.779745]},"properties":{"line":"1","mode":"tram","color":"#D5C82B","colorDark":"#756e18","band":4,"metro":1,"off":[0,1.1]}},{"type":"Feature","geometry":{"type":"Point","coordinates":[-79.410893,43.761129]},"properties":{"name":"Sheppard-Yonge Station","band":4,"modes":"metro","arr":["4"],"off":[0,-0.8]}},{"type":"Feature","geometry":{"type":"Point","coordinates":[-79.410893,43.761129]},"properties":{"line":"4","mode":"tram","color":"#B300B3","colorDark":"#620062","band":4,"metro":1,"off":[0,1.1]}},{"type":"Feature","geometry":{"type":"Point","coordinates":[-79.491283,43.764313]},"properties":{"name":"Finch West Station","band":4,"modes":"metro","arr":["6"],"off":[0,-0.8]}},{"type":"Feature","geometry":{"type":"Point","coordinates":[-79.491283,43.764313]},"properties":{"line":"6","mode":"tram","color":"#808080","colorDark":"#464646","band":4,"metro":1,"off":[0,1.1]}},{"type":"Feature","geometry":{"type":"Point","coordinates":[-79.527482,43.794077]},"properties":{"name":"Vaughan Metropolitan Centre Station - Subway Platform","band":4,"modes":"metro","arr":["1"],"off":[0,-0.8]}},{"type":"Feature","geometry":{"type":"Point","coordinates":[-79.527482,43.794077]},"properties":{"line":"1","mode":"tram","color":"#D5C82B","colorDark":"#756e18","band":4,"metro":1,"off":[0,1.1]}},{"type":"Feature","geometry":{"type":"Point","coordinates":[-79.527339,43.793506]},"properties":{"name":"Vaughan Metropolitan Centre Station","band":4,"modes":"metro","arr":["1"],"off":[0,-0.8]}},{"type":"Feature","geometry":{"type":"Point","coordinates":[-79.527339,43.793506]},"properties":{"line":"1","mode":"tram","color":"#D5C82B","colorDark":"#756e18","band":4,"metro":1,"off":[0,1.1]}},{"type":"Feature","geometry":{"type":"Point","coordinates":[-79.415839,43.780778]},"properties":{"name":"Finch Station - Subway Platform","band":4,"modes":"metro","arr":["1"],"off":[0,-0.8]}},{"type":"Feature","geometry":{"type":"Point","coordinates":[-79.415839,43.780778]},"properties":{"line":"1","mode":"tram","color":"#D5C82B","colorDark":"#756e18","band":4,"metro":1,"off":[0,1.1]}},{"type":"Feature","geometry":{"type":"Point","coordinates":[-79.347223,43.775016]},"properties":{"name":"Don Mills Station - Subway Platform","band":4,"modes":"metro","arr":["4"],"off":[0,-0.8]}},{"type":"Feature","geometry":{"type":"Point","coordinates":[-79.347223,43.775016]},"properties":{"name":"Don Mills Station","band":4,"modes":"metro","arr":["4"],"off":[0,-3]}},{"type":"Feature","geometry":{"type":"Point","coordinates":[-79.347223,43.775016]},"properties":{"line":"4","mode":"tram","color":"#B300B3","colorDark":"#620062","band":4,"metro":1,"off":[0,1.1]}},{"type":"Feature","geometry":{"type":"Point","coordinates":[-79.48642,43.687844]},"properties":{"name":"Mount Dennis Station","band":4,"modes":"metro","arr":["5"],"off":[0,-0.8]}},{"type":"Feature","geometry":{"type":"Point","coordinates":[-79.48642,43.687844]},"properties":{"line":"5","mode":"tram","color":"#FF8000","colorDark":"#8c4600","band":4,"metro":1,"off":[0,1.1]}},{"type":"Feature","geometry":{"type":"Point","coordinates":[-79.601462,43.729926]},"properties":{"name":"Humber College Station - Subway Platform","band":4,"modes":"metro","arr":["6"],"off":[0,-0.8]}},{"type":"Feature","geometry":{"type":"Point","coordinates":[-79.601462,43.729926]},"properties":{"name":"Humber College Station","band":4,"modes":"metro","arr":["6"],"off":[0,-4.1]}},{"type":"Feature","geometry":{"type":"Point","coordinates":[-79.601462,43.729926]},"properties":{"line":"6","mode":"tram","color":"#808080","colorDark":"#464646","band":4,"metro":1,"off":[0,1.1]}},{"type":"Feature","geometry":{"type":"Point","coordinates":[-79.490854,43.763469]},"properties":{"name":"Finch West Station - Subway Platform","band":4,"modes":"metro","arr":["6"],"off":[0,-0.8]}},{"type":"Feature","geometry":{"type":"Point","coordinates":[-79.490854,43.763469]},"properties":{"line":"6","mode":"tram","color":"#808080","colorDark":"#464646","band":4,"metro":1,"off":[0,1.1]}}]}