{"type":"FeatureCollection","features":[{"type":"Feature","properties":{"mode":"bus","n":6,"arr":["7","96","160","165","996","396"],"lines":"7, 96, 160, 165, 996, 396"},"geometry":{"type":"LineString","coordinates":[[-79.434092,43.737393],[-79.433972,43.737403]]}},{"type":"Feature","properties":{"mode":"bus","n":6,"arr":["7","84","160","984","307","384"],"lines":"7, 84, 160, 984, 307, 384"},"geometry":{"type":"LineString","coordinates":[[-79.43851,43.755514],[-79.438366,43.755524]]}},{"type":"Feature","properties":{"mode":"bus","n":5,"arr":["7","60","960","307","353"],"lines":"7, 60, 960, 307, 353"},"geometry":{"type":"LineString","coordinates":[[-79.445787,43.792361],[-79.445624,43.792395]]}},{"type":"Feature","properties":{"mode":"bus","n":6,"arr":["7","60","960","Y88","307","353"],"lines":"7, 60, 960, 88, 307, 353"},"geometry":{"type":"LineString","coordinates":[[-79.445624,43.792395],[-79.444999,43.792532],[-79.444921,43.792629],[-79.442358,43.793135],[-79.441018,43.79343]]}},{"type":"Feature","properties":{"mode":"bus","n":7,"arr":["8","9","16","17","68","117","135"],"lines":"8, 9, 16, 17, 68, 117, 135"},"geometry":{"type":"LineString","coordinates":[[-79.279661,43.710317],[-79.279627,43.709947],[-79.279631,43.709926],[-79.279645,43.709909],[-79.279671,43.709898],[-79.280058,43.709793]]}},{"type":"Feature","properties":{"mode":"bus","n":7,"arr":["8","9","16","17","68","69","135"],"lines":"8, 9, 16, 17, 68, 69, 135"},"geometry":{"type":"LineString","coordinates":[[-79.280251,43.710203],[-79.279661,43.710317]]}},{"type":"Feature","properties":{"mode":"bus","n":8,"arr":["8","9","16","17","68","69","117","135"],"lines":"8, 9, 16, 17, 68, 69, 117, 135"},"geometry":{"type":"LineString","coordinates":[[-79.280374,43.710518],[-79.280058,43.709793]]}},{"type":"Feature","properties":{"mode":"bus","n":6,"arr":["8","9","16","17","68","117"],"lines":"8, 9, 16, 17, 68, 117"},"geometry":{"type":"LineString","coordinates":[[-79.280521,43.710853],[-79.280374,43.710518]]}},{"type":"Feature","properties":{"mode":"bus","n":8,"arr":["8","9","16","17","68","102","117","902"],"lines":"8, 9, 16, 17, 68, 102, 117, 902"},"geometry":{"type":"LineString","coordinates":[[-79.280908,43.71202],[-79.280782,43.711654],[-79.280795,43.711531],[-79.280521,43.710853]]}},{"type":"Feature","properties":{"mode":"bus","n":6,"arr":["8","25","72","100","925","325"],"lines":"8, 25, 72, 100, 925, 325"},"geometry":{"type":"LineString","coordinates":[[-79.350278,43.693243],[-79.350437,43.69321]]}},{"type":"Feature","properties":{"mode":"bus","n":6,"arr":["8","25","87","100","925","322"],"lines":"8, 25, 87, 100, 925, 322"},"geometry":{"type":"LineString","coordinates":[[-79.355245,43.68857],[-79.356294,43.685986],[-79.356687,43.684889],[-79.356955,43.683941]]}},{"type":"Feature","properties":{"mode":"bus","n":7,"arr":["8","25","62","87","100","925","322"],"lines":"8, 25, 62, 87, 100, 925, 322"},"geometry":{"type":"LineString","coordinates":[[-79.356955,43.683941],[-79.35868,43.677455]]}},{"type":"Feature","properties":{"mode":"bus","n":6,"arr":["8","25","62","87","100","925"],"lines":"8, 25, 62, 87, 100, 925"},"geometry":{"type":"LineString","coordinates":[[-79.35868,43.677455],[-79.358882,43.67667]]}},{"type":"Feature","properties":{"mode":"bus","n":15,"arr":["9","16","21","38","129","130","131","132","133","134","169","903","904","939","996"],"lines":"9, 16, 21, 38, 129, 130, 131, 132, 133, 134, 169, 903, 904, 939, 996"},"geometry":{"type":"LineString","coordinates":[[-79.258696,43.774117],[-79.256276,43.774672],[-79.256217,43.774722],[-79.256189,43.774912]]}},{"type":"Feature","properties":{"mode":"bus","n":16,"arr":["9","16","21","38","129","130","131","132","133","134","169","406","903","904","939","996"],"lines":"9, 16, 21, 38, 129, 130, 131, 132, 133, 134, 169, 406, 903, 904, 939, 996"},"geometry":{"type":"LineString","coordinates":[[-79.25899,43.774302],[-79.258815,43.774144],[-79.258791,43.774128],[-79.25876,43.774122],[-79.258696,43.774117]]}},{"type":"Feature","properties":{"mode":"bus","n":13,"arr":["9","16","38","129","130","131","133","134","406","903","904","939","996"],"lines":"9, 16, 38, 129, 130, 131, 133, 134, 406, 903, 904, 939, 996"},"geometry":{"type":"LineString","coordinates":[[-79.25899,43.774302],[-79.258403,43.774481],[-79.257399,43.774696]]}},{"type":"Feature","properties":{"mode":"bus","n":12,"arr":["9","16","38","129","130","131","133","134","903","904","939","996"],"lines":"9, 16, 38, 129, 130, 131, 133, 134, 903, 904, 939, 996"},"geometry":{"type":"LineString","coordinates":[[-79.257399,43.774696],[-79.256605,43.774866],[-79.256189,43.774912]]}},{"type":"Feature","properties":{"mode":"bus","n":12,"arr":["9","16","38","129","130","131","132","133","134","169","903","939"],"lines":"9, 16, 38, 129, 130, 131, 132, 133, 134, 169, 903, 939"},"geometry":{"type":"LineString","coordinates":[[-79.255357,43.774941],[-79.254902,43.774984],[-79.252683,43.775413]]}},{"type":"Feature","properties":{"mode":"bus","n":13,"arr":["9","16","38","129","130","131","132","133","134","169","903","939","996"],"lines":"9, 16, 38, 129, 130, 131, 132, 133, 134, 169, 903, 939, 996"},"geometry":{"type":"LineString","coordinates":[[-79.256189,43.774912],[-79.255357,43.774941]]}},{"type":"Feature","properties":{"mode":"bus","n":6,"arr":["9","16","38","133","903","316"],"lines":"9, 16, 38, 133, 903, 316"},"geometry":{"type":"LineString","coordinates":[[-79.252344,43.774643],[-79.252683,43.775413]]}},{"type":"Feature","properties":{"mode":"bus","n":5,"arr":["9","16","38","133","316"],"lines":"9, 16, 38, 133, 316"},"geometry":{"type":"LineString","coordinates":[[-79.252307,43.774536],[-79.252344,43.774643]]}},{"type":"Feature","properties":{"mode":"bus","n":7,"arr":["9","86","116","905","986","334","386"],"lines":"9, 86, 116, 905, 986, 334, 386"},"geometry":{"type":"LineString","coordinates":[[-79.235299,43.739592],[-79.235796,43.739476],[-79.235873,43.739387]]}},{"type":"Feature","properties":{"mode":"bus","n":7,"arr":["9","86","116","905","986","334","386"],"lines":"9, 86, 116, 905, 986, 334, 386"},"geometry":{"type":"LineString","coordinates":[[-79.238342,43.738815],[-79.235873,43.739387],[-79.23575,43.739349],[-79.234862,43.739551],[-79.23471,43.739659],[-79.23332,43.739976],[-79.233046,43.73997],[-79.231964,43.740218]]}},{"type":"Feature","properties":{"mode":"bus","n":6,"arr":["9","86","116","905","334","386"],"lines":"9, 86, 116, 905, 334, 386"},"geometry":{"type":"LineString","coordinates":[[-79.236033,43.739351],[-79.236093,43.739494]]}},{"type":"Feature","properties":{"mode":"bus","n":6,"arr":["9","86","116","905","334","386"],"lines":"9, 86, 116, 905, 334, 386"},"geometry":{"type":"LineString","coordinates":[[-79.236648,43.739213],[-79.236706,43.739358]]}},{"type":"Feature","properties":{"mode":"bus","n":6,"arr":["9","86","116","905","334","386"],"lines":"9, 86, 116, 905, 334, 386"},"geometry":{"type":"LineString","coordinates":[[-79.236934,43.73915],[-79.236996,43.739302]]}},{"type":"Feature","properties":{"mode":"bus","n":6,"arr":["9","16","17","102","117","902"],"lines":"9, 16, 17, 102, 117, 902"},"geometry":{"type":"LineString","coordinates":[[-79.271229,43.714212],[-79.27179,43.71409],[-79.271846,43.714019],[-79.271877,43.713994],[-79.271919,43.71398],[-79.274404,43.71356],[-79.277263,43.712927],[-79.277776,43.71281],[-79.277931,43.712704],[-79.280908,43.71202]]}},{"type":"Feature","properties":{"mode":"bus","n":5,"arr":["9","16","17","102","117"],"lines":"9, 16, 17, 102, 117"},"geometry":{"type":"LineString","coordinates":[[-79.276571,43.713082],[-79.27652,43.712972]]}},{"type":"Feature","properties":{"mode":"bus","n":5,"arr":["9","16","102","117","902"],"lines":"9, 16, 102, 117, 902"},"geometry":{"type":"LineString","coordinates":[[-79.271171,43.714103],[-79.271744,43.713972],[-79.271871,43.713988]]}},{"type":"Feature","properties":{"mode":"bus","n":5,"arr":["9","16","102","113","902"],"lines":"9, 16, 102, 113, 902"},"geometry":{"type":"LineString","coordinates":[[-79.261395,43.716461],[-79.26126,43.716491]]}},{"type":"Feature","properties":{"mode":"bus","n":11,"arr":["9","38","129","130","131","132","133","134","169","903","939"],"lines":"9, 38, 129, 130, 131, 132, 133, 134, 169, 903, 939"},"geometry":{"type":"LineString","coordinates":[[-79.252499,43.77545],[-79.252683,43.775413]]}},{"type":"Feature","properties":{"mode":"bus","n":12,"arr":["10","25","85","167","169","185","904","925","985","Y24","Y90","Y90B"],"lines":"10, 25, 85, 167, 169, 185, 904, 925, 985, 24, 90, 90B"},"geometry":{"type":"LineString","coordinates":[[-79.346963,43.776215],[-79.347014,43.77618],[-79.347058,43.776099],[-79.346926,43.77577],[-79.346875,43.775673],[-79.346851,43.775644],[-79.346812,43.775625],[-79.346636,43.775573]]}},{"type":"Feature","properties":{"mode":"bus","n":7,"arr":["10","25","169","185","925","Y90","Y90B"],"lines":"10, 25, 169, 185, 925, 90, 90B"},"geometry":{"type":"LineString","coordinates":[[-79.347503,43.776498],[-79.347399,43.776586],[-79.347213,43.776618],[-79.347025,43.776578],[-79.346925,43.776515],[-79.346884,43.776429],[-79.346963,43.776215]]}},{"type":"Feature","properties":{"mode":"bus","n":5,"arr":["10","169","Y90","Y90B","325"],"lines":"10, 169, 90, 90B, 325"},"geometry":{"type":"LineString","coordinates":[[-79.347781,43.777193],[-79.347503,43.776498]]}},{"type":"Feature","properties":{"mode":"bus","n":5,"arr":["10","169","925","Y90","Y90B"],"lines":"10, 169, 925, 90, 90B"},"geometry":{"type":"LineString","coordinates":[[-79.348615,43.779113],[-79.348802,43.779084]]}},{"type":"Feature","properties":{"mode":"bus","n":7,"arr":["10","25","169","925","Y90","Y90B","325"],"lines":"10, 25, 169, 925, 90, 90B, 325"},"geometry":{"type":"LineString","coordinates":[[-79.352951,43.787364],[-79.352762,43.787058],[-79.352607,43.786914],[-79.352107,43.786531],[-79.351651,43.786297],[-79.351009,43.785845],[-79.350685,43.785427],[-79.350247,43.78425],[-79.349955,43.783729],[-79.348582,43.782217],[-79.348342,43.781833],[-79.348239,43.781486],[-79.348264,43.781263],[-79.348324,43.781034],[-79.348729,43.780207],[-79.348814,43.779862],[-79.348788,43.77959],[-79.348615,43.779113]]}},{"type":"Feature","properties":{"mode":"bus","n":7,"arr":["10","25","169","925","Y90","Y90B","325"],"lines":"10, 25, 169, 925, 90, 90B, 325"},"geometry":{"type":"LineString","coordinates":[[-79.353081,43.787323],[-79.352976,43.787075],[-79.352959,43.786765],[-79.353028,43.786431],[-79.353452,43.785514],[-79.353509,43.785162],[-79.35341,43.784809],[-79.352673,43.783582],[-79.35235,43.782812],[-79.351959,43.781292],[-79.351629,43.780854],[-79.351337,43.780625],[-79.350898,43.78042],[-79.349715,43.780032],[-79.34908,43.779565],[-79.348942,43.779398],[-79.347973,43.777138]]}},{"type":"Feature","properties":{"mode":"bus","n":5,"arr":["10","24","169","924","Y24"],"lines":"10, 24, 169, 924, 24"},"geometry":{"type":"LineString","coordinates":[[-79.327943,43.78573],[-79.329584,43.789234]]}},{"type":"Feature","properties":{"mode":"bus","n":5,"arr":["10","25","169","925","325"],"lines":"10, 25, 169, 925, 325"},"geometry":{"type":"LineString","coordinates":[[-79.347973,43.777138],[-79.347703,43.776434]]}},{"type":"Feature","properties":{"mode":"bus","n":5,"arr":["10","25","169","185","925"],"lines":"10, 25, 169, 185, 925"},"geometry":{"type":"LineString","coordinates":[[-79.347703,43.776434],[-79.347503,43.776498]]}},{"type":"Feature","properties":{"mode":"bus","n":10,"arr":["10","25","85","167","169","185","904","925","985","Y24"],"lines":"10, 25, 85, 167, 169, 185, 904, 925, 985, 24"},"geometry":{"type":"LineString","coordinates":[[-79.346963,43.776215],[-79.346764,43.776116],[-79.346271,43.775996],[-79.345778,43.776048],[-79.344736,43.77625]]}},{"type":"Feature","properties":{"mode":"bus","n":8,"arr":["10","25","167","169","185","904","925","985"],"lines":"10, 25, 167, 169, 185, 904, 925, 985"},"geometry":{"type":"LineString","coordinates":[[-79.344736,43.77625],[-79.344642,43.775967],[-79.344666,43.77568]]}},{"type":"Feature","properties":{"mode":"bus","n":10,"arr":["10","25","85","167","169","185","904","925","985","385"],"lines":"10, 25, 85, 167, 169, 185, 904, 925, 985, 385"},"geometry":{"type":"LineString","coordinates":[[-79.344666,43.77568],[-79.345428,43.775517]]}},{"type":"Feature","properties":{"mode":"bus","n":9,"arr":["10","25","85","167","169","185","904","925","985"],"lines":"10, 25, 85, 167, 169, 185, 904, 925, 985"},"geometry":{"type":"LineString","coordinates":[[-79.346636,43.775573],[-79.346473,43.775499],[-79.346314,43.775503],[-79.345835,43.775611],[-79.345576,43.775573],[-79.345428,43.775517]]}},{"type":"Feature","properties":{"mode":"bus","n":5,"arr":["11","53","953","Y91","353"],"lines":"11, 53, 953, 91, 353"},"geometry":{"type":"LineString","coordinates":[[-79.397132,43.803086],[-79.397271,43.803053]]}},{"type":"Feature","properties":{"mode":"bus","n":6,"arr":["12","24","67","117","404","924"],"lines":"12, 24, 67, 117, 404, 924"},"geometry":{"type":"LineString","coordinates":[[-79.289002,43.692886],[-79.288137,43.693098],[-79.288113,43.693109],[-79.288102,43.693124],[-79.288105,43.693144],[-79.288286,43.693553],[-79.288489,43.69379],[-79.288731,43.694396],[-79.288816,43.694433],[-79.288859,43.694445],[-79.288906,43.694442],[-79.289452,43.694326]]}},{"type":"Feature","properties":{"mode":"bus","n":7,"arr":["12","24","67","117","404","924","324"],"lines":"12, 24, 67, 117, 404, 924, 324"},"geometry":{"type":"LineString","coordinates":[[-79.289002,43.692886],[-79.28958,43.694259],[-79.289583,43.694279],[-79.289572,43.694294],[-79.289548,43.694304],[-79.289452,43.694326]]}},{"type":"Feature","properties":{"mode":"bus","n":5,"arr":["12","24","404","924","324"],"lines":"12, 24, 404, 924, 324"},"geometry":{"type":"LineString","coordinates":[[-79.289595,43.694293],[-79.289605,43.694318]]}},{"type":"Feature","properties":{"mode":"bus","n":6,"arr":["12","117","404","316","322","324"],"lines":"12, 117, 404, 316, 322, 324"},"geometry":{"type":"LineString","coordinates":[[-79.284387,43.681598],[-79.284082,43.680867],[-79.284079,43.680852],[-79.284084,43.68084],[-79.284097,43.680832],[-79.284117,43.680828],[-79.285039,43.68074]]}},{"type":"Feature","properties":{"mode":"bus","n":7,"arr":["12","86","116","905","986","334","386"],"lines":"12, 86, 116, 905, 986, 334, 386"},"geometry":{"type":"LineString","coordinates":[[-79.211577,43.743714],[-79.210514,43.744695],[-79.209322,43.745929]]}},{"type":"Feature","properties":{"mode":"bus","n":8,"arr":["12","86","116","406","905","986","334","386"],"lines":"12, 86, 116, 406, 905, 986, 334, 386"},"geometry":{"type":"LineString","coordinates":[[-79.205863,43.74967],[-79.209322,43.745929]]}},{"type":"Feature","properties":{"mode":"bus","n":5,"arr":["12","86","905","986","386"],"lines":"12, 86, 905, 986, 386"},"geometry":{"type":"LineString","coordinates":[[-79.18948,43.767639],[-79.190965,43.766015],[-79.191126,43.765799],[-79.194428,43.76221],[-79.194674,43.761989],[-79.197619,43.758801],[-79.198481,43.757791],[-79.199204,43.756998],[-79.201705,43.754424],[-79.202293,43.753777],[-79.205253,43.750327],[-79.205863,43.74967]]}},{"type":"Feature","properties":{"mode":"bus","n":5,"arr":["12","86","905","986","386"],"lines":"12, 86, 905, 986, 386"},"geometry":{"type":"LineString","coordinates":[[-79.189638,43.767716],[-79.189903,43.767455],[-79.190622,43.766578],[-79.191105,43.766049],[-79.19245,43.764658]]}},{"type":"Feature","properties":{"mode":"bus","n":5,"arr":["12","86","905","986","386"],"lines":"12, 86, 905, 986, 386"},"geometry":{"type":"LineString","coordinates":[[-79.197674,43.759],[-79.194749,43.762158]]}},{"type":"Feature","properties":{"mode":"bus","n":5,"arr":["12","86","905","986","386"],"lines":"12, 86, 905, 986, 386"},"geometry":{"type":"LineString","coordinates":[[-79.200297,43.756061],[-79.199362,43.757069]]}},{"type":"Feature","properties":{"mode":"bus","n":8,"arr":["12","54","86","905","954","986","354","386"],"lines":"12, 54, 86, 905, 954, 986, 354, 386"},"geometry":{"type":"LineString","coordinates":[[-79.189359,43.76777],[-79.18948,43.767639]]}},{"type":"Feature","properties":{"mode":"bus","n":7,"arr":["12","38","95","154","905","995","395"],"lines":"12, 38, 95, 154, 905, 995, 395"},"geometry":{"type":"LineString","coordinates":[[-79.193357,43.785346],[-79.191643,43.78574],[-79.188271,43.786578]]}},{"type":"Feature","properties":{"mode":"bus","n":6,"arr":["12","86","116","986","334","386"],"lines":"12, 86, 116, 986, 334, 386"},"geometry":{"type":"LineString","coordinates":[[-79.206046,43.749727],[-79.205863,43.74967]]}},{"type":"Feature","properties":{"mode":"bus","n":6,"arr":["12","86","116","905","334","386"],"lines":"12, 86, 116, 905, 334, 386"},"geometry":{"type":"LineString","coordinates":[[-79.207722,43.74791],[-79.206046,43.749727]]}},{"type":"Feature","properties":{"mode":"bus","n":5,"arr":["12","86","116","334","386"],"lines":"12, 86, 116, 334, 386"},"geometry":{"type":"LineString","coordinates":[[-79.207561,43.747836],[-79.207722,43.74791]]}},{"type":"Feature","properties":{"mode":"bus","n":5,"arr":["12","117","316","322","324"],"lines":"12, 117, 316, 322, 324"},"geometry":{"type":"LineString","coordinates":[[-79.285039,43.68074],[-79.285122,43.680862],[-79.285348,43.681367],[-79.285351,43.681382],[-79.285347,43.681395],[-79.285335,43.681404],[-79.285315,43.681411],[-79.284387,43.681598]]}},{"type":"Feature","properties":{"mode":"bus","n":5,"arr":["13","34","61","74","103"],"lines":"13, 34, 61, 74, 103"},"geometry":{"type":"LineString","coordinates":[[-79.40023,43.70623],[-79.400147,43.705988],[-79.40008,43.705667],[-79.400071,43.705646],[-79.400052,43.705631],[-79.400025,43.705622],[-79.39958,43.70554]]}},{"type":"Feature","properties":{"mode":"bus","n":6,"arr":["13","34","61","74","103","354"],"lines":"13, 34, 61, 74, 103, 354"},"geometry":{"type":"LineString","coordinates":[[-79.400273,43.706349],[-79.40023,43.70623]]}},{"type":"Feature","properties":{"mode":"bus","n":5,"arr":["15","48","73","76","315"],"lines":"15, 48, 73, 76, 315"},"geometry":{"type":"LineString","coordinates":[[-79.511511,43.648003],[-79.511615,43.647981]]}},{"type":"Feature","properties":{"mode":"bus","n":5,"arr":["16","38","133","406","316"],"lines":"16, 38, 133, 406, 316"},"geometry":{"type":"LineString","coordinates":[[-79.251397,43.772257],[-79.251489,43.772682],[-79.251601,43.772767],[-79.25173,43.773284],[-79.252037,43.774079]]}},{"type":"Feature","properties":{"mode":"bus","n":5,"arr":["16","406","995","316","395"],"lines":"16, 406, 995, 316, 395"},"geometry":{"type":"LineString","coordinates":[[-79.251537,43.772068],[-79.25157,43.772212]]}},{"type":"Feature","properties":{"mode":"bus","n":6,"arr":["16","54","154","954","316","354"],"lines":"16, 54, 154, 954, 316, 354"},"geometry":{"type":"LineString","coordinates":[[-79.245536,43.755607],[-79.245393,43.755635]]}},{"type":"Feature","properties":{"mode":"bus","n":5,"arr":["16","38","95","133","316"],"lines":"16, 38, 95, 133, 316"},"geometry":{"type":"LineString","coordinates":[[-79.251363,43.772108],[-79.251397,43.772257]]}},{"type":"Feature","properties":{"mode":"bus","n":5,"arr":["19","114","121","202","320"],"lines":"19, 114, 121, 202, 320"},"geometry":{"type":"LineString","coordinates":[[-79.377346,43.647847],[-79.376943,43.646868]]}},{"type":"Feature","properties":{"mode":"bus","n":5,"arr":["19","114","121","202","320"],"lines":"19, 114, 121, 202, 320"},"geometry":{"type":"LineString","coordinates":[[-79.37913,43.646045],[-79.379699,43.647332]]}},{"type":"Feature","properties":{"mode":"bus","n":7,"arr":["20","23","62","64","87","113","135"],"lines":"20, 23, 62, 64, 87, 113, 135"},"geometry":{"type":"LineString","coordinates":[[-79.302245,43.689061],[-79.302113,43.688769],[-79.302104,43.688755],[-79.30209,43.688747],[-79.302073,43.688744],[-79.302051,43.688747],[-79.301129,43.688982],[-79.301089,43.689013],[-79.301075,43.689031],[-79.301075,43.689052],[-79.301133,43.689225],[-79.301191,43.689278],[-79.301202,43.689285],[-79.301217,43.689288],[-79.301246,43.68929],[-79.302245,43.689061]]}},{"type":"Feature","properties":{"mode":"bus","n":5,"arr":["20","23","64","113","135"],"lines":"20, 23, 64, 113, 135"},"geometry":{"type":"LineString","coordinates":[[-79.302098,43.688735],[-79.301827,43.68816]]}},{"type":"Feature","properties":{"mode":"bus","n":10,"arr":["20","21","57","86","116","201","905","986","334","386"],"lines":"20, 21, 57, 86, 116, 201, 905, 986, 334, 386"},"geometry":{"type":"LineString","coordinates":[[-79.258229,43.734598],[-79.258114,43.734624]]}},{"type":"Feature","properties":{"mode":"bus","n":10,"arr":["20","21","57","86","116","201","905","986","334","386"],"lines":"20, 21, 57, 86, 116, 201, 905, 986, 334, 386"},"geometry":{"type":"LineString","coordinates":[[-79.265572,43.732764],[-79.261615,43.733707],[-79.258906,43.734325]]}},{"type":"Feature","properties":{"mode":"bus","n":12,"arr":["20","21","57","86","116","131","154","201","905","986","334","386"],"lines":"20, 21, 57, 86, 116, 131, 154, 201, 905, 986, 334, 386"},"geometry":{"type":"LineString","coordinates":[[-79.258858,43.734461],[-79.258229,43.734598]]}},{"type":"Feature","properties":{"mode":"bus","n":18,"arr":["20","21","38","57","86","116","129","131","133","154","201","903","904","905","939","986","334","386"],"lines":"20, 21, 38, 57, 86, 116, 129, 131, 133, 154, 201, 903, 904, 905, 939, 986, 334, 386"},"geometry":{"type":"LineString","coordinates":[[-79.265761,43.732827],[-79.261665,43.733813],[-79.258858,43.734461]]}},{"type":"Feature","properties":{"mode":"bus","n":17,"arr":["20","21","38","57","86","116","129","131","133","154","903","904","905","939","986","334","386"],"lines":"20, 21, 38, 57, 86, 116, 129, 131, 133, 154, 903, 904, 905, 939, 986, 334, 386"},"geometry":{"type":"LineString","coordinates":[[-79.266033,43.733041],[-79.266057,43.732953],[-79.266021,43.732883],[-79.265951,43.732836],[-79.265761,43.732827]]}},{"type":"Feature","properties":{"mode":"bus","n":22,"arr":["20","21","34","38","43","57","86","113","116","129","131","133","154","201","903","904","905","939","986","334","343","386"],"lines":"20, 21, 34, 38, 43, 57, 86, 113, 116, 129, 131, 133, 154, 201, 903, 904, 905, 939, 986, 334, 343, 386"},"geometry":{"type":"LineString","coordinates":[[-79.263208,43.733097],[-79.263411,43.7335],[-79.263573,43.733555],[-79.264522,43.733331],[-79.26526,43.733115],[-79.265888,43.733106],[-79.26598,43.733083],[-79.266033,43.733041]]}},{"type":"Feature","properties":{"mode":"bus","n":22,"arr":["20","21","34","38","43","57","86","113","116","129","131","133","154","201","903","904","905","939","986","334","343","386"],"lines":"20, 21, 34, 38, 43, 57, 86, 113, 116, 129, 131, 133, 154, 201, 903, 904, 905, 939, 986, 334, 343, 386"},"geometry":{"type":"LineString","coordinates":[[-79.264265,43.732165],[-79.264586,43.732785]]}},{"type":"Feature","properties":{"mode":"bus","n":20,"arr":["20","21","34","38","43","57","86","113","116","129","131","133","154","201","903","904","905","939","986","386"],"lines":"20, 21, 34, 38, 43, 57, 86, 113, 116, 129, 131, 133, 154, 201, 903, 904, 905, 939, 986, 386"},"geometry":{"type":"LineString","coordinates":[[-79.262967,43.732631],[-79.263208,43.733097]]}},{"type":"Feature","properties":{"mode":"bus","n":13,"arr":["20","21","38","43","57","113","129","131","133","903","904","939","386"],"lines":"20, 21, 38, 43, 57, 113, 129, 131, 133, 903, 904, 939, 386"},"geometry":{"type":"LineString","coordinates":[[-79.263458,43.732201],[-79.262992,43.732352],[-79.262917,43.732439],[-79.262967,43.732631]]}},{"type":"Feature","properties":{"mode":"bus","n":13,"arr":["20","21","38","43","57","113","129","131","133","903","904","939","343"],"lines":"20, 21, 38, 43, 57, 113, 129, 131, 133, 903, 904, 939, 343"},"geometry":{"type":"LineString","coordinates":[[-79.264183,43.731983],[-79.263458,43.732201]]}},{"type":"Feature","properties":{"mode":"bus","n":15,"arr":["20","21","38","43","57","113","129","131","133","903","904","939","334","343","386"],"lines":"20, 21, 38, 43, 57, 113, 129, 131, 133, 903, 904, 939, 334, 343, 386"},"geometry":{"type":"LineString","coordinates":[[-79.264005,43.73137],[-79.264174,43.731425],[-79.264311,43.731444],[-79.264331,43.731449],[-79.264343,43.731458],[-79.264346,43.731469],[-79.264341,43.731484],[-79.264137,43.731831],[-79.264265,43.732165]]}},{"type":"Feature","properties":{"mode":"bus","n":14,"arr":["20","21","38","43","57","113","129","131","133","903","904","939","334","343"],"lines":"20, 21, 38, 43, 57, 113, 129, 131, 133, 903, 904, 939, 334, 343"},"geometry":{"type":"LineString","coordinates":[[-79.263203,43.732068],[-79.262979,43.732134],[-79.262909,43.732118],[-79.262879,43.732105],[-79.262861,43.732083],[-79.262704,43.731677],[-79.26264,43.731366],[-79.262642,43.731346],[-79.262656,43.731329],[-79.262672,43.731314],[-79.262695,43.731303],[-79.262722,43.731301],[-79.263513,43.731388],[-79.264005,43.73137]]}},{"type":"Feature","properties":{"mode":"bus","n":12,"arr":["20","38","43","113","129","131","133","903","904","939","334","343"],"lines":"20, 38, 43, 113, 129, 131, 133, 903, 904, 939, 334, 343"},"geometry":{"type":"LineString","coordinates":[[-79.263565,43.731926],[-79.263203,43.732068]]}},{"type":"Feature","properties":{"mode":"bus","n":13,"arr":["20","38","43","113","129","131","133","903","904","939","334","343","386"],"lines":"20, 38, 43, 113, 129, 131, 133, 903, 904, 939, 334, 343, 386"},"geometry":{"type":"LineString","coordinates":[[-79.263565,43.731926],[-79.263715,43.731858],[-79.26376,43.731806],[-79.263821,43.731587],[-79.263822,43.731495],[-79.263833,43.731463],[-79.263864,43.731439],[-79.264005,43.73137]]}},{"type":"Feature","properties":{"mode":"bus","n":14,"arr":["20","21","34","43","57","86","113","116","201","905","986","334","343","386"],"lines":"20, 21, 34, 43, 57, 86, 113, 116, 201, 905, 986, 334, 343, 386"},"geometry":{"type":"LineString","coordinates":[[-79.264586,43.732785],[-79.265151,43.732641],[-79.265436,43.732505]]}},{"type":"Feature","properties":{"mode":"bus","n":9,"arr":["20","34","43","86","113","201","334","343","386"],"lines":"20, 34, 43, 86, 113, 201, 334, 343, 386"},"geometry":{"type":"LineString","coordinates":[[-79.265436,43.732505],[-79.265518,43.732476],[-79.265654,43.732483],[-79.266049,43.73259],[-79.266408,43.732556]]}},{"type":"Feature","properties":{"mode":"bus","n":5,"arr":["20","86","201","334","386"],"lines":"20, 86, 201, 334, 386"},"geometry":{"type":"LineString","coordinates":[[-79.266408,43.732556],[-79.265572,43.732764]]}},{"type":"Feature","properties":{"mode":"bus","n":5,"arr":["20","57","116","905","986"],"lines":"20, 57, 116, 905, 986"},"geometry":{"type":"LineString","coordinates":[[-79.258906,43.734325],[-79.258786,43.734297],[-79.258045,43.734478]]}},{"type":"Feature","properties":{"mode":"bus","n":7,"arr":["21","38","131","133","904","939","GO94"],"lines":"21, 38, 131, 133, 904, 939, 94"},"geometry":{"type":"LineString","coordinates":[[-79.262458,43.773507],[-79.262403,43.773446]]}},{"type":"Feature","properties":{"mode":"bus","n":10,"arr":["21","38","129","131","133","903","904","939","996","GO94"],"lines":"21, 38, 129, 131, 133, 903, 904, 939, 996, 94"},"geometry":{"type":"LineString","coordinates":[[-79.262403,43.773446],[-79.262375,43.773375],[-79.262367,43.77336],[-79.262353,43.773351],[-79.262336,43.773348],[-79.262314,43.77335],[-79.261177,43.773582]]}},{"type":"Feature","properties":{"mode":"bus","n":9,"arr":["21","38","129","131","133","903","904","939","996"],"lines":"21, 38, 129, 131, 133, 903, 904, 939, 996"},"geometry":{"type":"LineString","coordinates":[[-79.262362,43.77334],[-79.261869,43.771929],[-79.261584,43.771266],[-79.26142,43.770789],[-79.26138,43.770655],[-79.261449,43.770463],[-79.261391,43.77013]]}},{"type":"Feature","properties":{"mode":"bus","n":9,"arr":["21","38","129","131","133","903","904","939","996"],"lines":"21, 38, 129, 131, 133, 903, 904, 939, 996"},"geometry":{"type":"LineString","coordinates":[[-79.261079,43.773713],[-79.260584,43.773873],[-79.260441,43.773956],[-79.260354,43.77398],[-79.260133,43.773969],[-79.259848,43.774002]]}},{"type":"Feature","properties":{"mode":"bus","n":9,"arr":["21","38","129","131","133","903","904","939","996"],"lines":"21, 38, 129, 131, 133, 903, 904, 939, 996"},"geometry":{"type":"LineString","coordinates":[[-79.262403,43.773446],[-79.2612,43.773683]]}},{"type":"Feature","properties":{"mode":"bus","n":11,"arr":["21","38","129","131","133","406","903","904","939","996","GO94"],"lines":"21, 38, 129, 131, 133, 406, 903, 904, 939, 996, 94"},"geometry":{"type":"LineString","coordinates":[[-79.261177,43.773582],[-79.261052,43.773619]]}},{"type":"Feature","properties":{"mode":"bus","n":10,"arr":["21","38","129","131","133","406","903","904","939","996"],"lines":"21, 38, 129, 131, 133, 406, 903, 904, 939, 996"},"geometry":{"type":"LineString","coordinates":[[-79.261052,43.773619],[-79.259975,43.773941],[-79.25899,43.774302]]}},{"type":"Feature","properties":{"mode":"bus","n":10,"arr":["21","38","129","131","133","406","903","904","939","996"],"lines":"21, 38, 129, 131, 133, 406, 903, 904, 939, 996"},"geometry":{"type":"LineString","coordinates":[[-79.2612,43.773683],[-79.261079,43.773713]]}},{"type":"Feature","properties":{"mode":"bus","n":7,"arr":["21","38","129","133","904","939","395"],"lines":"21, 38, 129, 133, 904, 939, 395"},"geometry":{"type":"LineString","coordinates":[[-79.261391,43.77013],[-79.26138,43.77001]]}},{"type":"Feature","properties":{"mode":"bus","n":6,"arr":["21","86","116","201","905","986"],"lines":"21, 86, 116, 201, 905, 986"},"geometry":{"type":"LineString","coordinates":[[-79.249129,43.736478],[-79.24904,43.73658],[-79.248224,43.736751]]}},{"type":"Feature","properties":{"mode":"bus","n":8,"arr":["21","86","116","201","905","986","334","386"],"lines":"21, 86, 116, 201, 905, 986, 334, 386"},"geometry":{"type":"LineString","coordinates":[[-79.256293,43.734957],[-79.253948,43.735474]]}},{"type":"Feature","properties":{"mode":"bus","n":8,"arr":["21","86","116","201","905","986","334","386"],"lines":"21, 86, 116, 201, 905, 986, 334, 386"},"geometry":{"type":"LineString","coordinates":[[-79.253179,43.735568],[-79.252707,43.735669],[-79.252615,43.735758],[-79.249129,43.736478],[-79.249006,43.736445],[-79.248145,43.736632]]}},{"type":"Feature","properties":{"mode":"bus","n":7,"arr":["21","86","116","201","905","334","386"],"lines":"21, 86, 116, 201, 905, 334, 386"},"geometry":{"type":"LineString","coordinates":[[-79.252615,43.735758],[-79.252843,43.735775],[-79.253258,43.73569]]}},{"type":"Feature","properties":{"mode":"bus","n":7,"arr":["21","86","116","201","905","334","386"],"lines":"21, 86, 116, 201, 905, 334, 386"},"geometry":{"type":"LineString","coordinates":[[-79.25631,43.735013],[-79.256293,43.734957]]}},{"type":"Feature","properties":{"mode":"bus","n":5,"arr":["21","86","116","905","386"],"lines":"21, 86, 116, 905, 386"},"geometry":{"type":"LineString","coordinates":[[-79.25581,43.735061],[-79.25631,43.735013]]}},{"type":"Feature","properties":{"mode":"bus","n":6,"arr":["21","86","201","905","334","386"],"lines":"21, 86, 201, 905, 334, 386"},"geometry":{"type":"LineString","coordinates":[[-79.256386,43.735021],[-79.25631,43.735013]]}},{"type":"Feature","properties":{"mode":"bus","n":5,"arr":["21","86","201","334","386"],"lines":"21, 86, 201, 334, 386"},"geometry":{"type":"LineString","coordinates":[[-79.258063,43.734799],[-79.257786,43.734911],[-79.257285,43.735046],[-79.256957,43.735073],[-79.256386,43.735021]]}},{"type":"Feature","properties":{"mode":"bus","n":5,"arr":["21","86","201","334","386"],"lines":"21, 86, 201, 334, 386"},"geometry":{"type":"LineString","coordinates":[[-79.258906,43.734325],[-79.258338,43.734575],[-79.258169,43.734759]]}},{"type":"Feature","properties":{"mode":"bus","n":5,"arr":["21","86","116","905","986"],"lines":"21, 86, 116, 905, 986"},"geometry":{"type":"LineString","coordinates":[[-79.257811,43.734688],[-79.257247,43.734746],[-79.256293,43.734957]]}},{"type":"Feature","properties":{"mode":"bus","n":7,"arr":["21","86","116","201","905","986","386"],"lines":"21, 86, 116, 201, 905, 986, 386"},"geometry":{"type":"LineString","coordinates":[[-79.258,43.734644],[-79.257811,43.734688]]}},{"type":"Feature","properties":{"mode":"bus","n":9,"arr":["21","57","86","116","201","905","986","334","386"],"lines":"21, 57, 86, 116, 201, 905, 986, 334, 386"},"geometry":{"type":"LineString","coordinates":[[-79.258114,43.734624],[-79.258,43.734644]]}},{"type":"Feature","properties":{"mode":"bus","n":6,"arr":["21","38","43","131","133","343"],"lines":"21, 38, 43, 131, 133, 343"},"geometry":{"type":"LineString","coordinates":[[-79.263496,43.733612],[-79.263491,43.733534]]}},{"type":"Feature","properties":{"mode":"bus","n":14,"arr":["21","34","38","43","113","129","131","133","154","903","904","939","334","343"],"lines":"21, 34, 38, 43, 113, 129, 131, 133, 154, 903, 904, 939, 334, 343"},"geometry":{"type":"LineString","coordinates":[[-79.264432,43.73282],[-79.264586,43.732785]]}},{"type":"Feature","properties":{"mode":"bus","n":13,"arr":["34","38","43","113","129","131","133","154","903","904","939","334","343"],"lines":"34, 38, 43, 113, 129, 131, 133, 154, 903, 904, 939, 334, 343"},"geometry":{"type":"LineString","coordinates":[[-79.264432,43.73282],[-79.263208,43.733097]]}},{"type":"Feature","properties":{"mode":"bus","n":13,"arr":["34","38","43","113","129","131","133","154","903","904","939","334","343"],"lines":"34, 38, 43, 113, 129, 131, 133, 154, 903, 904, 939, 334, 343"},"geometry":{"type":"LineString","coordinates":[[-79.266278,43.732697],[-79.267932,43.732341]]}},{"type":"Feature","properties":{"mode":"bus","n":6,"arr":["21","34","57","116","905","986"],"lines":"21, 34, 57, 116, 905, 986"},"geometry":{"type":"LineString","coordinates":[[-79.265436,43.732505],[-79.265506,43.732505]]}},{"type":"Feature","properties":{"mode":"bus","n":5,"arr":["21","57","116","905","986"],"lines":"21, 57, 116, 905, 986"},"geometry":{"type":"LineString","coordinates":[[-79.265506,43.732505],[-79.265605,43.732518],[-79.265659,43.732557],[-79.265679,43.73258],[-79.265683,43.732607],[-79.265671,43.732677],[-79.265572,43.732764]]}},{"type":"Feature","properties":{"mode":"bus","n":6,"arr":["21","57","86","201","334","386"],"lines":"21, 57, 86, 201, 334, 386"},"geometry":{"type":"LineString","coordinates":[[-79.258169,43.734759],[-79.258063,43.734799]]}},{"type":"Feature","properties":{"mode":"bus","n":7,"arr":["21","86","201","905","986","334","386"],"lines":"21, 86, 201, 905, 986, 334, 386"},"geometry":{"type":"LineString","coordinates":[[-79.253948,43.735474],[-79.253785,43.735437],[-79.253179,43.735568]]}},{"type":"Feature","properties":{"mode":"bus","n":8,"arr":["21","86","116","905","986","316","334","386"],"lines":"21, 86, 116, 905, 986, 316, 334, 386"},"geometry":{"type":"LineString","coordinates":[[-79.248145,43.736632],[-79.247981,43.736669]]}},{"type":"Feature","properties":{"mode":"bus","n":6,"arr":["21","95","903","995","996","395"],"lines":"21, 95, 903, 995, 996, 395"},"geometry":{"type":"LineString","coordinates":[[-79.261187,43.770171],[-79.261169,43.770059]]}},{"type":"Feature","properties":{"mode":"bus","n":5,"arr":["21","38","129","131","395"],"lines":"21, 38, 129, 131, 395"},"geometry":{"type":"LineString","coordinates":[[-79.261391,43.77013],[-79.261187,43.770171]]}},{"type":"Feature","properties":{"mode":"bus","n":5,"arr":["23","24","404","924","324"],"lines":"23, 24, 404, 924, 324"},"geometry":{"type":"LineString","coordinates":[[-79.296032,43.708786],[-79.295755,43.708293],[-79.295084,43.706745]]}},{"type":"Feature","properties":{"mode":"bus","n":5,"arr":["24","924","953","Y24","353"],"lines":"24, 924, 953, 24, 353"},"geometry":{"type":"LineString","coordinates":[[-79.34135,43.815481],[-79.341397,43.815567]]}},{"type":"Feature","properties":{"mode":"bus","n":5,"arr":["24","95","924","996","324"],"lines":"24, 95, 924, 996, 324"},"geometry":{"type":"LineString","coordinates":[[-79.31528,43.757818],[-79.315343,43.757947]]}},{"type":"Feature","properties":{"mode":"bus","n":5,"arr":["24","34","924","324","334"],"lines":"24, 34, 924, 324, 334"},"geometry":{"type":"LineString","coordinates":[[-79.302817,43.724794],[-79.302783,43.724724]]}},{"type":"Feature","properties":{"mode":"bus","n":6,"arr":["24","34","70","924","324","334"],"lines":"24, 34, 70, 924, 324, 334"},"geometry":{"type":"LineString","coordinates":[[-79.302628,43.724815],[-79.302552,43.724633]]}},{"type":"Feature","properties":{"mode":"bus","n":7,"arr":["24","95","924","995","996","324","395"],"lines":"24, 95, 924, 995, 996, 324, 395"},"geometry":{"type":"LineString","coordinates":[[-79.31528,43.757818],[-79.315142,43.757852]]}},{"type":"Feature","properties":{"mode":"bus","n":5,"arr":["24","924","995","324","395"],"lines":"24, 924, 995, 324, 395"},"geometry":{"type":"LineString","coordinates":[[-79.315142,43.757852],[-79.315187,43.757979]]}},{"type":"Feature","properties":{"mode":"bus","n":6,"arr":["24","85","904","924","985","385"],"lines":"24, 85, 904, 924, 985, 385"},"geometry":{"type":"LineString","coordinates":[[-79.323109,43.775289],[-79.322935,43.775325]]}},{"type":"Feature","properties":{"mode":"bus","n":5,"arr":["24","39","924","Y24","339"],"lines":"24, 39, 924, 24, 339"},"geometry":{"type":"LineString","coordinates":[[-79.331304,43.793083],[-79.331351,43.793191]]}},{"type":"Feature","properties":{"mode":"bus","n":5,"arr":["25","925","Y90","Y90B","325"],"lines":"25, 925, 90, 90B, 325"},"geometry":{"type":"LineString","coordinates":[[-79.358999,43.808929],[-79.35748,43.807611],[-79.355685,43.806004],[-79.355066,43.80534],[-79.35383,43.80373],[-79.353563,43.803242],[-79.353429,43.802885],[-79.353333,43.802527],[-79.353308,43.802355],[-79.353389,43.80178],[-79.353939,43.800137],[-79.353901,43.800011],[-79.354217,43.79914],[-79.354297,43.799048],[-79.354728,43.797842],[-79.355139,43.796601],[-79.355197,43.796312],[-79.35529,43.795398],[-79.355254,43.794752],[-79.354946,43.793531],[-79.355016,43.793449],[-79.354816,43.792716]]}},{"type":"Feature","properties":{"mode":"bus","n":5,"arr":["25","925","Y90","Y90B","325"],"lines":"25, 925, 90, 90B, 325"},"geometry":{"type":"LineString","coordinates":[[-79.354789,43.792598],[-79.354606,43.791799],[-79.354499,43.791705],[-79.35444,43.791522],[-79.354144,43.790277],[-79.353936,43.78954],[-79.353525,43.788533],[-79.353188,43.787795],[-79.353244,43.787667],[-79.353124,43.78741]]}},{"type":"Feature","properties":{"mode":"bus","n":6,"arr":["25","925","Y90","Y90B","325","339"],"lines":"25, 925, 90, 90B, 325, 339"},"geometry":{"type":"LineString","coordinates":[[-79.354816,43.792716],[-79.354789,43.792598]]}},{"type":"Feature","properties":{"mode":"bus","n":6,"arr":["25","169","925","Y90","Y90B","325"],"lines":"25, 169, 925, 90, 90B, 325"},"geometry":{"type":"LineString","coordinates":[[-79.353124,43.78741],[-79.353081,43.787323]]}},{"type":"Feature","properties":{"mode":"bus","n":6,"arr":["25","95","925","995","325","395"],"lines":"25, 95, 925, 995, 325, 395"},"geometry":{"type":"LineString","coordinates":[[-79.347131,43.755853],[-79.34713,43.75573]]}},{"type":"Feature","properties":{"mode":"bus","n":6,"arr":["25","54","191","954","325","354"],"lines":"25, 54, 191, 954, 325, 354"},"geometry":{"type":"LineString","coordinates":[[-79.343511,43.73711],[-79.342746,43.73428],[-79.342673,43.73391],[-79.342209,43.732272]]}},{"type":"Feature","properties":{"mode":"bus","n":7,"arr":["25","54","191","925","954","325","354"],"lines":"25, 54, 191, 925, 954, 325, 354"},"geometry":{"type":"LineString","coordinates":[[-79.342209,43.732272],[-79.34218,43.732187]]}},{"type":"Feature","properties":{"mode":"bus","n":7,"arr":["25","54","191","925","954","325","354"],"lines":"25, 54, 191, 925, 954, 325, 354"},"geometry":{"type":"LineString","coordinates":[[-79.340759,43.727668],[-79.34042,43.726394]]}},{"type":"Feature","properties":{"mode":"bus","n":7,"arr":["25","54","191","925","954","325","354"],"lines":"25, 54, 191, 925, 954, 325, 354"},"geometry":{"type":"LineString","coordinates":[[-79.34333,43.737147],[-79.342616,43.734448]]}},{"type":"Feature","properties":{"mode":"bus","n":8,"arr":["25","54","191","403","925","954","325","354"],"lines":"25, 54, 191, 403, 925, 954, 325, 354"},"geometry":{"type":"LineString","coordinates":[[-79.34218,43.732187],[-79.340915,43.727645]]}},{"type":"Feature","properties":{"mode":"bus","n":9,"arr":["25","54","162","191","403","925","954","325","354"],"lines":"25, 54, 162, 191, 403, 925, 954, 325, 354"},"geometry":{"type":"LineString","coordinates":[[-79.340915,43.727645],[-79.340598,43.726371],[-79.339662,43.722996]]}},{"type":"Feature","properties":{"mode":"bus","n":6,"arr":["25","72","403","925","325","354"],"lines":"25, 72, 403, 925, 325, 354"},"geometry":{"type":"LineString","coordinates":[[-79.339662,43.722996],[-79.338985,43.720558]]}},{"type":"Feature","properties":{"mode":"bus","n":7,"arr":["25","72","403","925","325","334","354"],"lines":"25, 72, 403, 925, 325, 334, 354"},"geometry":{"type":"LineString","coordinates":[[-79.338985,43.720558],[-79.338941,43.720409]]}},{"type":"Feature","properties":{"mode":"bus","n":5,"arr":["25","34","925","334","354"],"lines":"25, 34, 925, 334, 354"},"geometry":{"type":"LineString","coordinates":[[-79.338941,43.720409],[-79.338775,43.72046]]}},{"type":"Feature","properties":{"mode":"bus","n":5,"arr":["25","72","403","925","325"],"lines":"25, 72, 403, 925, 325"},"geometry":{"type":"LineString","coordinates":[[-79.337363,43.716548],[-79.338368,43.718758],[-79.338701,43.719584],[-79.338941,43.720409]]}},{"type":"Feature","properties":{"mode":"bus","n":5,"arr":["25","72","100","925","325"],"lines":"25, 72, 100, 925, 325"},"geometry":{"type":"LineString","coordinates":[[-79.336075,43.709359],[-79.335164,43.709862],[-79.334871,43.709959],[-79.334466,43.710055]]}},{"type":"Feature","properties":{"mode":"bus","n":5,"arr":["25","72","100","925","325"],"lines":"25, 72, 100, 925, 325"},"geometry":{"type":"LineString","coordinates":[[-79.349165,43.697203],[-79.349153,43.69713],[-79.349185,43.696993],[-79.349246,43.696884],[-79.349415,43.696825],[-79.349936,43.696351],[-79.350799,43.695622],[-79.350898,43.69549],[-79.35099,43.695271],[-79.351007,43.695119],[-79.350974,43.694975],[-79.350465,43.693615],[-79.350278,43.693243]]}},{"type":"Feature","properties":{"mode":"bus","n":6,"arr":["25","72","100","403","925","325"],"lines":"25, 72, 100, 403, 925, 325"},"geometry":{"type":"LineString","coordinates":[[-79.334429,43.709971],[-79.33484,43.70987],[-79.335117,43.709769],[-79.335751,43.709447],[-79.339358,43.708502],[-79.339647,43.708407],[-79.34356,43.707425]]}},{"type":"Feature","properties":{"mode":"bus","n":6,"arr":["25","72","100","156","925","325"],"lines":"25, 72, 100, 156, 925, 325"},"geometry":{"type":"LineString","coordinates":[[-79.343634,43.707576],[-79.34356,43.707425]]}},{"type":"Feature","properties":{"mode":"bus","n":6,"arr":["25","72","100","156","925","325"],"lines":"25, 72, 100, 156, 925, 325"},"geometry":{"type":"LineString","coordinates":[[-79.350024,43.704966],[-79.349903,43.705075]]}},{"type":"Feature","properties":{"mode":"bus","n":6,"arr":["25","72","100","156","925","325"],"lines":"25, 72, 100, 156, 925, 325"},"geometry":{"type":"LineString","coordinates":[[-79.349757,43.704984],[-79.352098,43.70274],[-79.352356,43.70247],[-79.352715,43.701899]]}},{"type":"Feature","properties":{"mode":"bus","n":5,"arr":["25","100","156","403","925"],"lines":"25, 100, 156, 403, 925"},"geometry":{"type":"LineString","coordinates":[[-79.347528,43.706642],[-79.348142,43.706428],[-79.348836,43.706059],[-79.349398,43.705574],[-79.349903,43.705075]]}},{"type":"Feature","properties":{"mode":"bus","n":5,"arr":["25","72","100","156","325"],"lines":"25, 72, 100, 156, 325"},"geometry":{"type":"LineString","coordinates":[[-79.351729,43.70333],[-79.350024,43.704966]]}},{"type":"Feature","properties":{"mode":"bus","n":7,"arr":["25","51","72","100","156","925","325"],"lines":"25, 51, 72, 100, 156, 925, 325"},"geometry":{"type":"LineString","coordinates":[[-79.352715,43.701899],[-79.352881,43.701964]]}},{"type":"Feature","properties":{"mode":"bus","n":5,"arr":["25","51","72","100","325"],"lines":"25, 51, 72, 100, 325"},"geometry":{"type":"LineString","coordinates":[[-79.34943,43.697319],[-79.35132,43.700613],[-79.351538,43.700943],[-79.351842,43.701266],[-79.352092,43.701454],[-79.352463,43.70165],[-79.352769,43.701773]]}},{"type":"Feature","properties":{"mode":"bus","n":5,"arr":["25","87","100","925","322"],"lines":"25, 87, 100, 925, 322"},"geometry":{"type":"LineString","coordinates":[[-79.358185,43.677457],[-79.358661,43.677515]]}},{"type":"Feature","properties":{"mode":"bus","n":6,"arr":["25","51","72","100","925","325"],"lines":"25, 51, 72, 100, 925, 325"},"geometry":{"type":"LineString","coordinates":[[-79.352715,43.701899],[-79.352391,43.701771],[-79.351952,43.701527],[-79.351684,43.701324],[-79.351412,43.701002],[-79.349314,43.697353],[-79.349165,43.697203]]}},{"type":"Feature","properties":{"mode":"bus","n":6,"arr":["25","34","925","325","334","354"],"lines":"25, 34, 925, 325, 334, 354"},"geometry":{"type":"LineString","coordinates":[[-79.338817,43.720612],[-79.338775,43.72046]]}},{"type":"Feature","properties":{"mode":"bus","n":6,"arr":["25","54","191","925","325","354"],"lines":"25, 54, 191, 925, 325, 354"},"geometry":{"type":"LineString","coordinates":[[-79.342616,43.734448],[-79.342291,43.733156],[-79.342021,43.732236]]}},{"type":"Feature","properties":{"mode":"bus","n":5,"arr":["25","925","954","325","354"],"lines":"25, 925, 954, 325, 354"},"geometry":{"type":"LineString","coordinates":[[-79.343359,43.737245],[-79.34333,43.737147]]}},{"type":"Feature","properties":{"mode":"bus","n":6,"arr":["25","151","925","Y90","Y90B","325"],"lines":"25, 151, 925, 90, 90B, 325"},"geometry":{"type":"LineString","coordinates":[[-79.36067,43.811138],[-79.360496,43.81073],[-79.360495,43.810536],[-79.360244,43.810143],[-79.359859,43.8097],[-79.358999,43.808929]]}},{"type":"Feature","properties":{"mode":"bus","n":7,"arr":["25","53","151","925","953","325","353"],"lines":"25, 53, 151, 925, 953, 325, 353"},"geometry":{"type":"LineString","coordinates":[[-79.36067,43.811138],[-79.357531,43.811847]]}},{"type":"Feature","properties":{"mode":"bus","n":6,"arr":["26","27","55","149","935","335"],"lines":"26, 27, 55, 149, 935, 335"},"geometry":{"type":"LineString","coordinates":[[-79.482928,43.649689],[-79.483122,43.650149],[-79.483132,43.650163],[-79.483145,43.650172],[-79.483163,43.650175],[-79.483184,43.650172],[-79.484625,43.649842],[-79.484644,43.649835],[-79.484656,43.649825],[-79.48466,43.649812],[-79.484656,43.649797],[-79.484441,43.649322]]}},{"type":"Feature","properties":{"mode":"bus","n":7,"arr":["26","27","55","149","935","300","335"],"lines":"26, 27, 55, 149, 935, 300, 335"},"geometry":{"type":"LineString","coordinates":[[-79.482928,43.649689],[-79.484441,43.649322]]}},{"type":"Feature","properties":{"mode":"bus","n":5,"arr":["26","27","55","935","335"],"lines":"26, 27, 55, 935, 335"},"geometry":{"type":"LineString","coordinates":[[-79.484672,43.649831],[-79.488125,43.658271]]}},{"type":"Feature","properties":{"mode":"bus","n":12,"arr":["27","32","34","35","71","89","161","164","168","171","989","334"],"lines":"27, 32, 34, 35, 71, 89, 161, 164, 168, 171, 989, 334"},"geometry":{"type":"LineString","coordinates":[[-79.486327,43.688567],[-79.486483,43.688617],[-79.486615,43.688627],[-79.48802,43.688323],[-79.488119,43.688345],[-79.488952,43.688767]]}},{"type":"Feature","properties":{"mode":"bus","n":12,"arr":["27","32","34","35","71","89","161","164","168","171","989","334"],"lines":"27, 32, 34, 35, 71, 89, 161, 164, 168, 171, 989, 334"},"geometry":{"type":"LineString","coordinates":[[-79.488995,43.688789],[-79.489065,43.688832],[-79.489077,43.688923],[-79.489051,43.688969],[-79.488933,43.689011],[-79.488889,43.689018],[-79.488846,43.689007],[-79.488078,43.688644],[-79.48799,43.688622],[-79.486754,43.688892],[-79.486515,43.68888],[-79.486248,43.688758],[-79.486227,43.688744],[-79.486219,43.688726],[-79.486226,43.688706],[-79.486426,43.68837],[-79.486447,43.688145],[-79.486404,43.688012],[-79.486088,43.687406],[-79.486009,43.687322],[-79.485814,43.687188],[-79.485592,43.687099],[-79.485376,43.687049],[-79.484969,43.68702]]}},{"type":"Feature","properties":{"mode":"bus","n":10,"arr":["27","32","35","71","89","161","168","171","989","334"],"lines":"27, 32, 35, 71, 89, 161, 168, 171, 989, 334"},"geometry":{"type":"LineString","coordinates":[[-79.488952,43.688767],[-79.488995,43.688789]]}},{"type":"Feature","properties":{"mode":"bus","n":10,"arr":["27","32","34","35","71","89","164","171","989","334"],"lines":"27, 32, 34, 35, 71, 89, 164, 171, 989, 334"},"geometry":{"type":"LineString","coordinates":[[-79.484969,43.68702],[-79.484707,43.68712],[-79.484518,43.687242],[-79.484431,43.687329],[-79.484384,43.68743],[-79.484392,43.687575],[-79.484617,43.688028]]}},{"type":"Feature","properties":{"mode":"bus","n":7,"arr":["27","32","35","71","89","171","989"],"lines":"27, 32, 35, 71, 89, 171, 989"},"geometry":{"type":"LineString","coordinates":[[-79.48965,43.687006],[-79.488957,43.687169],[-79.485967,43.687691],[-79.485258,43.687845],[-79.484617,43.688028]]}},{"type":"Feature","properties":{"mode":"bus","n":5,"arr":["27","79","189","935","335"],"lines":"27, 79, 189, 935, 335"},"geometry":{"type":"LineString","coordinates":[[-79.492828,43.66954],[-79.493748,43.671647]]}},{"type":"Feature","properties":{"mode":"bus","n":5,"arr":["27","32","35","71","89"],"lines":"27, 32, 35, 71, 89"},"geometry":{"type":"LineString","coordinates":[[-79.48949,43.686937],[-79.48965,43.687006]]}},{"type":"Feature","properties":{"mode":"bus","n":9,"arr":["29","96","118","119","120","165","184","929","996"],"lines":"29, 96, 118, 119, 120, 165, 184, 929, 996"},"geometry":{"type":"LineString","coordinates":[[-79.450894,43.735109],[-79.451158,43.735063],[-79.451178,43.735057],[-79.451191,43.735047],[-79.451196,43.735035],[-79.451193,43.735019],[-79.450867,43.734139]]}},{"type":"Feature","properties":{"mode":"bus","n":9,"arr":["29","96","118","119","120","165","184","929","996"],"lines":"29, 96, 118, 119, 120, 165, 184, 929, 996"},"geometry":{"type":"LineString","coordinates":[[-79.452536,43.734257],[-79.452424,43.734238],[-79.452253,43.734165],[-79.45173,43.734015]]}},{"type":"Feature","properties":{"mode":"bus","n":10,"arr":["29","96","104","118","119","120","165","184","929","996"],"lines":"29, 96, 104, 118, 119, 120, 165, 184, 929, 996"},"geometry":{"type":"LineString","coordinates":[[-79.450626,43.734367],[-79.450894,43.735109]]}},{"type":"Feature","properties":{"mode":"bus","n":11,"arr":["29","96","101","104","118","119","120","165","184","929","996"],"lines":"29, 96, 101, 104, 118, 119, 120, 165, 184, 929, 996"},"geometry":{"type":"LineString","coordinates":[[-79.450567,43.734203],[-79.450626,43.734367]]}},{"type":"Feature","properties":{"mode":"bus","n":12,"arr":["29","96","101","104","118","119","120","160","165","184","929","996"],"lines":"29, 96, 101, 104, 118, 119, 120, 160, 165, 184, 929, 996"},"geometry":{"type":"LineString","coordinates":[[-79.451288,43.734123],[-79.450867,43.734139],[-79.450567,43.734203]]}},{"type":"Feature","properties":{"mode":"bus","n":10,"arr":["29","96","101","118","119","120","165","184","929","996"],"lines":"29, 96, 101, 118, 119, 120, 165, 184, 929, 996"},"geometry":{"type":"LineString","coordinates":[[-79.451731,43.733673],[-79.451802,43.733785],[-79.451807,43.733896],[-79.451751,43.733982],[-79.451723,43.73401],[-79.451683,43.734027],[-79.451288,43.734123]]}},{"type":"Feature","properties":{"mode":"bus","n":11,"arr":["29","96","101","118","119","120","165","184","929","996","396"],"lines":"29, 96, 101, 118, 119, 120, 165, 184, 929, 996, 396"},"geometry":{"type":"LineString","coordinates":[[-79.452864,43.733417],[-79.451731,43.733673]]}},{"type":"Feature","properties":{"mode":"bus","n":12,"arr":["29","96","101","118","119","120","165","184","929","996","329","396"],"lines":"29, 96, 101, 118, 119, 120, 165, 184, 929, 996, 329, 396"},"geometry":{"type":"LineString","coordinates":[[-79.458895,43.732116],[-79.456719,43.732543],[-79.455836,43.732738],[-79.45566,43.732837],[-79.45541,43.732895],[-79.452864,43.733417]]}},{"type":"Feature","properties":{"mode":"bus","n":9,"arr":["29","96","118","120","165","929","996","329","396"],"lines":"29, 96, 118, 120, 165, 929, 996, 329, 396"},"geometry":{"type":"LineString","coordinates":[[-79.455271,43.732788],[-79.455619,43.732736],[-79.455836,43.732738]]}},{"type":"Feature","properties":{"mode":"bus","n":5,"arr":["96","165","929","996","396"],"lines":"96, 165, 929, 996, 396"},"geometry":{"type":"LineString","coordinates":[[-79.452685,43.733322],[-79.455271,43.732788]]}},{"type":"Feature","properties":{"mode":"bus","n":6,"arr":["29","118","119","184","929","329"],"lines":"29, 118, 119, 184, 929, 329"},"geometry":{"type":"LineString","coordinates":[[-79.458895,43.732116],[-79.45888,43.732049]]}},{"type":"Feature","properties":{"mode":"bus","n":8,"arr":["29","52","59","400","929","952","329","352"],"lines":"29, 52, 59, 400, 929, 952, 329, 352"},"geometry":{"type":"LineString","coordinates":[[-79.454747,43.714035],[-79.454666,43.714042]]}},{"type":"Feature","properties":{"mode":"bus","n":6,"arr":["29","52","400","929","952","329"],"lines":"29, 52, 400, 929, 952, 329"},"geometry":{"type":"LineString","coordinates":[[-79.454666,43.714042],[-79.454678,43.714094]]}},{"type":"Feature","properties":{"mode":"bus","n":7,"arr":["29","96","120","165","929","996","396"],"lines":"29, 96, 120, 165, 929, 996, 396"},"geometry":{"type":"LineString","coordinates":[[-79.45888,43.732049],[-79.45776,43.732291],[-79.457495,43.732377]]}},{"type":"Feature","properties":{"mode":"bus","n":7,"arr":["29","118","119","120","165","184","329"],"lines":"29, 118, 119, 120, 165, 184, 329"},"geometry":{"type":"LineString","coordinates":[[-79.452864,43.733417],[-79.452961,43.733698],[-79.452925,43.73396],[-79.45282,43.734135],[-79.452699,43.734255],[-79.452678,43.734269],[-79.452652,43.734276],[-79.452623,43.734274],[-79.452536,43.734257]]}},{"type":"Feature","properties":{"mode":"bus","n":5,"arr":["34","63","90","334","363"],"lines":"34, 63, 90, 334, 363"},"geometry":{"type":"LineString","coordinates":[[-79.442771,43.697289],[-79.439369,43.69804]]}},{"type":"Feature","properties":{"mode":"bus","n":7,"arr":["34","63","90","109","164","334","363"],"lines":"34, 63, 90, 109, 164, 334, 363"},"geometry":{"type":"LineString","coordinates":[[-79.439369,43.69804],[-79.435577,43.698855]]}},{"type":"Feature","properties":{"mode":"bus","n":5,"arr":["34","63","90","109","164"],"lines":"34, 63, 90, 109, 164"},"geometry":{"type":"LineString","coordinates":[[-79.436584,43.699516],[-79.436279,43.698695]]}},{"type":"Feature","properties":{"mode":"bus","n":6,"arr":["34","63","90","109","164","363"],"lines":"34, 63, 90, 109, 164, 363"},"geometry":{"type":"LineString","coordinates":[[-79.436088,43.699783],[-79.436185,43.699808],[-79.436451,43.699755],[-79.436559,43.699646],[-79.436584,43.699516]]}},{"type":"Feature","properties":{"mode":"bus","n":6,"arr":["34","63","90","109","164","363"],"lines":"34, 63, 90, 109, 164, 363"},"geometry":{"type":"LineString","coordinates":[[-79.435577,43.698855],[-79.435877,43.699647],[-79.436003,43.699749]]}},{"type":"Feature","properties":{"mode":"bus","n":5,"arr":["34","63","109","164","363"],"lines":"34, 63, 109, 164, 363"},"geometry":{"type":"LineString","coordinates":[[-79.436003,43.699749],[-79.436088,43.699783]]}},{"type":"Feature","properties":{"mode":"bus","n":5,"arr":["34","74","103","334","354"],"lines":"34, 74, 103, 334, 354"},"geometry":{"type":"LineString","coordinates":[[-79.400273,43.706349],[-79.398481,43.706722]]}},{"type":"Feature","properties":{"mode":"bus","n":5,"arr":["34","74","103","334","354"],"lines":"34, 74, 103, 334, 354"},"geometry":{"type":"LineString","coordinates":[[-79.398327,43.706748],[-79.390143,43.70841]]}},{"type":"Feature","properties":{"mode":"bus","n":6,"arr":["34","74","97","103","334","354"],"lines":"34, 74, 97, 103, 334, 354"},"geometry":{"type":"LineString","coordinates":[[-79.398481,43.706722],[-79.398327,43.706748]]}},{"type":"Feature","properties":{"mode":"bus","n":6,"arr":["34","51","88","156","334","354"],"lines":"34, 51, 88, 156, 334, 354"},"geometry":{"type":"LineString","coordinates":[[-79.36477,43.713585],[-79.359809,43.714621]]}},{"type":"Feature","properties":{"mode":"bus","n":5,"arr":["34","51","88","156","334"],"lines":"34, 51, 88, 156, 334"},"geometry":{"type":"LineString","coordinates":[[-79.359809,43.714621],[-79.359762,43.714521]]}},{"type":"Feature","properties":{"mode":"bus","n":5,"arr":["34","43","113","334","343"],"lines":"34, 43, 113, 334, 343"},"geometry":{"type":"LineString","coordinates":[[-79.267882,43.732204],[-79.268033,43.73217]]}},{"type":"Feature","properties":{"mode":"bus","n":5,"arr":["34","43","113","334","343"],"lines":"34, 43, 113, 334, 343"},"geometry":{"type":"LineString","coordinates":[[-79.266408,43.732556],[-79.266721,43.732477]]}},{"type":"Feature","properties":{"mode":"bus","n":9,"arr":["34","38","43","113","129","133","154","334","343"],"lines":"34, 38, 43, 113, 129, 133, 154, 334, 343"},"geometry":{"type":"LineString","coordinates":[[-79.266721,43.732477],[-79.267882,43.732204]]}},{"type":"Feature","properties":{"mode":"bus","n":7,"arr":["34","86","116","154","201","905","986"],"lines":"34, 86, 116, 154, 201, 905, 986"},"geometry":{"type":"LineString","coordinates":[[-79.263985,43.73225],[-79.263062,43.732537],[-79.262967,43.732631]]}},{"type":"Feature","properties":{"mode":"bus","n":5,"arr":["34","86","116","154","201"],"lines":"34, 86, 116, 154, 201"},"geometry":{"type":"LineString","coordinates":[[-79.264045,43.732234],[-79.263985,43.73225]]}},{"type":"Feature","properties":{"mode":"bus","n":8,"arr":["34","86","116","154","201","903","905","986"],"lines":"34, 86, 116, 154, 201, 903, 905, 986"},"geometry":{"type":"LineString","coordinates":[[-79.264045,43.732234],[-79.264174,43.732203]]}},{"type":"Feature","properties":{"mode":"bus","n":9,"arr":["34","57","86","116","154","201","903","905","986"],"lines":"34, 57, 86, 116, 154, 201, 903, 905, 986"},"geometry":{"type":"LineString","coordinates":[[-79.264174,43.732203],[-79.264265,43.732165]]}},{"type":"Feature","properties":{"mode":"bus","n":14,"arr":["34","38","43","113","129","131","133","154","201","903","904","939","334","343"],"lines":"34, 38, 43, 113, 129, 131, 133, 154, 201, 903, 904, 939, 334, 343"},"geometry":{"type":"LineString","coordinates":[[-79.266033,43.733041],[-79.266154,43.732964],[-79.266233,43.732837],[-79.266278,43.732697]]}},{"type":"Feature","properties":{"mode":"bus","n":6,"arr":["34","71","164","171","989","334"],"lines":"34, 71, 164, 171, 989, 334"},"geometry":{"type":"LineString","coordinates":[[-79.484617,43.688028],[-79.482969,43.688398]]}},{"type":"Feature","properties":{"mode":"bus","n":8,"arr":["35","41","60","106","108","166","935","960"],"lines":"35, 41, 60, 106, 108, 166, 935, 960"},"geometry":{"type":"LineString","coordinates":[[-79.508717,43.776859],[-79.509862,43.777208],[-79.509942,43.777194],[-79.509983,43.777163],[-79.510035,43.776976],[-79.510005,43.776926]]}},{"type":"Feature","properties":{"mode":"bus","n":7,"arr":["35","41","60","106","166","935","960"],"lines":"35, 41, 60, 106, 166, 935, 960"},"geometry":{"type":"LineString","coordinates":[[-79.50864,43.776832],[-79.508717,43.776859]]}},{"type":"Feature","properties":{"mode":"bus","n":6,"arr":["35","41","60","106","935","960"],"lines":"35, 41, 60, 106, 935, 960"},"geometry":{"type":"LineString","coordinates":[[-79.508353,43.776795],[-79.508501,43.77679],[-79.50864,43.776832]]}},{"type":"Feature","properties":{"mode":"bus","n":7,"arr":["35","60","108","166","935","960","335"],"lines":"35, 60, 108, 166, 935, 960, 335"},"geometry":{"type":"LineString","coordinates":[[-79.508932,43.778106],[-79.508353,43.776795]]}},{"type":"Feature","properties":{"mode":"bus","n":7,"arr":["35","60","108","166","935","960","335"],"lines":"35, 60, 108, 166, 935, 960, 335"},"geometry":{"type":"LineString","coordinates":[[-79.516973,43.776344],[-79.516822,43.776369]]}},{"type":"Feature","properties":{"mode":"bus","n":8,"arr":["35","60","108","166","935","960","335","353"],"lines":"35, 60, 108, 166, 935, 960, 335, 353"},"geometry":{"type":"LineString","coordinates":[[-79.508994,43.778253],[-79.508932,43.778106]]}},{"type":"Feature","properties":{"mode":"bus","n":12,"arr":["35","60","108","166","935","960","Y3","Y96","Y107","Y107B","335","353"],"lines":"35, 60, 108, 166, 935, 960, 3, 96, 107, 107B, 335, 353"},"geometry":{"type":"LineString","coordinates":[[-79.508994,43.778253],[-79.511022,43.777791]]}},{"type":"Feature","properties":{"mode":"bus","n":9,"arr":["35","60","108","166","935","960","Y20","Y165","335"],"lines":"35, 60, 108, 166, 935, 960, 20, 165, 335"},"geometry":{"type":"LineString","coordinates":[[-79.511022,43.777791],[-79.51563,43.776728],[-79.517048,43.776459]]}},{"type":"Feature","properties":{"mode":"bus","n":5,"arr":["35","60","935","960","335"],"lines":"35, 60, 935, 960, 335"},"geometry":{"type":"LineString","coordinates":[[-79.518679,43.776145],[-79.520083,43.775892],[-79.521621,43.775531]]}},{"type":"Feature","properties":{"mode":"bus","n":7,"arr":["35","60","166","935","960","Y20","335"],"lines":"35, 60, 166, 935, 960, 20, 335"},"geometry":{"type":"LineString","coordinates":[[-79.521621,43.775531],[-79.521778,43.775492]]}},{"type":"Feature","properties":{"mode":"bus","n":5,"arr":["35","60","166","960","Y165"],"lines":"35, 60, 166, 960, 165"},"geometry":{"type":"LineString","coordinates":[[-79.526845,43.774314],[-79.525595,43.774584],[-79.523287,43.775035],[-79.522372,43.775277],[-79.522272,43.775258],[-79.52178,43.775371]]}},{"type":"Feature","properties":{"mode":"bus","n":5,"arr":["35","99","935","335","336"],"lines":"35, 99, 935, 335, 336"},"geometry":{"type":"LineString","coordinates":[[-79.517774,43.757244],[-79.51775,43.757165]]}},{"type":"Feature","properties":{"mode":"bus","n":6,"arr":["35","52","158","935","335","352"],"lines":"35, 52, 158, 935, 335, 352"},"geometry":{"type":"LineString","coordinates":[[-79.503837,43.702841],[-79.503864,43.702949]]}},{"type":"Feature","properties":{"mode":"bus","n":5,"arr":["35","79","158","935","335"],"lines":"35, 79, 158, 935, 335"},"geometry":{"type":"LineString","coordinates":[[-79.503223,43.700826],[-79.5036,43.702287],[-79.503704,43.702353],[-79.503789,43.702662]]}},{"type":"Feature","properties":{"mode":"bus","n":8,"arr":["35","96","118","119","165","935","996","396"],"lines":"35, 96, 118, 119, 165, 935, 996, 396"},"geometry":{"type":"LineString","coordinates":[[-79.508558,43.720898],[-79.508665,43.720884]]}},{"type":"Feature","properties":{"mode":"bus","n":5,"arr":["35","84","984","335","384"],"lines":"35, 84, 984, 335, 384"},"geometry":{"type":"LineString","coordinates":[[-79.513307,43.739404],[-79.51312,43.739447]]}},{"type":"Feature","properties":{"mode":"bus","n":6,"arr":["166","935","960","Y20","Y165","335"],"lines":"166, 935, 960, 20, 165, 335"},"geometry":{"type":"LineString","coordinates":[[-79.521624,43.775407],[-79.520361,43.775696],[-79.518634,43.776019]]}},{"type":"Feature","properties":{"mode":"bus","n":8,"arr":["35","60","166","935","960","Y20","Y165","335"],"lines":"35, 60, 166, 935, 960, 20, 165, 335"},"geometry":{"type":"LineString","coordinates":[[-79.518634,43.776019],[-79.516973,43.776344]]}},{"type":"Feature","properties":{"mode":"bus","n":6,"arr":["35","60","108","166","960","335"],"lines":"35, 60, 108, 166, 960, 335"},"geometry":{"type":"LineString","coordinates":[[-79.511043,43.777624],[-79.51606,43.776515],[-79.516822,43.776369]]}},{"type":"Feature","properties":{"mode":"bus","n":10,"arr":["35","60","108","935","960","Y96","Y107","Y107B","Y165","353"],"lines":"35, 60, 108, 935, 960, 96, 107, 107B, 165, 353"},"geometry":{"type":"LineString","coordinates":[[-79.511022,43.777791],[-79.511043,43.777624]]}},{"type":"Feature","properties":{"mode":"bus","n":7,"arr":["35","60","108","166","960","335","353"],"lines":"35, 60, 108, 166, 960, 335, 353"},"geometry":{"type":"LineString","coordinates":[[-79.511043,43.777624],[-79.510884,43.777664]]}},{"type":"Feature","properties":{"mode":"bus","n":5,"arr":["35","41","106","935","353"],"lines":"35, 41, 106, 935, 353"},"geometry":{"type":"LineString","coordinates":[[-79.510537,43.776793],[-79.510005,43.776926]]}},{"type":"Feature","properties":{"mode":"bus","n":7,"arr":["35","60","106","108","166","960","353"],"lines":"35, 60, 106, 108, 166, 960, 353"},"geometry":{"type":"LineString","coordinates":[[-79.509598,43.776813],[-79.510005,43.776926]]}},{"type":"Feature","properties":{"mode":"bus","n":5,"arr":["36","160","939","307","336"],"lines":"36, 160, 939, 307, 336"},"geometry":{"type":"LineString","coordinates":[[-79.442907,43.773896],[-79.443056,43.773884]]}},{"type":"Feature","properties":{"mode":"bus","n":5,"arr":["36","97","939","336","339"],"lines":"36, 97, 939, 336, 339"},"geometry":{"type":"LineString","coordinates":[[-79.414917,43.779913],[-79.415445,43.779791]]}},{"type":"Feature","properties":{"mode":"bus","n":5,"arr":["36","39","97","939","953"],"lines":"36, 39, 97, 939, 953"},"geometry":{"type":"LineString","coordinates":[[-79.414759,43.780147],[-79.414642,43.779977]]}},{"type":"Feature","properties":{"mode":"bus","n":10,"arr":["36","39","42","53","60","97","125","939","953","960"],"lines":"36, 39, 42, 53, 60, 97, 125, 939, 953, 960"},"geometry":{"type":"LineString","coordinates":[[-79.415083,43.780949],[-79.414773,43.780182],[-79.414764,43.780167],[-79.414751,43.780158],[-79.414733,43.780155],[-79.414711,43.780157],[-79.41441,43.780222]]}},{"type":"Feature","properties":{"mode":"bus","n":6,"arr":["36","39","97","125","939","953"],"lines":"36, 39, 97, 125, 939, 953"},"geometry":{"type":"LineString","coordinates":[[-79.415025,43.781711],[-79.415313,43.781648],[-79.415338,43.781639],[-79.41535,43.781624],[-79.415347,43.781603],[-79.415083,43.780949]]}},{"type":"Feature","properties":{"mode":"bus","n":9,"arr":["36","39","42","53","60","125","939","953","960"],"lines":"36, 39, 42, 53, 60, 125, 939, 953, 960"},"geometry":{"type":"LineString","coordinates":[[-79.415025,43.781711],[-79.41441,43.780222]]}},{"type":"Feature","properties":{"mode":"bus","n":5,"arr":["36","104","105","939","336"],"lines":"36, 104, 105, 939, 336"},"geometry":{"type":"LineString","coordinates":[[-79.46683,43.768916],[-79.466976,43.768878]]}},{"type":"Feature","properties":{"mode":"bus","n":7,"arr":["37","96","906","927","996","Y7","336"],"lines":"37, 96, 906, 927, 996, 7, 336"},"geometry":{"type":"LineString","coordinates":[[-79.604526,43.728602],[-79.605674,43.729037]]}},{"type":"Feature","properties":{"mode":"bus","n":6,"arr":["37","96","927","996","Y7","336"],"lines":"37, 96, 927, 996, 7, 336"},"geometry":{"type":"LineString","coordinates":[[-79.604179,43.728603],[-79.604243,43.728521],[-79.604257,43.728509],[-79.604273,43.728502],[-79.60429,43.728502],[-79.604311,43.728509],[-79.604526,43.728602]]}},{"type":"Feature","properties":{"mode":"bus","n":7,"arr":["37","96","927","996","Y7","Y13","336"],"lines":"37, 96, 927, 996, 7, 13, 336"},"geometry":{"type":"LineString","coordinates":[[-79.6041,43.728713],[-79.604179,43.728603]]}},{"type":"Feature","properties":{"mode":"bus","n":6,"arr":["37","96","927","996","Y13","336"],"lines":"37, 96, 927, 996, 13, 336"},"geometry":{"type":"LineString","coordinates":[[-79.604381,43.728819],[-79.6041,43.728713]]}},{"type":"Feature","properties":{"mode":"bus","n":7,"arr":["37","96","906","927","996","Y13","336"],"lines":"37, 96, 906, 927, 996, 13, 336"},"geometry":{"type":"LineString","coordinates":[[-79.605521,43.729271],[-79.605353,43.72918],[-79.604381,43.728819]]}},{"type":"Feature","properties":{"mode":"bus","n":8,"arr":["37","96","906","927","996","Y7","Y13","336"],"lines":"37, 96, 906, 927, 996, 7, 13, 336"},"geometry":{"type":"LineString","coordinates":[[-79.605674,43.729037],[-79.6054,43.729461],[-79.604998,43.729993],[-79.604921,43.730056]]}},{"type":"Feature","properties":{"mode":"bus","n":6,"arr":["37","96","906","927","996","336"],"lines":"37, 96, 906, 927, 996, 336"},"geometry":{"type":"LineString","coordinates":[[-79.609182,43.732142],[-79.608563,43.731539],[-79.608253,43.731329],[-79.60777,43.731095],[-79.604921,43.730056]]}},{"type":"Feature","properties":{"mode":"bus","n":6,"arr":["37","50","110","149","937","300"],"lines":"37, 50, 110, 149, 937, 300"},"geometry":{"type":"LineString","coordinates":[[-79.518976,43.645681],[-79.522572,43.644873]]}},{"type":"Feature","properties":{"mode":"bus","n":5,"arr":["37","50","110","149","300"],"lines":"37, 50, 110, 149, 300"},"geometry":{"type":"LineString","coordinates":[[-79.522572,43.644873],[-79.522739,43.644894],[-79.523399,43.644748]]}},{"type":"Feature","properties":{"mode":"bus","n":6,"arr":["37","50","110","149","300","337"],"lines":"37, 50, 110, 149, 300, 337"},"geometry":{"type":"LineString","coordinates":[[-79.523399,43.644748],[-79.523551,43.644714]]}},{"type":"Feature","properties":{"mode":"bus","n":6,"arr":["37","50","110","937","300","337"],"lines":"37, 50, 110, 937, 300, 337"},"geometry":{"type":"LineString","coordinates":[[-79.523686,43.644686],[-79.524683,43.644466],[-79.5247,43.644464],[-79.524713,43.644467],[-79.524723,43.644474],[-79.524729,43.644485],[-79.524746,43.644535]]}},{"type":"Feature","properties":{"mode":"bus","n":5,"arr":["37","50","110","937","337"],"lines":"37, 50, 110, 937, 337"},"geometry":{"type":"LineString","coordinates":[[-79.524746,43.644535],[-79.524791,43.644669]]}},{"type":"Feature","properties":{"mode":"bus","n":5,"arr":["37","50","110","937","337"],"lines":"37, 50, 110, 937, 337"},"geometry":{"type":"LineString","coordinates":[[-79.523985,43.644914],[-79.523908,43.644889],[-79.523894,43.644882],[-79.523885,43.644873],[-79.523881,43.644861],[-79.523878,43.644836],[-79.523881,43.644825],[-79.52389,43.644816],[-79.523901,43.644809],[-79.523915,43.644804],[-79.523931,43.644803],[-79.524128,43.644826],[-79.524768,43.644674],[-79.524778,43.644673],[-79.524787,43.644675],[-79.524793,43.644679],[-79.524797,43.644686],[-79.524808,43.644718]]}},{"type":"Feature","properties":{"mode":"bus","n":5,"arr":["37","50","110","937","337"],"lines":"37, 50, 110, 937, 337"},"geometry":{"type":"LineString","coordinates":[[-79.523757,43.645551],[-79.523399,43.644748]]}},{"type":"Feature","properties":{"mode":"bus","n":6,"arr":["37","110","149","937","300","337"],"lines":"37, 110, 149, 937, 300, 337"},"geometry":{"type":"LineString","coordinates":[[-79.523495,43.64461],[-79.524528,43.644382]]}},{"type":"Feature","properties":{"mode":"bus","n":5,"arr":["37","149","937","300","337"],"lines":"37, 149, 937, 300, 337"},"geometry":{"type":"LineString","coordinates":[[-79.523354,43.644642],[-79.523495,43.64461]]}},{"type":"Feature","properties":{"mode":"bus","n":9,"arr":["38","57","129","131","133","154","201","334","386"],"lines":"38, 57, 129, 131, 133, 154, 201, 334, 386"},"geometry":{"type":"LineString","coordinates":[[-79.266228,43.732708],[-79.265761,43.732827]]}},{"type":"Feature","properties":{"mode":"bus","n":8,"arr":["38","113","129","131","133","154","201","334"],"lines":"38, 113, 129, 131, 133, 154, 201, 334"},"geometry":{"type":"LineString","coordinates":[[-79.266228,43.732708],[-79.266278,43.732697]]}},{"type":"Feature","properties":{"mode":"bus","n":7,"arr":["38","113","129","131","133","154","334"],"lines":"38, 113, 129, 131, 133, 154, 334"},"geometry":{"type":"LineString","coordinates":[[-79.267932,43.732341],[-79.267882,43.732204]]}},{"type":"Feature","properties":{"mode":"bus","n":10,"arr":["38","43","129","131","133","154","903","904","939","343"],"lines":"38, 43, 129, 131, 133, 154, 903, 904, 939, 343"},"geometry":{"type":"LineString","coordinates":[[-79.267932,43.732341],[-79.268058,43.732626],[-79.268188,43.732758],[-79.268399,43.733254],[-79.271668,43.741244],[-79.27365,43.745988],[-79.274734,43.748759]]}},{"type":"Feature","properties":{"mode":"bus","n":6,"arr":["38","43","129","133","154","343"],"lines":"38, 43, 129, 133, 154, 343"},"geometry":{"type":"LineString","coordinates":[[-79.274734,43.748759],[-79.274891,43.748923],[-79.275026,43.749433]]}},{"type":"Feature","properties":{"mode":"bus","n":7,"arr":["38","54","129","133","154","954","354"],"lines":"38, 54, 129, 133, 154, 954, 354"},"geometry":{"type":"LineString","coordinates":[[-79.275026,43.749433],[-79.274816,43.749478]]}},{"type":"Feature","properties":{"mode":"bus","n":12,"arr":["38","43","54","129","131","133","903","904","939","954","343","354"],"lines":"38, 43, 54, 129, 131, 133, 903, 904, 939, 954, 343, 354"},"geometry":{"type":"LineString","coordinates":[[-79.274856,43.749587],[-79.274816,43.749478]]}},{"type":"Feature","properties":{"mode":"bus","n":7,"arr":["38","129","131","133","903","904","939"],"lines":"38, 129, 131, 133, 903, 904, 939"},"geometry":{"type":"LineString","coordinates":[[-79.275029,43.750186],[-79.274856,43.749587]]}},{"type":"Feature","properties":{"mode":"bus","n":7,"arr":["38","129","131","133","903","904","939"],"lines":"38, 129, 131, 133, 903, 904, 939"},"geometry":{"type":"LineString","coordinates":[[-79.272996,43.767613],[-79.273148,43.767763],[-79.273241,43.767796],[-79.273412,43.767794],[-79.275291,43.767376],[-79.275432,43.767307],[-79.275495,43.767207],[-79.275475,43.767039],[-79.275414,43.766932],[-79.27536,43.766892],[-79.27528,43.76686],[-79.275116,43.766866],[-79.273011,43.767239],[-79.272886,43.76729],[-79.272836,43.767344],[-79.272818,43.767433],[-79.272843,43.767512]]}},{"type":"Feature","properties":{"mode":"bus","n":7,"arr":["38","129","131","133","903","904","939"],"lines":"38, 129, 131, 133, 903, 904, 939"},"geometry":{"type":"LineString","coordinates":[[-79.266233,43.754826],[-79.266379,43.754797]]}},{"type":"Feature","properties":{"mode":"bus","n":7,"arr":["38","129","131","133","903","904","939"],"lines":"38, 129, 131, 133, 903, 904, 939"},"geometry":{"type":"LineString","coordinates":[[-79.266165,43.754653],[-79.26631,43.754623]]}},{"type":"Feature","properties":{"mode":"bus","n":7,"arr":["38","129","131","133","903","904","939"],"lines":"38, 129, 131, 133, 903, 904, 939"},"geometry":{"type":"LineString","coordinates":[[-79.266167,43.75426],[-79.266021,43.754288]]}},{"type":"Feature","properties":{"mode":"bus","n":7,"arr":["38","129","131","133","903","904","939"],"lines":"38, 129, 131, 133, 903, 904, 939"},"geometry":{"type":"LineString","coordinates":[[-79.265589,43.753121],[-79.265857,43.753077]]}},{"type":"Feature","properties":{"mode":"bus","n":7,"arr":["38","129","131","133","903","904","939"],"lines":"38, 129, 131, 133, 903, 904, 939"},"geometry":{"type":"LineString","coordinates":[[-79.265579,43.752629],[-79.265425,43.752662]]}},{"type":"Feature","properties":{"mode":"bus","n":7,"arr":["38","129","131","133","903","904","939"],"lines":"38, 129, 131, 133, 903, 904, 939"},"geometry":{"type":"LineString","coordinates":[[-79.265883,43.753939],[-79.26603,43.753915]]}},{"type":"Feature","properties":{"mode":"bus","n":9,"arr":["38","43","129","131","133","903","904","939","343"],"lines":"38, 43, 129, 131, 133, 903, 904, 939, 343"},"geometry":{"type":"LineString","coordinates":[[-79.275029,43.750186],[-79.275083,43.750344]]}},{"type":"Feature","properties":{"mode":"bus","n":9,"arr":["38","43","129","131","133","903","904","939","343"],"lines":"38, 43, 129, 131, 133, 903, 904, 939, 343"},"geometry":{"type":"LineString","coordinates":[[-79.275575,43.751446],[-79.276073,43.752732]]}},{"type":"Feature","properties":{"mode":"bus","n":9,"arr":["38","43","129","131","133","903","904","939","343"],"lines":"38, 43, 129, 131, 133, 903, 904, 939, 343"},"geometry":{"type":"LineString","coordinates":[[-79.276686,43.754289],[-79.276986,43.755078]]}},{"type":"Feature","properties":{"mode":"bus","n":9,"arr":["38","43","129","131","133","903","904","939","343"],"lines":"38, 43, 129, 131, 133, 903, 904, 939, 343"},"geometry":{"type":"LineString","coordinates":[[-79.27744,43.756163],[-79.278451,43.758802]]}},{"type":"Feature","properties":{"mode":"bus","n":9,"arr":["38","43","129","131","133","903","904","939","343"],"lines":"38, 43, 129, 131, 133, 903, 904, 939, 343"},"geometry":{"type":"LineString","coordinates":[[-79.278863,43.759824],[-79.279523,43.761499]]}},{"type":"Feature","properties":{"mode":"bus","n":9,"arr":["38","43","129","131","133","903","904","939","343"],"lines":"38, 43, 129, 131, 133, 903, 904, 939, 343"},"geometry":{"type":"LineString","coordinates":[[-79.27972,43.761997],[-79.280391,43.763709]]}},{"type":"Feature","properties":{"mode":"bus","n":9,"arr":["38","43","129","131","133","903","904","939","343"],"lines":"38, 43, 129, 131, 133, 903, 904, 939, 343"},"geometry":{"type":"LineString","coordinates":[[-79.280576,43.764207],[-79.280921,43.76509],[-79.280875,43.765181],[-79.280994,43.765688]]}},{"type":"Feature","properties":{"mode":"bus","n":8,"arr":["38","43","129","131","903","904","939","343"],"lines":"38, 43, 129, 131, 903, 904, 939, 343"},"geometry":{"type":"LineString","coordinates":[[-79.275083,43.750344],[-79.275196,43.750696],[-79.275455,43.751317],[-79.275575,43.751446]]}},{"type":"Feature","properties":{"mode":"bus","n":8,"arr":["38","43","129","131","903","904","939","343"],"lines":"38, 43, 129, 131, 903, 904, 939, 343"},"geometry":{"type":"LineString","coordinates":[[-79.276073,43.752732],[-79.276019,43.752866],[-79.27617,43.753169],[-79.276591,43.754198],[-79.276686,43.754289]]}},{"type":"Feature","properties":{"mode":"bus","n":8,"arr":["38","43","129","131","903","904","939","343"],"lines":"38, 43, 129, 131, 903, 904, 939, 343"},"geometry":{"type":"LineString","coordinates":[[-79.276986,43.755078],[-79.276921,43.755193],[-79.277069,43.755558],[-79.277301,43.756107],[-79.277322,43.756133],[-79.277358,43.756147],[-79.27744,43.756163]]}},{"type":"Feature","properties":{"mode":"bus","n":8,"arr":["38","43","129","131","903","904","939","343"],"lines":"38, 43, 129, 131, 903, 904, 939, 343"},"geometry":{"type":"LineString","coordinates":[[-79.278451,43.758802],[-79.278455,43.758974],[-79.278729,43.759722],[-79.278863,43.759824]]}},{"type":"Feature","properties":{"mode":"bus","n":8,"arr":["38","43","129","131","903","904","939","343"],"lines":"38, 43, 129, 131, 903, 904, 939, 343"},"geometry":{"type":"LineString","coordinates":[[-79.279523,43.761499],[-79.279458,43.761588],[-79.279585,43.761923],[-79.27972,43.761997]]}},{"type":"Feature","properties":{"mode":"bus","n":8,"arr":["38","43","129","131","903","904","939","343"],"lines":"38, 43, 129, 131, 903, 904, 939, 343"},"geometry":{"type":"LineString","coordinates":[[-79.280391,43.763709],[-79.280351,43.763817],[-79.280466,43.764124],[-79.280576,43.764207]]}},{"type":"Feature","properties":{"mode":"bus","n":5,"arr":["38","131","903","904","939"],"lines":"38, 131, 903, 904, 939"},"geometry":{"type":"LineString","coordinates":[[-79.280516,43.764426],[-79.280654,43.764396]]}},{"type":"Feature","properties":{"mode":"bus","n":7,"arr":["38","43","131","903","904","939","343"],"lines":"38, 43, 131, 903, 904, 939, 343"},"geometry":{"type":"LineString","coordinates":[[-79.280794,43.764734],[-79.280609,43.764772]]}},{"type":"Feature","properties":{"mode":"bus","n":7,"arr":["38","43","129","903","904","939","343"],"lines":"38, 43, 129, 903, 904, 939, 343"},"geometry":{"type":"LineString","coordinates":[[-79.280895,43.765013],[-79.280701,43.765048]]}},{"type":"Feature","properties":{"mode":"bus","n":11,"arr":["38","43","95","129","131","133","903","904","939","343","395"],"lines":"38, 43, 95, 129, 131, 133, 903, 904, 939, 343, 395"},"geometry":{"type":"LineString","coordinates":[[-79.280994,43.765688],[-79.281005,43.765779]]}},{"type":"Feature","properties":{"mode":"bus","n":11,"arr":["38","95","129","131","133","903","904","939","995","996","395"],"lines":"38, 95, 129, 131, 133, 903, 904, 939, 995, 996, 395"},"geometry":{"type":"LineString","coordinates":[[-79.281005,43.765779],[-79.277028,43.766612],[-79.275253,43.767013],[-79.27009,43.768107],[-79.269987,43.768207],[-79.267093,43.768833],[-79.266897,43.768825],[-79.266068,43.769012],[-79.265991,43.769079],[-79.263297,43.769637],[-79.262066,43.769919]]}},{"type":"Feature","properties":{"mode":"bus","n":5,"arr":["38","95","131","903","395"],"lines":"38, 95, 131, 903, 395"},"geometry":{"type":"LineString","coordinates":[[-79.268728,43.768313],[-79.26879,43.768465]]}},{"type":"Feature","properties":{"mode":"bus","n":10,"arr":["38","95","129","133","903","904","939","995","996","395"],"lines":"38, 95, 129, 133, 903, 904, 939, 995, 996, 395"},"geometry":{"type":"LineString","coordinates":[[-79.262066,43.769919],[-79.26176,43.769925],[-79.26138,43.77001]]}},{"type":"Feature","properties":{"mode":"bus","n":5,"arr":["38","129","131","903","996"],"lines":"38, 129, 131, 903, 996"},"geometry":{"type":"LineString","coordinates":[[-79.26138,43.770655],[-79.261273,43.770506],[-79.261187,43.770171]]}},{"type":"Feature","properties":{"mode":"bus","n":5,"arr":["38","95","133","995","395"],"lines":"38, 95, 133, 995, 395"},"geometry":{"type":"LineString","coordinates":[[-79.250675,43.772326],[-79.250809,43.772223],[-79.251363,43.772108]]}},{"type":"Feature","properties":{"mode":"bus","n":5,"arr":["38","95","133","995","395"],"lines":"38, 95, 133, 995, 395"},"geometry":{"type":"LineString","coordinates":[[-79.240956,43.774506],[-79.232251,43.776327],[-79.232053,43.776308],[-79.231903,43.776342]]}},{"type":"Feature","properties":{"mode":"bus","n":5,"arr":["38","95","133","995","395"],"lines":"38, 95, 133, 995, 395"},"geometry":{"type":"LineString","coordinates":[[-79.230892,43.776623],[-79.231066,43.776522],[-79.231784,43.776368]]}},{"type":"Feature","properties":{"mode":"bus","n":5,"arr":["38","95","133","995","395"],"lines":"38, 95, 133, 995, 395"},"geometry":{"type":"LineString","coordinates":[[-79.217143,43.779764],[-79.220901,43.778847],[-79.221573,43.778704]]}},{"type":"Feature","properties":{"mode":"bus","n":5,"arr":["38","95","133","995","395"],"lines":"38, 95, 133, 995, 395"},"geometry":{"type":"LineString","coordinates":[[-79.23165,43.776514],[-79.231093,43.776617],[-79.230892,43.776623],[-79.225654,43.777809],[-79.22335,43.778278],[-79.223104,43.778347]]}},{"type":"Feature","properties":{"mode":"bus","n":5,"arr":["38","95","133","995","395"],"lines":"38, 95, 133, 995, 395"},"geometry":{"type":"LineString","coordinates":[[-79.241821,43.774384],[-79.241154,43.774511],[-79.241006,43.774507],[-79.240989,43.774506],[-79.24098,43.774503],[-79.240978,43.774498],[-79.240983,43.774492],[-79.240995,43.774484],[-79.24109,43.77443],[-79.241658,43.774301],[-79.242204,43.774187],[-79.242462,43.774172],[-79.250675,43.772326],[-79.250841,43.772372],[-79.251397,43.772257]]}},{"type":"Feature","properties":{"mode":"bus","n":5,"arr":["38","95","133","995","395"],"lines":"38, 95, 133, 995, 395"},"geometry":{"type":"LineString","coordinates":[[-79.223104,43.778347],[-79.222327,43.778468],[-79.221752,43.778617],[-79.221614,43.778684],[-79.221603,43.77869],[-79.221597,43.778694],[-79.221596,43.778697],[-79.221599,43.778699],[-79.221608,43.778699],[-79.221622,43.778698],[-79.222084,43.778638],[-79.223104,43.778347]]}},{"type":"Feature","properties":{"mode":"bus","n":6,"arr":["38","95","133","902","995","395"],"lines":"38, 95, 133, 902, 995, 395"},"geometry":{"type":"LineString","coordinates":[[-79.231903,43.776342],[-79.231784,43.776368]]}},{"type":"Feature","properties":{"mode":"bus","n":6,"arr":["38","95","133","154","995","395"],"lines":"38, 95, 133, 154, 995, 395"},"geometry":{"type":"LineString","coordinates":[[-79.217143,43.779764],[-79.212906,43.78078],[-79.207027,43.782153],[-79.205438,43.782482],[-79.205315,43.782462],[-79.204934,43.78255]]}},{"type":"Feature","properties":{"mode":"bus","n":6,"arr":["38","95","154","995","334","395"],"lines":"38, 95, 154, 995, 334, 395"},"geometry":{"type":"LineString","coordinates":[[-79.204934,43.78255],[-79.204453,43.782697],[-79.204405,43.782753],[-79.202636,43.783155],[-79.195456,43.784867],[-79.193453,43.785321]]}},{"type":"Feature","properties":{"mode":"bus","n":7,"arr":["38","95","154","905","995","334","395"],"lines":"38, 95, 154, 905, 995, 334, 395"},"geometry":{"type":"LineString","coordinates":[[-79.193453,43.785321],[-79.193357,43.785346]]}},{"type":"Feature","properties":{"mode":"bus","n":6,"arr":["38","54","200","954","354","395"],"lines":"38, 54, 200, 954, 354, 395"},"geometry":{"type":"LineString","coordinates":[[-79.131591,43.780701],[-79.132581,43.780499],[-79.136716,43.779581]]}},{"type":"Feature","properties":{"mode":"bus","n":8,"arr":["38","54","85","200","954","354","385","395"],"lines":"38, 54, 85, 200, 954, 354, 385, 395"},"geometry":{"type":"LineString","coordinates":[[-79.130839,43.780872],[-79.130423,43.780784],[-79.130089,43.780787],[-79.129976,43.780843],[-79.129955,43.780857],[-79.129944,43.780875],[-79.129944,43.780896],[-79.129957,43.780959],[-79.130025,43.781029],[-79.130046,43.781044],[-79.130072,43.78105],[-79.130101,43.781047],[-79.131591,43.780701]]}},{"type":"Feature","properties":{"mode":"bus","n":6,"arr":["38","95","154","905","995","395"],"lines":"38, 95, 154, 905, 995, 395"},"geometry":{"type":"LineString","coordinates":[[-79.188271,43.786578],[-79.188143,43.786609]]}},{"type":"Feature","properties":{"mode":"bus","n":5,"arr":["38","95","154","995","395"],"lines":"38, 95, 154, 995, 395"},"geometry":{"type":"LineString","coordinates":[[-79.204405,43.782753],[-79.204495,43.782764],[-79.205352,43.782556],[-79.205438,43.782482]]}},{"type":"Feature","properties":{"mode":"bus","n":5,"arr":["38","95","133","995","334"],"lines":"38, 95, 133, 995, 334"},"geometry":{"type":"LineString","coordinates":[[-79.205022,43.782752],[-79.204976,43.782649]]}},{"type":"Feature","properties":{"mode":"bus","n":7,"arr":["38","95","102","133","902","995","395"],"lines":"38, 95, 102, 133, 902, 995, 395"},"geometry":{"type":"LineString","coordinates":[[-79.231826,43.776479],[-79.23165,43.776514]]}},{"type":"Feature","properties":{"mode":"bus","n":5,"arr":["38","131","133","903","939"],"lines":"38, 131, 133, 903, 939"},"geometry":{"type":"LineString","coordinates":[[-79.2616,43.770802],[-79.261653,43.77079],[-79.261666,43.770789],[-79.261677,43.770791],[-79.261684,43.770796],[-79.261689,43.770805],[-79.261738,43.770947],[-79.261738,43.77096],[-79.261731,43.770969],[-79.261715,43.770975],[-79.26166,43.770987]]}},{"type":"Feature","properties":{"mode":"bus","n":5,"arr":["38","131","133","903","939"],"lines":"38, 131, 133, 903, 939"},"geometry":{"type":"LineString","coordinates":[[-79.266908,43.756155],[-79.266767,43.756195]]}},{"type":"Feature","properties":{"mode":"bus","n":6,"arr":["38","131","133","903","939","996"],"lines":"38, 131, 133, 903, 939, 996"},"geometry":{"type":"LineString","coordinates":[[-79.261435,43.770833],[-79.2616,43.770802]]}},{"type":"Feature","properties":{"mode":"bus","n":6,"arr":["38","131","133","903","939","996"],"lines":"38, 131, 133, 903, 939, 996"},"geometry":{"type":"LineString","coordinates":[[-79.26166,43.770987],[-79.261495,43.771019]]}},{"type":"Feature","properties":{"mode":"bus","n":6,"arr":["38","133","903","904","939","996"],"lines":"38, 133, 903, 904, 939, 996"},"geometry":{"type":"LineString","coordinates":[[-79.261554,43.770665],[-79.261392,43.770696]]}},{"type":"Feature","properties":{"mode":"bus","n":8,"arr":["38","129","131","133","903","904","939","996"],"lines":"38, 129, 131, 133, 903, 904, 939, 996"},"geometry":{"type":"LineString","coordinates":[[-79.262066,43.769919],[-79.261821,43.77004],[-79.261391,43.77013]]}},{"type":"Feature","properties":{"mode":"bus","n":6,"arr":["38","131","133","903","904","939"],"lines":"38, 131, 133, 903, 904, 939"},"geometry":{"type":"LineString","coordinates":[[-79.26203,43.769938],[-79.262089,43.770061]]}},{"type":"Feature","properties":{"mode":"bus","n":6,"arr":["38","131","133","903","904","939"],"lines":"38, 131, 133, 903, 904, 939"},"geometry":{"type":"LineString","coordinates":[[-79.263061,43.769845],[-79.263117,43.769984]]}},{"type":"Feature","properties":{"mode":"bus","n":6,"arr":["38","131","133","903","904","939"],"lines":"38, 131, 133, 903, 904, 939"},"geometry":{"type":"LineString","coordinates":[[-79.267578,43.75835],[-79.267718,43.758319]]}},{"type":"Feature","properties":{"mode":"bus","n":6,"arr":["38","131","133","903","904","939"],"lines":"38, 131, 133, 903, 904, 939"},"geometry":{"type":"LineString","coordinates":[[-79.267181,43.757305],[-79.267334,43.757262]]}},{"type":"Feature","properties":{"mode":"bus","n":6,"arr":["38","131","133","903","904","939"],"lines":"38, 131, 133, 903, 904, 939"},"geometry":{"type":"LineString","coordinates":[[-79.266612,43.755397],[-79.266471,43.755429]]}},{"type":"Feature","properties":{"mode":"bus","n":6,"arr":["38","131","133","903","904","939"],"lines":"38, 131, 133, 903, 904, 939"},"geometry":{"type":"LineString","coordinates":[[-79.266466,43.755017],[-79.26632,43.755047]]}},{"type":"Feature","properties":{"mode":"bus","n":7,"arr":["38","131","133","903","904","939","996"],"lines":"38, 131, 133, 903, 904, 939, 996"},"geometry":{"type":"LineString","coordinates":[[-79.262836,43.769741],[-79.262931,43.769985],[-79.26294,43.77],[-79.262954,43.770009],[-79.262971,43.770012],[-79.262993,43.77001],[-79.263117,43.769984],[-79.263846,43.769823],[-79.263866,43.769817],[-79.263878,43.769807],[-79.263883,43.769794],[-79.263879,43.769779],[-79.263776,43.769536]]}},{"type":"Feature","properties":{"mode":"bus","n":7,"arr":["38","131","133","903","904","939","996"],"lines":"38, 131, 133, 903, 904, 939, 996"},"geometry":{"type":"LineString","coordinates":[[-79.263991,43.769491],[-79.264048,43.769622]]}},{"type":"Feature","properties":{"mode":"bus","n":7,"arr":["38","131","133","903","904","939","996"],"lines":"38, 131, 133, 903, 904, 939, 996"},"geometry":{"type":"LineString","coordinates":[[-79.267703,43.768701],[-79.267745,43.768806]]}},{"type":"Feature","properties":{"mode":"bus","n":8,"arr":["38","95","131","133","903","904","939","395"],"lines":"38, 95, 131, 133, 903, 904, 939, 395"},"geometry":{"type":"LineString","coordinates":[[-79.2645,43.769383],[-79.264544,43.769511]]}},{"type":"Feature","properties":{"mode":"bus","n":6,"arr":["38","133","903","939","996","395"],"lines":"38, 133, 903, 939, 996, 395"},"geometry":{"type":"LineString","coordinates":[[-79.264655,43.769351],[-79.264707,43.769474]]}},{"type":"Feature","properties":{"mode":"bus","n":9,"arr":["38","95","131","133","903","904","939","996","395"],"lines":"38, 95, 131, 133, 903, 904, 939, 996, 395"},"geometry":{"type":"LineString","coordinates":[[-79.265991,43.769079],[-79.266132,43.769088],[-79.266553,43.769013]]}},{"type":"Feature","properties":{"mode":"bus","n":8,"arr":["38","95","131","133","903","904","939","996"],"lines":"38, 95, 131, 133, 903, 904, 939, 996"},"geometry":{"type":"LineString","coordinates":[[-79.266553,43.769013],[-79.266937,43.768927],[-79.267093,43.768833]]}},{"type":"Feature","properties":{"mode":"bus","n":6,"arr":["38","95","133","903","939","996"],"lines":"38, 95, 133, 903, 939, 996"},"geometry":{"type":"LineString","coordinates":[[-79.268302,43.768685],[-79.268261,43.76858]]}},{"type":"Feature","properties":{"mode":"bus","n":5,"arr":["38","133","903","939","996"],"lines":"38, 133, 903, 939, 996"},"geometry":{"type":"LineString","coordinates":[[-79.268992,43.768421],[-79.269034,43.768525]]}},{"type":"Feature","properties":{"mode":"bus","n":10,"arr":["38","95","131","133","903","904","939","995","996","395"],"lines":"38, 95, 131, 133, 903, 904, 939, 995, 996, 395"},"geometry":{"type":"LineString","coordinates":[[-79.269987,43.768207],[-79.270131,43.768251],[-79.271037,43.768038]]}},{"type":"Feature","properties":{"mode":"bus","n":11,"arr":["38","57","95","131","133","903","904","939","995","996","395"],"lines":"38, 57, 95, 131, 133, 903, 904, 939, 995, 996, 395"},"geometry":{"type":"LineString","coordinates":[[-79.271037,43.768038],[-79.2712,43.768004]]}},{"type":"Feature","properties":{"mode":"bus","n":10,"arr":["38","95","129","131","133","903","904","939","996","395"],"lines":"38, 95, 129, 131, 133, 903, 904, 939, 996, 395"},"geometry":{"type":"LineString","coordinates":[[-79.2712,43.768004],[-79.272996,43.767613]]}},{"type":"Feature","properties":{"mode":"bus","n":8,"arr":["38","57","129","131","133","903","904","939"],"lines":"38, 57, 129, 131, 133, 903, 904, 939"},"geometry":{"type":"LineString","coordinates":[[-79.266708,43.756036],[-79.267752,43.758828],[-79.268654,43.761014],[-79.269657,43.76372],[-79.27062,43.766054],[-79.2708,43.766541],[-79.271015,43.767475],[-79.271087,43.767548],[-79.271166,43.767877]]}},{"type":"Feature","properties":{"mode":"bus","n":8,"arr":["38","57","129","131","133","903","904","939"],"lines":"38, 57, 129, 131, 133, 903, 904, 939"},"geometry":{"type":"LineString","coordinates":[[-79.265157,43.751579],[-79.26524,43.751919],[-79.265196,43.752016],[-79.265883,43.753939],[-79.266585,43.755719]]}},{"type":"Feature","properties":{"mode":"bus","n":5,"arr":["38","133","903","904","939"],"lines":"38, 133, 903, 904, 939"},"geometry":{"type":"LineString","coordinates":[[-79.266727,43.755689],[-79.266813,43.755671],[-79.266835,43.755669],[-79.266852,43.755672],[-79.266864,43.755681],[-79.266873,43.755695],[-79.266969,43.755946],[-79.266971,43.755967],[-79.266959,43.755981],[-79.266934,43.755991],[-79.266708,43.756036]]}},{"type":"Feature","properties":{"mode":"bus","n":7,"arr":["38","57","131","133","903","904","939"],"lines":"38, 57, 131, 133, 903, 904, 939"},"geometry":{"type":"LineString","coordinates":[[-79.266585,43.755719],[-79.266727,43.755689]]}},{"type":"Feature","properties":{"mode":"bus","n":5,"arr":["38","129","133","903","939"],"lines":"38, 129, 133, 903, 939"},"geometry":{"type":"LineString","coordinates":[[-79.265857,43.753077],[-79.265885,43.75316]]}},{"type":"Feature","properties":{"mode":"bus","n":12,"arr":["38","54","57","129","131","133","154","903","904","939","954","354"],"lines":"38, 54, 57, 129, 131, 133, 154, 903, 904, 939, 954, 354"},"geometry":{"type":"LineString","coordinates":[[-79.265117,43.75144],[-79.265157,43.751579]]}},{"type":"Feature","properties":{"mode":"bus","n":9,"arr":["38","57","129","131","133","154","903","904","939"],"lines":"38, 57, 129, 131, 133, 154, 903, 904, 939"},"geometry":{"type":"LineString","coordinates":[[-79.264526,43.74966],[-79.264621,43.749938],[-79.264599,43.750099],[-79.264632,43.750217],[-79.264929,43.751077],[-79.265038,43.75116],[-79.265117,43.75144]]}},{"type":"Feature","properties":{"mode":"bus","n":9,"arr":["38","57","129","131","133","154","903","904","939"],"lines":"38, 57, 129, 131, 133, 154, 903, 904, 939"},"geometry":{"type":"LineString","coordinates":[[-79.258334,43.734999],[-79.258685,43.735773],[-79.264279,43.749262]]}},{"type":"Feature","properties":{"mode":"bus","n":8,"arr":["38","129","131","133","154","903","904","939"],"lines":"38, 129, 131, 133, 154, 903, 904, 939"},"geometry":{"type":"LineString","coordinates":[[-79.264279,43.749262],[-79.26439,43.749344],[-79.264526,43.74966]]}},{"type":"Feature","properties":{"mode":"bus","n":8,"arr":["38","129","131","133","154","903","904","939"],"lines":"38, 129, 131, 133, 154, 903, 904, 939"},"geometry":{"type":"LineString","coordinates":[[-79.258279,43.734728],[-79.258352,43.734919],[-79.258334,43.734999]]}},{"type":"Feature","properties":{"mode":"bus","n":6,"arr":["38","129","133","903","904","939"],"lines":"38, 129, 133, 903, 904, 939"},"geometry":{"type":"LineString","coordinates":[[-79.258858,43.734461],[-79.258279,43.734728]]}},{"type":"Feature","properties":{"mode":"bus","n":5,"arr":["39","97","939","953","339"],"lines":"39, 97, 939, 953, 339"},"geometry":{"type":"LineString","coordinates":[[-79.414307,43.78005],[-79.414642,43.779977]]}},{"type":"Feature","properties":{"mode":"bus","n":5,"arr":["39","43","939","339","343"],"lines":"39, 43, 939, 339, 343"},"geometry":{"type":"LineString","coordinates":[[-79.296573,43.801317],[-79.296713,43.801283]]}},{"type":"Feature","properties":{"mode":"bus","n":12,"arr":["40","44","45","46","49","111","112","123","149","900","927","300"],"lines":"40, 44, 45, 46, 49, 111, 112, 123, 149, 900, 927, 300"},"geometry":{"type":"LineString","coordinates":[[-79.534562,43.638935],[-79.534463,43.63879],[-79.534484,43.638705],[-79.534739,43.638521],[-79.536194,43.637228],[-79.536375,43.637101],[-79.536504,43.63709],[-79.53663,43.637149],[-79.536711,43.63725],[-79.536724,43.637341]]}},{"type":"Feature","properties":{"mode":"bus","n":6,"arr":["40","44","45","46","149","300"],"lines":"40, 44, 45, 46, 149, 300"},"geometry":{"type":"LineString","coordinates":[[-79.534537,43.639955],[-79.53422,43.639993],[-79.53411,43.639958],[-79.534063,43.639903],[-79.533966,43.639649],[-79.533917,43.639449],[-79.534031,43.639301],[-79.534195,43.639152],[-79.534433,43.63897],[-79.534562,43.638935]]}},{"type":"Feature","properties":{"mode":"bus","n":5,"arr":["40","45","46","149","300"],"lines":"40, 45, 46, 149, 300"},"geometry":{"type":"LineString","coordinates":[[-79.534706,43.64041],[-79.534537,43.639955]]}},{"type":"Feature","properties":{"mode":"bus","n":5,"arr":["40","44","45","46","149"],"lines":"40, 44, 45, 46, 149"},"geometry":{"type":"LineString","coordinates":[[-79.534682,43.63996],[-79.534971,43.639874],[-79.535147,43.639746],[-79.535163,43.639729],[-79.535165,43.639711],[-79.535153,43.639692],[-79.53485,43.639392],[-79.534562,43.638935]]}},{"type":"Feature","properties":{"mode":"bus","n":11,"arr":["40","44","45","46","49","111","112","123","149","900","927"],"lines":"40, 44, 45, 46, 49, 111, 112, 123, 149, 900, 927"},"geometry":{"type":"LineString","coordinates":[[-79.534562,43.638935],[-79.53489,43.638699],[-79.536389,43.637415],[-79.536528,43.637341],[-79.536724,43.637341]]}},{"type":"Feature","properties":{"mode":"bus","n":7,"arr":["41","60","106","108","166","960","335"],"lines":"41, 60, 106, 108, 166, 960, 335"},"geometry":{"type":"LineString","coordinates":[[-79.508353,43.776795],[-79.508234,43.776541],[-79.508235,43.776479],[-79.508305,43.776402],[-79.508532,43.776332]]}},{"type":"Feature","properties":{"mode":"bus","n":5,"arr":["41","106","935","335","353"],"lines":"41, 106, 935, 335, 353"},"geometry":{"type":"LineString","coordinates":[[-79.510386,43.775924],[-79.510128,43.775974]]}},{"type":"Feature","properties":{"mode":"bus","n":5,"arr":["41","106","335","341","353"],"lines":"41, 106, 335, 341, 353"},"geometry":{"type":"LineString","coordinates":[[-79.510224,43.775054],[-79.509941,43.775072],[-79.509771,43.775117],[-79.50962,43.775195],[-79.509523,43.775329]]}},{"type":"Feature","properties":{"mode":"bus","n":5,"arr":["41","106","335","341","353"],"lines":"41, 106, 335, 341, 353"},"geometry":{"type":"LineString","coordinates":[[-79.502419,43.770029],[-79.502541,43.770002]]}},{"type":"Feature","properties":{"mode":"bus","n":5,"arr":["41","119","120","341","396"],"lines":"41, 119, 120, 341, 396"},"geometry":{"type":"LineString","coordinates":[[-79.482126,43.726718],[-79.48211,43.726606]]}},{"type":"Feature","properties":{"mode":"bus","n":6,"arr":["41","400","GO19","GO36","GO94","341"],"lines":"41, 400, 19, 36, 94, 341"},"geometry":{"type":"LineString","coordinates":[[-79.481695,43.724359],[-79.481637,43.724]]}},{"type":"Feature","properties":{"mode":"bus","n":6,"arr":["41","89","161","168","989","341"],"lines":"41, 89, 161, 168, 989, 341"},"geometry":{"type":"LineString","coordinates":[[-79.476741,43.681573],[-79.476405,43.681284]]}},{"type":"Feature","properties":{"mode":"bus","n":5,"arr":["41","89","189","989","341"],"lines":"41, 89, 189, 989, 341"},"geometry":{"type":"LineString","coordinates":[[-79.466516,43.670034],[-79.460401,43.655663]]}},{"type":"Feature","properties":{"mode":"bus","n":6,"arr":["41","80","89","189","989","341"],"lines":"41, 80, 89, 189, 989, 341"},"geometry":{"type":"LineString","coordinates":[[-79.460401,43.655663],[-79.460362,43.65557],[-79.460348,43.655552],[-79.460327,43.655544],[-79.460299,43.655546],[-79.460152,43.655579]]}},{"type":"Feature","properties":{"mode":"bus","n":5,"arr":["41","80","89","189","989"],"lines":"41, 80, 89, 189, 989"},"geometry":{"type":"LineString","coordinates":[[-79.460347,43.655536],[-79.460232,43.655266]]}},{"type":"Feature","properties":{"mode":"bus","n":6,"arr":["41","52","400","952","341","352"],"lines":"41, 52, 400, 952, 341, 352"},"geometry":{"type":"LineString","coordinates":[[-79.477944,43.708641],[-79.477971,43.708744]]}},{"type":"Feature","properties":{"mode":"bus","n":5,"arr":["41","GO19","GO36","GO94","341"],"lines":"41, 19, 36, 94, 341"},"geometry":{"type":"LineString","coordinates":[[-79.480829,43.721257],[-79.480964,43.721701]]}},{"type":"Feature","properties":{"mode":"bus","n":8,"arr":["41","96","101","118","120","165","341","396"],"lines":"41, 96, 101, 118, 120, 165, 341, 396"},"geometry":{"type":"LineString","coordinates":[[-79.481957,43.726646],[-79.481966,43.726766]]}},{"type":"Feature","properties":{"mode":"bus","n":5,"arr":["42","53","60","953","960"],"lines":"42, 53, 60, 953, 960"},"geometry":{"type":"LineString","coordinates":[[-79.415698,43.780848],[-79.415083,43.780949]]}},{"type":"Feature","properties":{"mode":"bus","n":7,"arr":["42","60","97","960","GO19","GO67","320"],"lines":"42, 60, 97, 960, 19, 67, 320"},"geometry":{"type":"LineString","coordinates":[[-79.41607,43.78163],[-79.415872,43.780819]]}},{"type":"Feature","properties":{"mode":"bus","n":8,"arr":["42","53","60","97","125","960","GO19","GO67"],"lines":"42, 53, 60, 97, 125, 960, 19, 67"},"geometry":{"type":"LineString","coordinates":[[-79.41607,43.78163],[-79.415824,43.781721],[-79.415247,43.781847]]}},{"type":"Feature","properties":{"mode":"bus","n":9,"arr":["42","53","60","97","125","953","GO19","GO67","320"],"lines":"42, 53, 60, 97, 125, 953, 19, 67, 320"},"geometry":{"type":"LineString","coordinates":[[-79.415927,43.781775],[-79.415906,43.781679]]}},{"type":"Feature","properties":{"mode":"bus","n":7,"arr":["42","53","60","97","125","953","320"],"lines":"42, 53, 60, 97, 125, 953, 320"},"geometry":{"type":"LineString","coordinates":[[-79.416224,43.782608],[-79.416123,43.782473],[-79.415927,43.781775]]}},{"type":"Feature","properties":{"mode":"bus","n":27,"arr":["42","53","60","97","125","953","960","Viva Blue","Viva Blue B","Y2","Y5","Y23","Y77","Y88","Y91","Y98/99","Y99","Y300","Y301","Y302","Y303","Y304","Y305","Y360","Y391","GO32","320"],"lines":"42, 53, 60, 97, 125, 953, 960, Viva Blue, Viva Blue B, 2, 5, 23, 77, 88, 91, 98/99, 99, 300, 301, 302, 303, 304, 305, 360, 391, 32, 320"},"geometry":{"type":"LineString","coordinates":[[-79.416598,43.784108],[-79.416224,43.782608]]}},{"type":"Feature","properties":{"mode":"bus","n":27,"arr":["42","53","60","97","125","953","960","Viva Blue","Viva Blue B","Y2","Y5","Y23","Y77","Y88","Y91","Y98/99","Y99","Y300","Y301","Y302","Y303","Y304","Y305","Y360","Y391","GO32","320"],"lines":"42, 53, 60, 97, 125, 953, 960, Viva Blue, Viva Blue B, 2, 5, 23, 77, 88, 91, 98/99, 99, 300, 301, 302, 303, 304, 305, 360, 391, 32, 320"},"geometry":{"type":"LineString","coordinates":[[-79.417204,43.786619],[-79.41681,43.784926],[-79.416752,43.784879],[-79.416654,43.78454]]}},{"type":"Feature","properties":{"mode":"bus","n":26,"arr":["42","53","97","125","953","960","Viva Blue","Viva Blue B","Y2","Y5","Y23","Y77","Y88","Y91","Y98/99","Y99","Y300","Y301","Y302","Y303","Y304","Y305","Y360","Y391","GO32","320"],"lines":"42, 53, 97, 125, 953, 960, Viva Blue, Viva Blue B, 2, 5, 23, 77, 88, 91, 98/99, 99, 300, 301, 302, 303, 304, 305, 360, 391, 32, 320"},"geometry":{"type":"LineString","coordinates":[[-79.416654,43.78454],[-79.416565,43.784196],[-79.416598,43.784108]]}},{"type":"Feature","properties":{"mode":"bus","n":26,"arr":["42","53","60","97","125","960","Viva Blue","Viva Blue B","Y2","Y5","Y23","Y77","Y88","Y91","Y98/99","Y99","Y300","Y301","Y302","Y303","Y304","Y305","Y360","Y391","GO32","320"],"lines":"42, 53, 60, 97, 125, 960, Viva Blue, Viva Blue B, 2, 5, 23, 77, 88, 91, 98/99, 99, 300, 301, 302, 303, 304, 305, 360, 391, 32, 320"},"geometry":{"type":"LineString","coordinates":[[-79.417421,43.78705],[-79.417324,43.78673],[-79.417204,43.786619]]}},{"type":"Feature","properties":{"mode":"bus","n":8,"arr":["42","53","60","97","125","960","Y391","320"],"lines":"42, 53, 60, 97, 125, 960, 391, 320"},"geometry":{"type":"LineString","coordinates":[[-79.416284,43.78247],[-79.416224,43.782608]]}},{"type":"Feature","properties":{"mode":"bus","n":7,"arr":["42","53","60","97","125","960","320"],"lines":"42, 53, 60, 97, 125, 960, 320"},"geometry":{"type":"LineString","coordinates":[[-79.41607,43.78163],[-79.416284,43.78247]]}},{"type":"Feature","properties":{"mode":"bus","n":7,"arr":["42","53","60","125","960","GO19","GO67"],"lines":"42, 53, 60, 125, 960, 19, 67"},"geometry":{"type":"LineString","coordinates":[[-79.415247,43.781847],[-79.415077,43.781884]]}},{"type":"Feature","properties":{"mode":"bus","n":5,"arr":["42","53","60","125","960"],"lines":"42, 53, 60, 125, 960"},"geometry":{"type":"LineString","coordinates":[[-79.415077,43.781884],[-79.415025,43.781711]]}},{"type":"Feature","properties":{"mode":"bus","n":6,"arr":["43","53","57","953","Y8","343"],"lines":"43, 53, 57, 953, 8, 343"},"geometry":{"type":"LineString","coordinates":[[-79.297277,43.825961],[-79.297214,43.825817]]}},{"type":"Feature","properties":{"mode":"bus","n":6,"arr":["43","95","995","996","343","395"],"lines":"43, 95, 995, 996, 343, 395"},"geometry":{"type":"LineString","coordinates":[[-79.281183,43.765739],[-79.281005,43.765779]]}},{"type":"Feature","properties":{"mode":"bus","n":5,"arr":["43","903","904","939","343"],"lines":"43, 903, 904, 939, 343"},"geometry":{"type":"LineString","coordinates":[[-79.27313,43.745081],[-79.273256,43.745056]]}},{"type":"Feature","properties":{"mode":"bus","n":5,"arr":["43","903","904","939","343"],"lines":"43, 903, 904, 939, 343"},"geometry":{"type":"LineString","coordinates":[[-79.273323,43.745215],[-79.273181,43.74525]]}},{"type":"Feature","properties":{"mode":"bus","n":6,"arr":["43","131","903","904","939","343"],"lines":"43, 131, 903, 904, 939, 343"},"geometry":{"type":"LineString","coordinates":[[-79.274816,43.749478],[-79.274687,43.748944],[-79.274734,43.748759]]}},{"type":"Feature","properties":{"mode":"bus","n":6,"arr":["43","131","903","904","939","343"],"lines":"43, 131, 903, 904, 939, 343"},"geometry":{"type":"LineString","coordinates":[[-79.279384,43.761147],[-79.279208,43.761179]]}},{"type":"Feature","properties":{"mode":"bus","n":5,"arr":["43","54","954","343","354"],"lines":"43, 54, 954, 343, 354"},"geometry":{"type":"LineString","coordinates":[[-79.275052,43.749554],[-79.274856,43.749587]]}},{"type":"Feature","properties":{"mode":"bus","n":6,"arr":["43","85","904","985","343","385"],"lines":"43, 85, 904, 985, 343, 385"},"geometry":{"type":"LineString","coordinates":[[-79.288385,43.783313],[-79.288202,43.783351]]}},{"type":"Feature","properties":{"mode":"bus","n":5,"arr":["43","53","953","343","353"],"lines":"43, 53, 953, 343, 353"},"geometry":{"type":"LineString","coordinates":[[-79.306957,43.823664],[-79.305011,43.824102]]}},{"type":"Feature","properties":{"mode":"bus","n":5,"arr":["43","53","953","343","353"],"lines":"43, 53, 953, 343, 353"},"geometry":{"type":"LineString","coordinates":[[-79.298186,43.825762],[-79.298137,43.825647]]}},{"type":"Feature","properties":{"mode":"bus","n":6,"arr":["43","53","953","Y8","343","353"],"lines":"43, 53, 953, 8, 343, 353"},"geometry":{"type":"LineString","coordinates":[[-79.305011,43.824102],[-79.302941,43.824597]]}},{"type":"Feature","properties":{"mode":"bus","n":7,"arr":["43","53","57","953","Y8","343","353"],"lines":"43, 53, 57, 953, 8, 343, 353"},"geometry":{"type":"LineString","coordinates":[[-79.302941,43.824597],[-79.300297,43.82522],[-79.299533,43.825378],[-79.299407,43.825474],[-79.298046,43.825795],[-79.297896,43.82577],[-79.297425,43.825874],[-79.297277,43.825961]]}},{"type":"Feature","properties":{"mode":"bus","n":5,"arr":["46","60","927","960","396"],"lines":"46, 60, 927, 960, 396"},"geometry":{"type":"LineString","coordinates":[[-79.607767,43.756889],[-79.607932,43.756596],[-79.608106,43.756538],[-79.60819,43.756532],[-79.608232,43.756536],[-79.608267,43.756552],[-79.608342,43.756606],[-79.60841,43.756694],[-79.608417,43.756708],[-79.608416,43.75672],[-79.608406,43.756729],[-79.608387,43.756736],[-79.604912,43.757519],[-79.604372,43.757649],[-79.604291,43.757713],[-79.603524,43.757887]]}},{"type":"Feature","properties":{"mode":"bus","n":5,"arr":["46","60","927","960","396"],"lines":"46, 60, 927, 960, 396"},"geometry":{"type":"LineString","coordinates":[[-79.604372,43.757649],[-79.604254,43.75762],[-79.603439,43.757787]]}},{"type":"Feature","properties":{"mode":"bus","n":5,"arr":["46","60","927","Y7","396"],"lines":"46, 60, 927, 7, 396"},"geometry":{"type":"LineString","coordinates":[[-79.603337,43.757698],[-79.603439,43.757787]]}},{"type":"Feature","properties":{"mode":"bus","n":5,"arr":["46","Y7","Y13","336","396"],"lines":"46, 7, 13, 336, 396"},"geometry":{"type":"LineString","coordinates":[[-79.591701,43.736747],[-79.591675,43.736689]]}},{"type":"Feature","properties":{"mode":"bus","n":7,"arr":["49","111","112","123","900","927","300"],"lines":"49, 111, 112, 123, 900, 927, 300"},"geometry":{"type":"LineString","coordinates":[[-79.536724,43.637341],[-79.536834,43.637422],[-79.537345,43.638115],[-79.537592,43.638299],[-79.538045,43.638554]]}},{"type":"Feature","properties":{"mode":"bus","n":7,"arr":["51","95","115","122","995","996","395"],"lines":"51, 95, 115, 122, 995, 996, 395"},"geometry":{"type":"LineString","coordinates":[[-79.359895,43.753036],[-79.360085,43.753014]]}},{"type":"Feature","properties":{"mode":"bus","n":5,"arr":["52","906","952","300","352"],"lines":"52, 906, 952, 300, 352"},"geometry":{"type":"LineString","coordinates":[[-79.606833,43.685834],[-79.606992,43.685823]]}},{"type":"Feature","properties":{"mode":"bus","n":5,"arr":["52","112","906","952","352"],"lines":"52, 112, 906, 952, 352"},"geometry":{"type":"LineString","coordinates":[[-79.586881,43.687995],[-79.586855,43.687907],[-79.586848,43.687893],[-79.586836,43.687884],[-79.586819,43.687881],[-79.586798,43.687884],[-79.586695,43.687911]]}},{"type":"Feature","properties":{"mode":"bus","n":5,"arr":["52","79","158","952","352"],"lines":"52, 79, 158, 952, 352"},"geometry":{"type":"LineString","coordinates":[[-79.516208,43.700148],[-79.515105,43.70041],[-79.51496,43.700402],[-79.513411,43.700754],[-79.512928,43.700869],[-79.512832,43.70094],[-79.504825,43.70278],[-79.504792,43.702783],[-79.504759,43.702776],[-79.504701,43.702754],[-79.504168,43.70281]]}},{"type":"Feature","properties":{"mode":"bus","n":5,"arr":["52","59","400","952","352"],"lines":"52, 59, 400, 952, 352"},"geometry":{"type":"LineString","coordinates":[[-79.471904,43.710292],[-79.471492,43.710386],[-79.471338,43.710456],[-79.471105,43.710521],[-79.46674,43.711512],[-79.466022,43.711658],[-79.465811,43.711646],[-79.458544,43.713255],[-79.455185,43.714034],[-79.454678,43.714094],[-79.453911,43.71414],[-79.453399,43.714194],[-79.452389,43.714345],[-79.447279,43.715456],[-79.446481,43.715613]]}},{"type":"Feature","properties":{"mode":"bus","n":6,"arr":["52","59","109","400","952","352"],"lines":"52, 59, 109, 400, 952, 352"},"geometry":{"type":"LineString","coordinates":[[-79.44343,43.716193],[-79.445149,43.715835],[-79.445604,43.715756],[-79.445846,43.715748],[-79.446481,43.715613]]}},{"type":"Feature","properties":{"mode":"bus","n":6,"arr":["52","97","124","162","952","320"],"lines":"52, 97, 124, 162, 952, 320"},"geometry":{"type":"LineString","coordinates":[[-79.402449,43.726119],[-79.402189,43.725122]]}},{"type":"Feature","properties":{"mode":"bus","n":5,"arr":["52","124","162","952","352"],"lines":"52, 124, 162, 952, 352"},"geometry":{"type":"LineString","coordinates":[[-79.403186,43.724905],[-79.402189,43.725122]]}},{"type":"Feature","properties":{"mode":"bus","n":5,"arr":["52","59","109","400","952"],"lines":"52, 59, 109, 400, 952"},"geometry":{"type":"LineString","coordinates":[[-79.444923,43.715882],[-79.444813,43.715584],[-79.444747,43.715498],[-79.444717,43.715473],[-79.444674,43.71546],[-79.444576,43.715446],[-79.444114,43.715539],[-79.443409,43.7157],[-79.443375,43.715744],[-79.443365,43.71603],[-79.44343,43.716193]]}},{"type":"Feature","properties":{"mode":"bus","n":5,"arr":["52","900","906","300","352"],"lines":"52, 900, 906, 300, 352"},"geometry":{"type":"LineString","coordinates":[[-79.603245,43.68629],[-79.606842,43.686014]]}},{"type":"Feature","properties":{"mode":"bus","n":5,"arr":["53","953","GO19","GO67","320"],"lines":"53, 953, 19, 67, 320"},"geometry":{"type":"LineString","coordinates":[[-79.415906,43.781679],[-79.415698,43.780848]]}},{"type":"Feature","properties":{"mode":"bus","n":21,"arr":["53","60","Viva Blue","Viva Blue B","Y2","Y5","Y23","Y77","Y88","Y91","Y98/99","Y99","Y300","Y301","Y302","Y303","Y304","Y305","Y360","Y391","GO32"],"lines":"53, 60, Viva Blue, Viva Blue B, 2, 5, 23, 77, 88, 91, 98/99, 99, 300, 301, 302, 303, 304, 305, 360, 391, 32"},"geometry":{"type":"LineString","coordinates":[[-79.416072,43.782636],[-79.416224,43.782608]]}},{"type":"Feature","properties":{"mode":"bus","n":19,"arr":["Viva Blue","Viva Blue B","Y2","Y5","Y23","Y77","Y88","Y91","Y98/99","Y99","Y300","Y301","Y302","Y303","Y304","Y305","Y360","Y391","GO32"],"lines":"Viva Blue, Viva Blue B, 2, 5, 23, 77, 88, 91, 98/99, 99, 300, 301, 302, 303, 304, 305, 360, 391, 32"},"geometry":{"type":"LineString","coordinates":[[-79.415595,43.782332],[-79.41589,43.782636],[-79.415912,43.782651],[-79.415937,43.782658],[-79.415967,43.782656],[-79.416072,43.782636]]}},{"type":"Feature","properties":{"mode":"bus","n":19,"arr":["Viva Blue","Viva Blue B","Y2","Y5","Y23","Y77","Y88","Y91","Y98/99","Y99","Y300","Y301","Y302","Y303","Y304","Y305","Y360","Y391","GO32"],"lines":"Viva Blue, Viva Blue B, 2, 5, 23, 77, 88, 91, 98/99, 99, 300, 301, 302, 303, 304, 305, 360, 391, 32"},"geometry":{"type":"LineString","coordinates":[[-79.415425,43.782234],[-79.415552,43.782297]]}},{"type":"Feature","properties":{"mode":"bus","n":19,"arr":["Viva Blue","Viva Blue B","Y2","Y5","Y23","Y77","Y88","Y91","Y98/99","Y99","Y300","Y301","Y302","Y303","Y304","Y305","Y360","Y391","GO32"],"lines":"Viva Blue, Viva Blue B, 2, 5, 23, 77, 88, 91, 98/99, 99, 300, 301, 302, 303, 304, 305, 360, 391, 32"},"geometry":{"type":"LineString","coordinates":[[-79.41535,43.782226],[-79.415391,43.782228]]}},{"type":"Feature","properties":{"mode":"bus","n":5,"arr":["53","60","97","953","320"],"lines":"53, 60, 97, 953, 320"},"geometry":{"type":"LineString","coordinates":[[-79.417204,43.786619],[-79.417163,43.786769],[-79.417301,43.787377],[-79.41741,43.787491]]}},{"type":"Feature","properties":{"mode":"bus","n":25,"arr":["53","60","97","953","960","Viva Blue","Viva Blue B","Y2","Y5","Y23","Y77","Y88","Y91","Y98/99","Y99","Y300","Y301","Y302","Y303","Y304","Y305","Y360","Y391","GO32","320"],"lines":"53, 60, 97, 953, 960, Viva Blue, Viva Blue B, 2, 5, 23, 77, 88, 91, 98/99, 99, 300, 301, 302, 303, 304, 305, 360, 391, 32, 320"},"geometry":{"type":"LineString","coordinates":[[-79.41741,43.787491],[-79.41781,43.788998],[-79.418094,43.790248],[-79.418588,43.792055],[-79.418923,43.793487]]}},{"type":"Feature","properties":{"mode":"bus","n":25,"arr":["53","60","97","953","960","Viva Blue","Viva Blue B","Y2","Y5","Y23","Y77","Y88","Y91","Y98/99","Y99","Y300","Y301","Y302","Y303","Y304","Y305","Y360","Y391","GO32","320"],"lines":"53, 60, 97, 953, 960, Viva Blue, Viva Blue B, 2, 5, 23, 77, 88, 91, 98/99, 99, 300, 301, 302, 303, 304, 305, 360, 391, 32, 320"},"geometry":{"type":"LineString","coordinates":[[-79.419865,43.797353],[-79.419066,43.794041]]}},{"type":"Feature","properties":{"mode":"bus","n":12,"arr":["53","60","953","Viva Blue","Viva Blue B","Y2","Y300","Y301","Y302","Y303","Y304","320"],"lines":"53, 60, 953, Viva Blue, Viva Blue B, 2, 300, 301, 302, 303, 304, 320"},"geometry":{"type":"LineString","coordinates":[[-79.418923,43.793487],[-79.418861,43.79361],[-79.41891,43.793806]]}},{"type":"Feature","properties":{"mode":"bus","n":12,"arr":["53","60","953","Viva Blue","Viva Blue B","Y300","Y301","Y302","Y303","Y304","GO32","320"],"lines":"53, 60, 953, Viva Blue, Viva Blue B, 300, 301, 302, 303, 304, 32, 320"},"geometry":{"type":"LineString","coordinates":[[-79.419066,43.794041],[-79.418993,43.79401],[-79.418962,43.79399],[-79.418946,43.793962],[-79.41891,43.793806]]}},{"type":"Feature","properties":{"mode":"bus","n":5,"arr":["53","953","Y91","320","353"],"lines":"53, 953, 91, 320, 353"},"geometry":{"type":"LineString","coordinates":[[-79.418013,43.798487],[-79.419233,43.798227]]}},{"type":"Feature","properties":{"mode":"bus","n":6,"arr":["53","98","953","Y91","320","353"],"lines":"53, 98, 953, 91, 320, 353"},"geometry":{"type":"LineString","coordinates":[[-79.418013,43.798487],[-79.417686,43.798557]]}},{"type":"Feature","properties":{"mode":"bus","n":5,"arr":["53","98","953","Y91","353"],"lines":"53, 98, 953, 91, 353"},"geometry":{"type":"LineString","coordinates":[[-79.417686,43.798557],[-79.415743,43.798966],[-79.414469,43.799261]]}},{"type":"Feature","properties":{"mode":"bus","n":6,"arr":["53","151","953","Y90","Y90B","353"],"lines":"53, 151, 953, 90, 90B, 353"},"geometry":{"type":"LineString","coordinates":[[-79.360806,43.811109],[-79.36067,43.811138]]}},{"type":"Feature","properties":{"mode":"bus","n":5,"arr":["53","116","133","953","353"],"lines":"53, 116, 133, 953, 353"},"geometry":{"type":"LineString","coordinates":[[-79.22039,43.821385],[-79.22045,43.821235],[-79.220919,43.820657],[-79.221005,43.82051],[-79.221054,43.820333]]}},{"type":"Feature","properties":{"mode":"bus","n":5,"arr":["53","102","902","953","353"],"lines":"53, 102, 902, 953, 353"},"geometry":{"type":"LineString","coordinates":[[-79.250879,43.83674],[-79.251255,43.836647]]}},{"type":"Feature","properties":{"mode":"bus","n":6,"arr":["53","953","Y3","Y90","Y90B","353"],"lines":"53, 953, 3, 90, 90B, 353"},"geometry":{"type":"LineString","coordinates":[[-79.360717,43.811253],[-79.360848,43.81122]]}},{"type":"Feature","properties":{"mode":"bus","n":24,"arr":["53","60","97","960","Viva Blue","Viva Blue B","Y2","Y5","Y23","Y77","Y88","Y91","Y98/99","Y99","Y300","Y301","Y302","Y303","Y304","Y305","Y360","Y391","GO32","320"],"lines":"53, 60, 97, 960, Viva Blue, Viva Blue B, 2, 5, 23, 77, 88, 91, 98/99, 99, 300, 301, 302, 303, 304, 305, 360, 391, 32, 320"},"geometry":{"type":"LineString","coordinates":[[-79.420107,43.797961],[-79.419962,43.797452],[-79.419865,43.797353]]}},{"type":"Feature","properties":{"mode":"bus","n":24,"arr":["53","60","97","960","Viva Blue","Viva Blue B","Y2","Y5","Y23","Y77","Y88","Y91","Y98/99","Y99","Y300","Y301","Y302","Y303","Y304","Y305","Y360","Y391","GO32","320"],"lines":"53, 60, 97, 960, Viva Blue, Viva Blue B, 2, 5, 23, 77, 88, 91, 98/99, 99, 300, 301, 302, 303, 304, 305, 360, 391, 32, 320"},"geometry":{"type":"LineString","coordinates":[[-79.419092,43.79379],[-79.419129,43.793954],[-79.419066,43.794041]]}},{"type":"Feature","properties":{"mode":"bus","n":24,"arr":["53","60","97","960","Viva Blue","Viva Blue B","Y2","Y5","Y23","Y77","Y88","Y91","Y98/99","Y99","Y300","Y301","Y302","Y303","Y304","Y305","Y360","Y391","GO32","320"],"lines":"53, 60, 97, 960, Viva Blue, Viva Blue B, 2, 5, 23, 77, 88, 91, 98/99, 99, 300, 301, 302, 303, 304, 305, 360, 391, 32, 320"},"geometry":{"type":"LineString","coordinates":[[-79.417421,43.78705],[-79.417489,43.787404],[-79.41741,43.787491]]}},{"type":"Feature","properties":{"mode":"bus","n":22,"arr":["53","60","97","960","Viva Blue","Viva Blue B","Y2","Y5","Y23","Y77","Y88","Y91","Y98/99","Y99","Y301","Y302","Y304","Y305","Y360","Y391","GO32","320"],"lines":"53, 60, 97, 960, Viva Blue, Viva Blue B, 2, 5, 23, 77, 88, 91, 98/99, 99, 301, 302, 304, 305, 360, 391, 32, 320"},"geometry":{"type":"LineString","coordinates":[[-79.418923,43.793487],[-79.419048,43.793599],[-79.419092,43.79379]]}},{"type":"Feature","properties":{"mode":"bus","n":6,"arr":["53","60","97","125","Y98/99","Y305"],"lines":"53, 60, 97, 125, 98/99, 305"},"geometry":{"type":"LineString","coordinates":[[-79.416654,43.78454],[-79.416798,43.784492]]}},{"type":"Feature","properties":{"mode":"bus","n":8,"arr":["53","60","97","125","960","Y98/99","Y305","320"],"lines":"53, 60, 97, 125, 960, 98/99, 305, 320"},"geometry":{"type":"LineString","coordinates":[[-79.416598,43.784108],[-79.416724,43.784179],[-79.416798,43.784492]]}},{"type":"Feature","properties":{"mode":"bus","n":6,"arr":["54","72","100","162","191","954"],"lines":"54, 72, 100, 162, 191, 954"},"geometry":{"type":"LineString","coordinates":[[-79.337817,43.721251],[-79.337904,43.721375],[-79.337915,43.721425],[-79.337889,43.721466],[-79.337762,43.721512],[-79.336744,43.721696]]}},{"type":"Feature","properties":{"mode":"bus","n":6,"arr":["54","72","100","162","191","954"],"lines":"54, 72, 100, 162, 191, 954"},"geometry":{"type":"LineString","coordinates":[[-79.336518,43.723501],[-79.336352,43.723009],[-79.336318,43.72281],[-79.336342,43.722577],[-79.336486,43.722213],[-79.336519,43.722039],[-79.33649,43.721758],[-79.336493,43.721737],[-79.336508,43.721724],[-79.336535,43.721717],[-79.336695,43.721701],[-79.336739,43.72169],[-79.336772,43.721666],[-79.336833,43.721599],[-79.337214,43.721372],[-79.337675,43.72119],[-79.337719,43.72118],[-79.33774,43.721179],[-79.33776,43.721186],[-79.337794,43.721205]]}},{"type":"Feature","properties":{"mode":"bus","n":5,"arr":["54","72","100","162","954"],"lines":"54, 72, 100, 162, 954"},"geometry":{"type":"LineString","coordinates":[[-79.337794,43.721205],[-79.337817,43.721251]]}},{"type":"Feature","properties":{"mode":"bus","n":5,"arr":["54","72","162","191","954"],"lines":"54, 72, 162, 191, 954"},"geometry":{"type":"LineString","coordinates":[[-79.339471,43.723025],[-79.336518,43.723501]]}},{"type":"Feature","properties":{"mode":"bus","n":6,"arr":["54","72","162","191","954","354"],"lines":"54, 72, 162, 191, 954, 354"},"geometry":{"type":"LineString","coordinates":[[-79.339662,43.722996],[-79.339471,43.723025]]}},{"type":"Feature","properties":{"mode":"bus","n":5,"arr":["54","191","925","954","354"],"lines":"54, 191, 925, 954, 354"},"geometry":{"type":"LineString","coordinates":[[-79.34042,43.726394],[-79.340598,43.726371]]}},{"type":"Feature","properties":{"mode":"bus","n":6,"arr":["54","191","403","925","954","354"],"lines":"54, 191, 403, 925, 954, 354"},"geometry":{"type":"LineString","coordinates":[[-79.340759,43.727668],[-79.340915,43.727645]]}},{"type":"Feature","properties":{"mode":"bus","n":5,"arr":["54","191","403","925","354"],"lines":"54, 191, 403, 925, 354"},"geometry":{"type":"LineString","coordinates":[[-79.342021,43.732236],[-79.34218,43.732187]]}},{"type":"Feature","properties":{"mode":"bus","n":7,"arr":["54","191","403","925","954","325","354"],"lines":"54, 191, 403, 925, 954, 325, 354"},"geometry":{"type":"LineString","coordinates":[[-79.34333,43.737147],[-79.343511,43.73711]]}},{"type":"Feature","properties":{"mode":"bus","n":5,"arr":["54","191","403","954","354"],"lines":"54, 191, 403, 954, 354"},"geometry":{"type":"LineString","coordinates":[[-79.34333,43.737147],[-79.342629,43.737302],[-79.342528,43.737364],[-79.341016,43.737682]]}},{"type":"Feature","properties":{"mode":"bus","n":5,"arr":["54","131","154","954","354"],"lines":"54, 131, 154, 954, 354"},"geometry":{"type":"LineString","coordinates":[[-79.265278,43.751409],[-79.265117,43.75144]]}},{"type":"Feature","properties":{"mode":"bus","n":5,"arr":["54","102","154","954","354"],"lines":"54, 102, 154, 954, 354"},"geometry":{"type":"LineString","coordinates":[[-79.225479,43.759709],[-79.225352,43.759737]]}},{"type":"Feature","properties":{"mode":"bus","n":5,"arr":["54","154","902","954","354"],"lines":"54, 154, 902, 954, 354"},"geometry":{"type":"LineString","coordinates":[[-79.225406,43.759878],[-79.225246,43.759913]]}},{"type":"Feature","properties":{"mode":"bus","n":5,"arr":["54","57","154","954","354"],"lines":"54, 57, 154, 954, 354"},"geometry":{"type":"LineString","coordinates":[[-79.264997,43.751615],[-79.265157,43.751579]]}},{"type":"Feature","properties":{"mode":"bus","n":5,"arr":["54","131","904","954","354"],"lines":"54, 131, 904, 954, 354"},"geometry":{"type":"LineString","coordinates":[[-79.265311,43.751547],[-79.265157,43.751579]]}},{"type":"Feature","properties":{"mode":"bus","n":5,"arr":["59","73","89","158","989"],"lines":"59, 73, 89, 158, 989"},"geometry":{"type":"LineString","coordinates":[[-79.533569,43.707782],[-79.532973,43.706709],[-79.532708,43.70649],[-79.53256,43.706418],[-79.532276,43.70633]]}},{"type":"Feature","properties":{"mode":"bus","n":5,"arr":["60","937","960","Y12","384"],"lines":"60, 937, 960, 12, 384"},"geometry":{"type":"LineString","coordinates":[[-79.576079,43.764018],[-79.576421,43.763946]]}},{"type":"Feature","properties":{"mode":"bus","n":6,"arr":["60","937","960","Y12","337","384"],"lines":"60, 937, 960, 12, 337, 384"},"geometry":{"type":"LineString","coordinates":[[-79.576519,43.764137],[-79.576565,43.764243],[-79.576543,43.764293],[-79.576532,43.764309],[-79.576515,43.764319],[-79.576492,43.764325],[-79.576345,43.764343],[-79.576277,43.764315],[-79.576099,43.764048],[-79.576083,43.764033],[-79.576062,43.764026],[-79.576035,43.764029],[-79.575952,43.764048],[-79.575783,43.764169],[-79.574945,43.76439]]}},{"type":"Feature","properties":{"mode":"bus","n":6,"arr":["60","937","960","Y12","337","384"],"lines":"60, 937, 960, 12, 337, 384"},"geometry":{"type":"LineString","coordinates":[[-79.576421,43.763946],[-79.576496,43.764092]]}},{"type":"Feature","properties":{"mode":"bus","n":5,"arr":["60","166","960","337","384"],"lines":"60, 166, 960, 337, 384"},"geometry":{"type":"LineString","coordinates":[[-79.574565,43.764332],[-79.574699,43.764304]]}},{"type":"Feature","properties":{"mode":"bus","n":5,"arr":["60","165","166","960","384"],"lines":"60, 165, 166, 960, 384"},"geometry":{"type":"LineString","coordinates":[[-79.546589,43.770339],[-79.547407,43.770186],[-79.54753,43.770108],[-79.548864,43.769802],[-79.549012,43.769849],[-79.550111,43.769631],[-79.550289,43.769513],[-79.552185,43.769106],[-79.554108,43.768725],[-79.554275,43.768761],[-79.554962,43.768628]]}},{"type":"Feature","properties":{"mode":"bus","n":6,"arr":["60","165","166","960","989","Y165"],"lines":"60, 165, 166, 960, 989, 165"},"geometry":{"type":"LineString","coordinates":[[-79.546436,43.770363],[-79.54584,43.770484],[-79.545667,43.770468],[-79.544213,43.770769],[-79.544144,43.77085],[-79.543393,43.770993]]}},{"type":"Feature","properties":{"mode":"bus","n":6,"arr":["60","108","166","960","335","353"],"lines":"60, 108, 166, 960, 335, 353"},"geometry":{"type":"LineString","coordinates":[[-79.508932,43.778106],[-79.510884,43.777664]]}},{"type":"Feature","properties":{"mode":"bus","n":6,"arr":["60","106","108","166","960","353"],"lines":"60, 106, 108, 166, 960, 353"},"geometry":{"type":"LineString","coordinates":[[-79.508532,43.776332],[-79.50863,43.776477],[-79.50885,43.776602],[-79.509598,43.776813]]}},{"type":"Feature","properties":{"mode":"bus","n":7,"arr":["60","960","Y3","Y96","Y107","Y107B","353"],"lines":"60, 960, 3, 96, 107, 107B, 353"},"geometry":{"type":"LineString","coordinates":[[-79.494421,43.781623],[-79.504566,43.779237],[-79.508994,43.778253]]}},{"type":"Feature","properties":{"mode":"bus","n":5,"arr":["60","960","Y107","Y107B","353"],"lines":"60, 960, 107, 107B, 353"},"geometry":{"type":"LineString","coordinates":[[-79.494587,43.781582],[-79.494542,43.781422]]}},{"type":"Feature","properties":{"mode":"bus","n":5,"arr":["60","107","960","Y3","353"],"lines":"60, 107, 960, 3, 353"},"geometry":{"type":"LineString","coordinates":[[-79.480996,43.784744],[-79.481495,43.784637],[-79.481566,43.784554],[-79.483237,43.784168],[-79.483398,43.784201],[-79.486686,43.783419],[-79.487756,43.783188],[-79.487856,43.783092],[-79.489015,43.782817],[-79.489196,43.782777],[-79.489379,43.782793],[-79.490106,43.782634]]}},{"type":"Feature","properties":{"mode":"bus","n":5,"arr":["60","105","960","329","353"],"lines":"60, 105, 960, 329, 353"},"geometry":{"type":"LineString","coordinates":[[-79.474262,43.786286],[-79.474387,43.786184],[-79.474704,43.78611]]}},{"type":"Feature","properties":{"mode":"bus","n":6,"arr":["60","105","960","Y3","329","353"],"lines":"60, 105, 960, 3, 329, 353"},"geometry":{"type":"LineString","coordinates":[[-79.470955,43.787073],[-79.472237,43.786752],[-79.474262,43.786286]]}},{"type":"Feature","properties":{"mode":"bus","n":5,"arr":["60","960","Y105","329","353"],"lines":"60, 960, 105, 329, 353"},"geometry":{"type":"LineString","coordinates":[[-79.470148,43.787185],[-79.469975,43.787213]]}},{"type":"Feature","properties":{"mode":"bus","n":6,"arr":["60","97","960","Y23","Y88","353"],"lines":"60, 97, 960, 23, 88, 353"},"geometry":{"type":"LineString","coordinates":[[-79.428596,43.79618],[-79.425423,43.796885],[-79.425378,43.796888],[-79.425335,43.796878],[-79.425299,43.796863],[-79.425256,43.796853],[-79.425211,43.796856],[-79.424138,43.797077],[-79.424,43.797157],[-79.420771,43.797888]]}},{"type":"Feature","properties":{"mode":"bus","n":21,"arr":["60","960","Viva Blue","Viva Blue B","Y2","Y5","Y23","Y77","Y88","Y91","Y98/99","Y99","Y300","Y301","Y302","Y303","Y304","Y305","Y360","Y391","GO32"],"lines":"60, 960, Viva Blue, Viva Blue B, 2, 5, 23, 77, 88, 91, 98/99, 99, 300, 301, 302, 303, 304, 305, 360, 391, 32"},"geometry":{"type":"LineString","coordinates":[[-79.420143,43.798071],[-79.420107,43.797961]]}},{"type":"Feature","properties":{"mode":"bus","n":5,"arr":["60","960","Y23","Y88","353"],"lines":"60, 960, 23, 88, 353"},"geometry":{"type":"LineString","coordinates":[[-79.420771,43.797888],[-79.420677,43.797964],[-79.420143,43.798071]]}},{"type":"Feature","properties":{"mode":"bus","n":5,"arr":["60","960","Y23","Y88","353"],"lines":"60, 960, 23, 88, 353"},"geometry":{"type":"LineString","coordinates":[[-79.429272,43.796097],[-79.428778,43.796201],[-79.428596,43.79618]]}},{"type":"Feature","properties":{"mode":"bus","n":5,"arr":["60","960","Y3","Y105","353"],"lines":"60, 960, 3, 105, 353"},"geometry":{"type":"LineString","coordinates":[[-79.469987,43.787348],[-79.470174,43.787308]]}},{"type":"Feature","properties":{"mode":"bus","n":5,"arr":["60","105","960","Y3","353"],"lines":"60, 105, 960, 3, 353"},"geometry":{"type":"LineString","coordinates":[[-79.470174,43.787308],[-79.47088,43.787152],[-79.470955,43.787073]]}},{"type":"Feature","properties":{"mode":"bus","n":6,"arr":["60","108","166","935","Y20","Y165"],"lines":"60, 108, 166, 935, 20, 165"},"geometry":{"type":"LineString","coordinates":[[-79.516973,43.776344],[-79.517048,43.776459]]}},{"type":"Feature","properties":{"mode":"bus","n":7,"arr":["60","165","166","960","989","Y165","384"],"lines":"60, 165, 166, 960, 989, 165, 384"},"geometry":{"type":"LineString","coordinates":[[-79.546436,43.770363],[-79.546589,43.770339]]}},{"type":"Feature","properties":{"mode":"bus","n":5,"arr":["60","166","960","Y12","384"],"lines":"60, 166, 960, 12, 384"},"geometry":{"type":"LineString","coordinates":[[-79.574647,43.764456],[-79.564819,43.766591]]}},{"type":"Feature","properties":{"mode":"bus","n":6,"arr":["60","166","937","960","Y12","384"],"lines":"60, 166, 937, 960, 12, 384"},"geometry":{"type":"LineString","coordinates":[[-79.574768,43.764431],[-79.574647,43.764456]]}},{"type":"Feature","properties":{"mode":"bus","n":7,"arr":["60","166","937","960","Y12","337","384"],"lines":"60, 166, 937, 960, 12, 337, 384"},"geometry":{"type":"LineString","coordinates":[[-79.574945,43.76439],[-79.574768,43.764431]]}},{"type":"Feature","properties":{"mode":"bus","n":5,"arr":["60","960","Y12","337","384"],"lines":"60, 960, 12, 337, 384"},"geometry":{"type":"LineString","coordinates":[[-79.576496,43.764092],[-79.576519,43.764137]]}},{"type":"Feature","properties":{"mode":"bus","n":5,"arr":["61","96","165","996","396"],"lines":"61, 96, 165, 996, 396"},"geometry":{"type":"LineString","coordinates":[[-79.421702,43.73984],[-79.421556,43.739871]]}},{"type":"Feature","properties":{"mode":"bus","n":5,"arr":["65","75","114","202","365"],"lines":"65, 75, 114, 202, 365"},"geometry":{"type":"LineString","coordinates":[[-79.365443,43.645181],[-79.367806,43.644349]]}},{"type":"Feature","properties":{"mode":"bus","n":5,"arr":["68","Y18","Y25","Y402","Y419"],"lines":"68, 18, 25, 402, 419"},"geometry":{"type":"LineString","coordinates":[[-79.336306,43.893692],[-79.334563,43.894088]]}},{"type":"Feature","properties":{"mode":"bus","n":5,"arr":["68","95","995","996","395"],"lines":"68, 95, 995, 996, 395"},"geometry":{"type":"LineString","coordinates":[[-79.30076,43.761011],[-79.300789,43.761115]]}},{"type":"Feature","properties":{"mode":"bus","n":5,"arr":["68","95","995","996","395"],"lines":"68, 95, 995, 996, 395"},"geometry":{"type":"LineString","coordinates":[[-79.300673,43.761266],[-79.300811,43.761232]]}},{"type":"Feature","properties":{"mode":"bus","n":5,"arr":["73","96","118","996","396"],"lines":"73, 96, 118, 996, 396"},"geometry":{"type":"LineString","coordinates":[[-79.545715,43.721303],[-79.546312,43.721659],[-79.54715,43.722245],[-79.550539,43.725118]]}},{"type":"Feature","properties":{"mode":"bus","n":5,"arr":["73","96","118","996","396"],"lines":"73, 96, 118, 996, 396"},"geometry":{"type":"LineString","coordinates":[[-79.539142,43.717647],[-79.54011,43.717922],[-79.540848,43.718202],[-79.54131,43.718408]]}},{"type":"Feature","properties":{"mode":"bus","n":5,"arr":["73","96","118","996","396"],"lines":"73, 96, 118, 996, 396"},"geometry":{"type":"LineString","coordinates":[[-79.539075,43.717757],[-79.540814,43.71829],[-79.54131,43.718408],[-79.543772,43.719253]]}},{"type":"Feature","properties":{"mode":"bus","n":5,"arr":["73","96","118","996","396"],"lines":"73, 96, 118, 996, 396"},"geometry":{"type":"LineString","coordinates":[[-79.545715,43.721303],[-79.54556,43.721265],[-79.545249,43.721026],[-79.54491,43.720626],[-79.544374,43.719741],[-79.544199,43.719569],[-79.544013,43.719431],[-79.543811,43.719328],[-79.543785,43.719278],[-79.543782,43.719267],[-79.543785,43.719259],[-79.543794,43.719255],[-79.543809,43.719254],[-79.543878,43.719255],[-79.54412,43.719386],[-79.544443,43.719673],[-79.545063,43.720677],[-79.545343,43.720957],[-79.545662,43.721183],[-79.545715,43.721303]]}},{"type":"Feature","properties":{"mode":"bus","n":6,"arr":["73","89","96","118","996","396"],"lines":"73, 89, 96, 118, 996, 396"},"geometry":{"type":"LineString","coordinates":[[-79.537478,43.717187],[-79.539075,43.717757]]}},{"type":"Feature","properties":{"mode":"bus","n":5,"arr":["78","115","122","165","996"],"lines":"78, 115, 122, 165, 996"},"geometry":{"type":"LineString","coordinates":[[-79.406184,43.745423],[-79.406383,43.745395],[-79.406605,43.745312],[-79.406629,43.745299],[-79.406641,43.745282],[-79.406642,43.74526],[-79.406615,43.74512],[-79.406606,43.745099],[-79.406587,43.745084],[-79.40656,43.745076],[-79.406351,43.745041],[-79.406104,43.745064]]}},{"type":"Feature","properties":{"mode":"bus","n":6,"arr":["78","95","115","122","165","996"],"lines":"78, 95, 115, 122, 165, 996"},"geometry":{"type":"LineString","coordinates":[[-79.405952,43.745352],[-79.406184,43.745423]]}},{"type":"Feature","properties":{"mode":"bus","n":7,"arr":["78","95","115","122","165","995","996"],"lines":"78, 95, 115, 122, 165, 995, 996"},"geometry":{"type":"LineString","coordinates":[[-79.405785,43.745285],[-79.405952,43.745352]]}},{"type":"Feature","properties":{"mode":"bus","n":7,"arr":["78","95","115","122","165","995","996"],"lines":"78, 95, 115, 122, 165, 995, 996"},"geometry":{"type":"LineString","coordinates":[[-79.405276,43.744356],[-79.405159,43.744356]]}},{"type":"Feature","properties":{"mode":"bus","n":8,"arr":["78","95","96","115","122","165","995","996"],"lines":"78, 95, 96, 115, 122, 165, 995, 996"},"geometry":{"type":"LineString","coordinates":[[-79.405276,43.744356],[-79.405354,43.745039],[-79.405367,43.745072],[-79.405396,43.745098],[-79.405562,43.745196],[-79.405785,43.745285]]}},{"type":"Feature","properties":{"mode":"bus","n":6,"arr":["78","95","115","122","995","996"],"lines":"78, 95, 115, 122, 995, 996"},"geometry":{"type":"LineString","coordinates":[[-79.405159,43.744356],[-79.405019,43.744308],[-79.40437,43.744264]]}},{"type":"Feature","properties":{"mode":"bus","n":7,"arr":["78","95","115","122","995","996","395"],"lines":"78, 95, 115, 122, 995, 996, 395"},"geometry":{"type":"LineString","coordinates":[[-79.40437,43.744264],[-79.404261,43.744296],[-79.40401,43.744245],[-79.403927,43.744198],[-79.403237,43.744123],[-79.402832,43.744131],[-79.402249,43.744197],[-79.400797,43.7445],[-79.399729,43.744774],[-79.396429,43.745469]]}},{"type":"Feature","properties":{"mode":"bus","n":6,"arr":["78","95","115","122","996","395"],"lines":"78, 95, 115, 122, 996, 395"},"geometry":{"type":"LineString","coordinates":[[-79.403563,43.744166],[-79.403613,43.74421],[-79.403916,43.744254],[-79.40401,43.744245]]}},{"type":"Feature","properties":{"mode":"bus","n":6,"arr":["78","95","115","122","996","395"],"lines":"78, 95, 115, 122, 996, 395"},"geometry":{"type":"LineString","coordinates":[[-79.405025,43.744401],[-79.404507,43.744371],[-79.404374,43.744351],[-79.404261,43.744296]]}},{"type":"Feature","properties":{"mode":"bus","n":5,"arr":["78","95","115","122","996"],"lines":"78, 95, 115, 122, 996"},"geometry":{"type":"LineString","coordinates":[[-79.405159,43.744356],[-79.405025,43.744401]]}},{"type":"Feature","properties":{"mode":"bus","n":6,"arr":["78","96","115","122","165","996"],"lines":"78, 96, 115, 122, 165, 996"},"geometry":{"type":"LineString","coordinates":[[-79.406104,43.745064],[-79.405562,43.745196]]}},{"type":"Feature","properties":{"mode":"bus","n":5,"arr":["84","99","119","984","384"],"lines":"84, 99, 119, 984, 384"},"geometry":{"type":"LineString","coordinates":[[-79.529255,43.735771],[-79.526344,43.736373],[-79.523887,43.737018]]}},{"type":"Feature","properties":{"mode":"bus","n":6,"arr":["84","120","935","984","335","384"],"lines":"84, 120, 935, 984, 335, 384"},"geometry":{"type":"LineString","coordinates":[[-79.513277,43.73929],[-79.513089,43.739332]]}},{"type":"Feature","properties":{"mode":"bus","n":5,"arr":["84","106","108","984","384"],"lines":"84, 106, 108, 984, 384"},"geometry":{"type":"LineString","coordinates":[[-79.491883,43.743634],[-79.491758,43.743662]]}},{"type":"Feature","properties":{"mode":"bus","n":5,"arr":["84","106","108","984","384"],"lines":"84, 106, 108, 984, 384"},"geometry":{"type":"LineString","coordinates":[[-79.467142,43.751952],[-79.467421,43.752217],[-79.467545,43.752246],[-79.468777,43.753412],[-79.469161,43.753726],[-79.469733,43.754098],[-79.470447,43.75442],[-79.472717,43.755306],[-79.473451,43.755465],[-79.473823,43.755507],[-79.474232,43.755524]]}},{"type":"Feature","properties":{"mode":"bus","n":5,"arr":["84","101","106","984","384"],"lines":"84, 101, 106, 984, 384"},"geometry":{"type":"LineString","coordinates":[[-79.486492,43.744719],[-79.48512,43.744976],[-79.484797,43.745056],[-79.484304,43.74523],[-79.48375,43.74552],[-79.48351,43.745697],[-79.48323,43.745954],[-79.483038,43.746177],[-79.482883,43.746409],[-79.482679,43.746951],[-79.482653,43.747205],[-79.482659,43.748285]]}},{"type":"Feature","properties":{"mode":"bus","n":5,"arr":["84","101","106","984","384"],"lines":"84, 101, 106, 984, 384"},"geometry":{"type":"LineString","coordinates":[[-79.486312,43.744896],[-79.484831,43.745144],[-79.484483,43.745261],[-79.484178,43.745391],[-79.483863,43.745561],[-79.483576,43.74576],[-79.483341,43.745974],[-79.48314,43.746207],[-79.482982,43.746454],[-79.482797,43.746929],[-79.482766,43.747189],[-79.482812,43.748284]]}},{"type":"Feature","properties":{"mode":"bus","n":6,"arr":["84","101","106","108","984","384"],"lines":"84, 101, 106, 108, 984, 384"},"geometry":{"type":"LineString","coordinates":[[-79.482695,43.752846],[-79.482411,43.753245],[-79.482195,43.753479],[-79.481931,43.753696],[-79.481647,43.753873],[-79.481324,43.754025],[-79.481019,43.754128]]}},{"type":"Feature","properties":{"mode":"bus","n":6,"arr":["84","101","106","108","984","384"],"lines":"84, 101, 106, 108, 984, 384"},"geometry":{"type":"LineString","coordinates":[[-79.474232,43.755524],[-79.474608,43.755515],[-79.475026,43.75547],[-79.475665,43.755365],[-79.480715,43.754162],[-79.48097,43.754133],[-79.480984,43.754132],[-79.480993,43.754133],[-79.480996,43.754134],[-79.480995,43.754138],[-79.480989,43.754142],[-79.480978,43.754148],[-79.480781,43.754244],[-79.480312,43.75436],[-79.480293,43.754363],[-79.480277,43.75436],[-79.480266,43.754352],[-79.480259,43.754339],[-79.480241,43.754279]]}},{"type":"Feature","properties":{"mode":"bus","n":6,"arr":["84","106","107","108","984","384"],"lines":"84, 106, 107, 108, 984, 384"},"geometry":{"type":"LineString","coordinates":[[-79.46345,43.750284],[-79.46386,43.750208],[-79.464405,43.750187],[-79.464715,43.750218],[-79.465036,43.750285],[-79.465344,43.750388],[-79.465626,43.750527],[-79.466128,43.750918],[-79.467142,43.751952]]}},{"type":"Feature","properties":{"mode":"bus","n":6,"arr":["84","106","107","108","984","384"],"lines":"84, 106, 107, 108, 984, 384"},"geometry":{"type":"LineString","coordinates":[[-79.463261,43.750196],[-79.462352,43.75038]]}},{"type":"Feature","properties":{"mode":"bus","n":6,"arr":["84","105","107","108","984","329"],"lines":"84, 105, 107, 108, 984, 329"},"geometry":{"type":"LineString","coordinates":[[-79.46345,43.750284],[-79.463421,43.750164]]}},{"type":"Feature","properties":{"mode":"bus","n":6,"arr":["84","107","108","984","329","384"],"lines":"84, 107, 108, 984, 329, 384"},"geometry":{"type":"LineString","coordinates":[[-79.463421,43.750164],[-79.463261,43.750196]]}},{"type":"Feature","properties":{"mode":"bus","n":6,"arr":["84","104","106","107","108","984"],"lines":"84, 104, 106, 107, 108, 984"},"geometry":{"type":"LineString","coordinates":[[-79.462352,43.75038],[-79.462185,43.749866]]}},{"type":"Feature","properties":{"mode":"bus","n":7,"arr":["84","105","106","107","108","984","Y105"],"lines":"84, 105, 106, 107, 108, 984, 105"},"geometry":{"type":"LineString","coordinates":[[-79.462185,43.749866],[-79.46179,43.748664]]}},{"type":"Feature","properties":{"mode":"bus","n":7,"arr":["84","104","106","107","108","984","Y105"],"lines":"84, 104, 106, 107, 108, 984, 105"},"geometry":{"type":"LineString","coordinates":[[-79.461348,43.74844],[-79.46179,43.748664]]}},{"type":"Feature","properties":{"mode":"bus","n":7,"arr":["84","104","106","107","108","984","Y105"],"lines":"84, 104, 106, 107, 108, 984, 105"},"geometry":{"type":"LineString","coordinates":[[-79.460714,43.750765],[-79.45993,43.748771],[-79.459961,43.748685],[-79.46003,43.748619],[-79.460213,43.748571]]}},{"type":"Feature","properties":{"mode":"bus","n":5,"arr":["84","107","108","984","Y105"],"lines":"84, 107, 108, 984, 105"},"geometry":{"type":"LineString","coordinates":[[-79.460213,43.748571],[-79.460345,43.748573],[-79.461129,43.748405],[-79.461348,43.74844]]}},{"type":"Feature","properties":{"mode":"bus","n":6,"arr":["84","106","107","108","984","Y105"],"lines":"84, 106, 107, 108, 984, 105"},"geometry":{"type":"LineString","coordinates":[[-79.460744,43.750846],[-79.460714,43.750765]]}},{"type":"Feature","properties":{"mode":"bus","n":5,"arr":["84","104","984","Y105","384"],"lines":"84, 104, 984, 105, 384"},"geometry":{"type":"LineString","coordinates":[[-79.460572,43.750801],[-79.460714,43.750765]]}},{"type":"Feature","properties":{"mode":"bus","n":5,"arr":["84","98","984","GO94","384"],"lines":"84, 98, 984, 94, 384"},"geometry":{"type":"LineString","coordinates":[[-79.412427,43.76119],[-79.413115,43.761041]]}},{"type":"Feature","properties":{"mode":"bus","n":6,"arr":["84","98","185","984","GO94","384"],"lines":"84, 98, 185, 984, 94, 384"},"geometry":{"type":"LineString","coordinates":[[-79.412238,43.761232],[-79.412427,43.76119]]}},{"type":"Feature","properties":{"mode":"bus","n":5,"arr":["84","98","185","984","384"],"lines":"84, 98, 185, 984, 384"},"geometry":{"type":"LineString","coordinates":[[-79.412007,43.761549],[-79.412132,43.761495]]}},{"type":"Feature","properties":{"mode":"bus","n":5,"arr":["84","104","105","108","984"],"lines":"84, 104, 105, 108, 984"},"geometry":{"type":"LineString","coordinates":[[-79.462228,43.748508],[-79.462387,43.748804],[-79.462633,43.749496]]}},{"type":"Feature","properties":{"mode":"bus","n":5,"arr":["84","104","105","108","984"],"lines":"84, 104, 105, 108, 984"},"geometry":{"type":"LineString","coordinates":[[-79.462448,43.749809],[-79.462722,43.749747]]}},{"type":"Feature","properties":{"mode":"bus","n":6,"arr":["84","104","105","108","984","Y105"],"lines":"84, 104, 105, 108, 984, 105"},"geometry":{"type":"LineString","coordinates":[[-79.462185,43.749866],[-79.462448,43.749809]]}},{"type":"Feature","properties":{"mode":"bus","n":7,"arr":["84","106","107","108","984","Y105","384"],"lines":"84, 106, 107, 108, 984, 105, 384"},"geometry":{"type":"LineString","coordinates":[[-79.463287,43.750317],[-79.460744,43.750846]]}},{"type":"Feature","properties":{"mode":"bus","n":8,"arr":["84","106","107","108","984","Y105","329","384"],"lines":"84, 106, 107, 108, 984, 105, 329, 384"},"geometry":{"type":"LineString","coordinates":[[-79.46345,43.750284],[-79.463287,43.750317]]}},{"type":"Feature","properties":{"mode":"bus","n":5,"arr":["84","165","984","989","384"],"lines":"84, 165, 984, 989, 384"},"geometry":{"type":"LineString","coordinates":[[-79.539279,43.739017],[-79.539402,43.73899],[-79.539428,43.73898],[-79.539441,43.738964],[-79.539442,43.738943],[-79.538561,43.735132],[-79.538336,43.734211],[-79.538276,43.734165],[-79.538174,43.733741]]}},{"type":"Feature","properties":{"mode":"bus","n":5,"arr":["167","904","925","985","Y90B"],"lines":"167, 904, 925, 985, 90B"},"geometry":{"type":"LineString","coordinates":[[-79.346313,43.775641],[-79.346066,43.775676]]}},{"type":"Feature","properties":{"mode":"bus","n":8,"arr":["85","167","904","925","985","Y24","Y90","Y90B"],"lines":"85, 167, 904, 925, 985, 24, 90, 90B"},"geometry":{"type":"LineString","coordinates":[[-79.346636,43.775573],[-79.346313,43.775641]]}},{"type":"Feature","properties":{"mode":"bus","n":6,"arr":["85","167","904","985","Y24","385"],"lines":"85, 167, 904, 985, 24, 385"},"geometry":{"type":"LineString","coordinates":[[-79.341148,43.776138],[-79.334909,43.775463],[-79.334869,43.775464],[-79.334833,43.775476],[-79.33477,43.77551],[-79.334599,43.775498],[-79.332704,43.775296],[-79.332602,43.775228],[-79.331225,43.775072]]}},{"type":"Feature","properties":{"mode":"bus","n":5,"arr":["85","904","985","Y24","385"],"lines":"85, 904, 985, 24, 385"},"geometry":{"type":"LineString","coordinates":[[-79.331225,43.775072],[-79.330475,43.774975],[-79.330314,43.775007],[-79.328547,43.774812],[-79.327126,43.774706],[-79.326972,43.774627],[-79.326751,43.774617],[-79.326175,43.774636],[-79.326087,43.7747],[-79.32529,43.774784],[-79.324481,43.774922],[-79.323569,43.775133],[-79.323458,43.775104],[-79.323058,43.775191]]}},{"type":"Feature","properties":{"mode":"bus","n":6,"arr":["85","167","904","985","324","385"],"lines":"85, 167, 904, 985, 324, 385"},"geometry":{"type":"LineString","coordinates":[[-79.323058,43.775191],[-79.322279,43.775387],[-79.322215,43.775458],[-79.320333,43.775895],[-79.318411,43.776386],[-79.318288,43.776353],[-79.317847,43.776452],[-79.317828,43.776459],[-79.317817,43.776468],[-79.317815,43.776481],[-79.317821,43.776496],[-79.317849,43.77654],[-79.317855,43.776555],[-79.317853,43.776567],[-79.317842,43.776577],[-79.317822,43.776583],[-79.317732,43.776603]]}},{"type":"Feature","properties":{"mode":"bus","n":5,"arr":["85","904","985","324","385"],"lines":"85, 904, 985, 324, 385"},"geometry":{"type":"LineString","coordinates":[[-79.3178,43.776463],[-79.3172,43.776592],[-79.317085,43.776679]]}},{"type":"Feature","properties":{"mode":"bus","n":5,"arr":["85","904","985","324","385"],"lines":"85, 904, 985, 324, 385"},"geometry":{"type":"LineString","coordinates":[[-79.30795,43.778659],[-79.308405,43.778561],[-79.30854,43.778589],[-79.309213,43.778446],[-79.311163,43.777993],[-79.311411,43.777956],[-79.315546,43.77701],[-79.317085,43.776679],[-79.317241,43.776708],[-79.317732,43.776603]]}},{"type":"Feature","properties":{"mode":"bus","n":5,"arr":["85","86","985","986","385"],"lines":"85, 86, 985, 986, 385"},"geometry":{"type":"LineString","coordinates":[[-79.170994,43.808332],[-79.170803,43.808363]]}},{"type":"Feature","properties":{"mode":"bus","n":6,"arr":["129","130","131","169","939","316"],"lines":"129, 130, 131, 169, 939, 316"},"geometry":{"type":"LineString","coordinates":[[-79.259006,43.790069],[-79.259056,43.789983],[-79.258973,43.789764]]}},{"type":"Feature","properties":{"mode":"bus","n":6,"arr":["129","130","131","169","939","316"],"lines":"129, 130, 131, 169, 939, 316"},"geometry":{"type":"LineString","coordinates":[[-79.256637,43.78585],[-79.257139,43.787082],[-79.257099,43.787171],[-79.257321,43.787683],[-79.257699,43.788103],[-79.25801,43.788394],[-79.25832,43.788792],[-79.258486,43.789056],[-79.258906,43.790017],[-79.259006,43.790069],[-79.259599,43.791564],[-79.25982,43.792055]]}},{"type":"Feature","properties":{"mode":"bus","n":6,"arr":["129","130","131","169","939","316"],"lines":"129, 130, 131, 169, 939, 316"},"geometry":{"type":"LineString","coordinates":[[-79.25893,43.78965],[-79.258636,43.789022],[-79.25847,43.78874],[-79.258122,43.788321],[-79.257736,43.787937],[-79.257495,43.78765],[-79.257382,43.787471],[-79.257272,43.787194]]}},{"type":"Feature","properties":{"mode":"bus","n":6,"arr":["129","130","131","169","939","316"],"lines":"129, 130, 131, 169, 939, 316"},"geometry":{"type":"LineString","coordinates":[[-79.255586,43.78285],[-79.256518,43.785248],[-79.256674,43.785719],[-79.256647,43.785815],[-79.256642,43.785826],[-79.256635,43.785833],[-79.256626,43.785835],[-79.256615,43.785832],[-79.256602,43.785824],[-79.256512,43.785758],[-79.256375,43.785402]]}},{"type":"Feature","properties":{"mode":"bus","n":8,"arr":["85","129","130","131","169","939","316","385"],"lines":"85, 129, 130, 131, 169, 939, 316, 385"},"geometry":{"type":"LineString","coordinates":[[-79.258973,43.789764],[-79.25893,43.78965]]}},{"type":"Feature","properties":{"mode":"bus","n":8,"arr":["85","167","904","985","Y24","Y90","Y90B","385"],"lines":"85, 167, 904, 985, 24, 90, 90B, 385"},"geometry":{"type":"LineString","coordinates":[[-79.341192,43.776274],[-79.341827,43.776249],[-79.342273,43.776202],[-79.34376,43.775876]]}},{"type":"Feature","properties":{"mode":"bus","n":5,"arr":["85","167","904","985","385"],"lines":"85, 167, 904, 985, 385"},"geometry":{"type":"LineString","coordinates":[[-79.34376,43.775876],[-79.344666,43.77568]]}},{"type":"Feature","properties":{"mode":"bus","n":7,"arr":["86","116","905","986","316","334","386"],"lines":"86, 116, 905, 986, 316, 334, 386"},"geometry":{"type":"LineString","coordinates":[[-79.247981,43.736669],[-79.246798,43.736933]]}},{"type":"Feature","properties":{"mode":"bus","n":6,"arr":["86","116","986","316","334","386"],"lines":"86, 116, 986, 316, 334, 386"},"geometry":{"type":"LineString","coordinates":[[-79.246798,43.736933],[-79.2463,43.737042]]}},{"type":"Feature","properties":{"mode":"bus","n":6,"arr":["86","116","905","986","334","386"],"lines":"86, 116, 905, 986, 334, 386"},"geometry":{"type":"LineString","coordinates":[[-79.245385,43.73731],[-79.245509,43.737215],[-79.2463,43.737042]]}},{"type":"Feature","properties":{"mode":"bus","n":6,"arr":["86","116","905","986","334","386"],"lines":"86, 116, 905, 986, 334, 386"},"geometry":{"type":"LineString","coordinates":[[-79.246226,43.737177],[-79.245539,43.737322],[-79.245385,43.73731],[-79.238342,43.738815]]}},{"type":"Feature","properties":{"mode":"bus","n":6,"arr":["86","116","905","986","334","386"],"lines":"86, 116, 905, 986, 334, 386"},"geometry":{"type":"LineString","coordinates":[[-79.231964,43.740218],[-79.225759,43.741652]]}},{"type":"Feature","properties":{"mode":"bus","n":6,"arr":["86","116","905","986","334","386"],"lines":"86, 116, 905, 986, 334, 386"},"geometry":{"type":"LineString","coordinates":[[-79.219641,43.743035],[-79.219273,43.743058],[-79.218954,43.743114],[-79.218361,43.743258],[-79.21828,43.743332],[-79.21637,43.743757],[-79.216247,43.743737],[-79.215563,43.743879],[-79.214026,43.74425],[-79.213838,43.744273],[-79.213516,43.744269],[-79.213232,43.744202],[-79.212168,43.743878],[-79.211748,43.743783],[-79.211577,43.743714]]}},{"type":"Feature","properties":{"mode":"bus","n":6,"arr":["86","116","905","986","334","386"],"lines":"86, 116, 905, 986, 334, 386"},"geometry":{"type":"LineString","coordinates":[[-79.218992,43.743219],[-79.219325,43.743141],[-79.219641,43.743035],[-79.224382,43.741961],[-79.224654,43.741854],[-79.224975,43.741779],[-79.225513,43.74167],[-79.22571,43.741656],[-79.225723,43.741655],[-79.225732,43.741656],[-79.225736,43.741658],[-79.225735,43.741661],[-79.225728,43.741665],[-79.225716,43.741671],[-79.225542,43.741747],[-79.225173,43.741843]]}},{"type":"Feature","properties":{"mode":"bus","n":6,"arr":["86","116","905","986","334","386"],"lines":"86, 116, 905, 986, 334, 386"},"geometry":{"type":"LineString","coordinates":[[-79.232127,43.740319],[-79.233101,43.740099],[-79.23332,43.739976]]}},{"type":"Feature","properties":{"mode":"bus","n":6,"arr":["86","116","905","986","334","386"],"lines":"86, 116, 905, 986, 334, 386"},"geometry":{"type":"LineString","coordinates":[[-79.23471,43.739659],[-79.234896,43.739678],[-79.235299,43.739592]]}},{"type":"Feature","properties":{"mode":"bus","n":5,"arr":["86","200","985","986","386"],"lines":"86, 200, 985, 986, 386"},"geometry":{"type":"LineString","coordinates":[[-79.171304,43.809326],[-79.171092,43.809002],[-79.170803,43.808363]]}},{"type":"Feature","properties":{"mode":"bus","n":5,"arr":["86","116","986","334","386"],"lines":"86, 116, 986, 334, 386"},"geometry":{"type":"LineString","coordinates":[[-79.186958,43.770631],[-79.186891,43.77048]]}},{"type":"Feature","properties":{"mode":"bus","n":5,"arr":["86","116","905","334","386"],"lines":"86, 116, 905, 334, 386"},"geometry":{"type":"LineString","coordinates":[[-79.211828,43.743806],[-79.211876,43.743844],[-79.213188,43.744303],[-79.213484,43.744369],[-79.213795,43.744389],[-79.213942,43.744375],[-79.215515,43.743995],[-79.216281,43.743837],[-79.21637,43.743757]]}},{"type":"Feature","properties":{"mode":"bus","n":5,"arr":["86","116","905","334","386"],"lines":"86, 116, 905, 334, 386"},"geometry":{"type":"LineString","coordinates":[[-79.236356,43.739279],[-79.236425,43.739419]]}},{"type":"Feature","properties":{"mode":"bus","n":5,"arr":["86","116","905","334","386"],"lines":"86, 116, 905, 334, 386"},"geometry":{"type":"LineString","coordinates":[[-79.237278,43.739241],[-79.237212,43.739088]]}},{"type":"Feature","properties":{"mode":"bus","n":5,"arr":["86","116","905","334","386"],"lines":"86, 116, 905, 334, 386"},"geometry":{"type":"LineString","coordinates":[[-79.237442,43.739036],[-79.23751,43.739179]]}},{"type":"Feature","properties":{"mode":"bus","n":5,"arr":["86","116","905","334","386"],"lines":"86, 116, 905, 334, 386"},"geometry":{"type":"LineString","coordinates":[[-79.23789,43.739093],[-79.237828,43.738946]]}},{"type":"Feature","properties":{"mode":"bus","n":7,"arr":["86","102","116","902","986","334","386"],"lines":"86, 102, 116, 902, 986, 334, 386"},"geometry":{"type":"LineString","coordinates":[[-79.218813,43.743146],[-79.218857,43.743246]]}},{"type":"Feature","properties":{"mode":"bus","n":7,"arr":["86","116","902","905","986","334","386"],"lines":"86, 116, 902, 905, 986, 334, 386"},"geometry":{"type":"LineString","coordinates":[[-79.218857,43.743246],[-79.218992,43.743219]]}},{"type":"Feature","properties":{"mode":"bus","n":5,"arr":["86","116","905","986","334"],"lines":"86, 116, 905, 986, 334"},"geometry":{"type":"LineString","coordinates":[[-79.238342,43.738815],[-79.238477,43.738982]]}},{"type":"Feature","properties":{"mode":"bus","n":5,"arr":["86","116","905","986","316"],"lines":"86, 116, 905, 986, 316"},"geometry":{"type":"LineString","coordinates":[[-79.246394,43.737135],[-79.246226,43.737177]]}},{"type":"Feature","properties":{"mode":"bus","n":6,"arr":["95","115","122","995","996","395"],"lines":"95, 115, 122, 995, 996, 395"},"geometry":{"type":"LineString","coordinates":[[-79.396429,43.745469],[-79.385653,43.747736]]}},{"type":"Feature","properties":{"mode":"bus","n":6,"arr":["95","115","122","995","996","395"],"lines":"95, 115, 122, 995, 996, 395"},"geometry":{"type":"LineString","coordinates":[[-79.359879,43.75292],[-79.360171,43.752887],[-79.360662,43.752872],[-79.361236,43.752888]]}},{"type":"Feature","properties":{"mode":"bus","n":6,"arr":["95","115","122","995","996","395"],"lines":"95, 115, 122, 995, 996, 395"},"geometry":{"type":"LineString","coordinates":[[-79.360085,43.753014],[-79.361236,43.752888],[-79.362611,43.752978],[-79.363262,43.752949],[-79.363839,43.752869],[-79.36981,43.751618]]}},{"type":"Feature","properties":{"mode":"bus","n":6,"arr":["95","115","122","995","996","395"],"lines":"95, 115, 122, 995, 996, 395"},"geometry":{"type":"LineString","coordinates":[[-79.370462,43.751545],[-79.369942,43.751653],[-79.369856,43.75163],[-79.369838,43.751623],[-79.369829,43.751614],[-79.369831,43.751603],[-79.369841,43.751591],[-79.369904,43.751536],[-79.37041,43.751421],[-79.37088,43.751334],[-79.371028,43.751359],[-79.371496,43.751271],[-79.38065,43.74937],[-79.382349,43.748992],[-79.382557,43.748913],[-79.382771,43.74879],[-79.383443,43.74834],[-79.383448,43.748292],[-79.383457,43.748269],[-79.38348,43.748251],[-79.383692,43.748146],[-79.384064,43.74803],[-79.385564,43.747715],[-79.385622,43.747729],[-79.385634,43.747733],[-79.38564,43.747739],[-79.38564,43.747746],[-79.385634,43.747755],[-79.38559,43.747799],[-79.384256,43.748119]]}},{"type":"Feature","properties":{"mode":"bus","n":5,"arr":["95","122","995","996","395"],"lines":"95, 122, 995, 996, 395"},"geometry":{"type":"LineString","coordinates":[[-79.352049,43.754704],[-79.352269,43.75459],[-79.359879,43.75292]]}},{"type":"Feature","properties":{"mode":"bus","n":5,"arr":["95","122","995","996","395"],"lines":"95, 122, 995, 996, 395"},"geometry":{"type":"LineString","coordinates":[[-79.327689,43.760696],[-79.325294,43.761248]]}},{"type":"Feature","properties":{"mode":"bus","n":5,"arr":["95","122","995","996","395"],"lines":"95, 122, 995, 996, 395"},"geometry":{"type":"LineString","coordinates":[[-79.357536,43.75356],[-79.359895,43.753036]]}},{"type":"Feature","properties":{"mode":"bus","n":5,"arr":["95","191","995","996","395"],"lines":"95, 191, 995, 996, 395"},"geometry":{"type":"LineString","coordinates":[[-79.341396,43.757014],[-79.339446,43.757479],[-79.337953,43.757764],[-79.335339,43.758328],[-79.334607,43.758576],[-79.332973,43.759386],[-79.332864,43.759463]]}},{"type":"Feature","properties":{"mode":"bus","n":5,"arr":["95","903","995","996","395"],"lines":"95, 903, 995, 996, 395"},"geometry":{"type":"LineString","coordinates":[[-79.26138,43.77001],[-79.261169,43.770059]]}},{"type":"Feature","properties":{"mode":"bus","n":5,"arr":["95","925","995","996","395"],"lines":"95, 925, 995, 996, 395"},"geometry":{"type":"LineString","coordinates":[[-79.347131,43.755853],[-79.346964,43.755888]]}},{"type":"Feature","properties":{"mode":"bus","n":5,"arr":["96","927","Y7","Y13","336"],"lines":"96, 927, 7, 13, 336"},"geometry":{"type":"LineString","coordinates":[[-79.604921,43.730056],[-79.604856,43.730145]]}},{"type":"Feature","properties":{"mode":"bus","n":7,"arr":["96","906","927","996","Y7","Y13","336"],"lines":"96, 906, 927, 996, 7, 13, 336"},"geometry":{"type":"LineString","coordinates":[[-79.604921,43.730056],[-79.604527,43.729951],[-79.604176,43.729913],[-79.603654,43.729934],[-79.603632,43.729937],[-79.603618,43.729944],[-79.603611,43.729956],[-79.603611,43.729972],[-79.603618,43.730007],[-79.603617,43.730028],[-79.603603,43.730043],[-79.603577,43.730053],[-79.601527,43.730478]]}},{"type":"Feature","properties":{"mode":"bus","n":5,"arr":["96","906","927","996","336"],"lines":"96, 906, 927, 996, 336"},"geometry":{"type":"LineString","coordinates":[[-79.601492,43.730396],[-79.603604,43.729936]]}},{"type":"Feature","properties":{"mode":"bus","n":5,"arr":["96","937","996","337","396"],"lines":"96, 937, 996, 337, 396"},"geometry":{"type":"LineString","coordinates":[[-79.558692,43.723161],[-79.558857,43.723121]]}},{"type":"Feature","properties":{"mode":"bus","n":5,"arr":["96","118","165","996","396"],"lines":"96, 118, 165, 996, 396"},"geometry":{"type":"LineString","coordinates":[[-79.539142,43.717647],[-79.5369,43.716867],[-79.536403,43.716719]]}},{"type":"Feature","properties":{"mode":"bus","n":5,"arr":["96","118","165","996","396"],"lines":"96, 118, 165, 996, 396"},"geometry":{"type":"LineString","coordinates":[[-79.527677,43.716688],[-79.527958,43.716568],[-79.53141,43.715779],[-79.532133,43.715705],[-79.532679,43.715699],[-79.533169,43.715776]]}},{"type":"Feature","properties":{"mode":"bus","n":5,"arr":["96","118","165","996","396"],"lines":"96, 118, 165, 996, 396"},"geometry":{"type":"LineString","coordinates":[[-79.518394,43.71876],[-79.52551,43.717151],[-79.527677,43.716688],[-79.528003,43.716659],[-79.531545,43.715884],[-79.531896,43.715831],[-79.533169,43.715776],[-79.533916,43.715904],[-79.534608,43.716097],[-79.535821,43.716537],[-79.536403,43.716719],[-79.536718,43.716889],[-79.537478,43.717187]]}},{"type":"Feature","properties":{"mode":"bus","n":6,"arr":["96","118","119","165","996","396"],"lines":"96, 118, 119, 165, 996, 396"},"geometry":{"type":"LineString","coordinates":[[-79.513687,43.719847],[-79.515424,43.719429],[-79.516974,43.719101],[-79.518394,43.71876]]}},{"type":"Feature","properties":{"mode":"bus","n":6,"arr":["96","118","119","165","996","396"],"lines":"96, 118, 119, 165, 996, 396"},"geometry":{"type":"LineString","coordinates":[[-79.508665,43.720884],[-79.50934,43.720763],[-79.513386,43.719885],[-79.513638,43.719853],[-79.513652,43.719852],[-79.51366,43.719851],[-79.513663,43.719852],[-79.513661,43.719853],[-79.513653,43.719856],[-79.513641,43.71986],[-79.513005,43.720037],[-79.509367,43.720823],[-79.508574,43.720963],[-79.507659,43.721065],[-79.507495,43.721066]]}},{"type":"Feature","properties":{"mode":"bus","n":6,"arr":["96","118","119","165","996","396"],"lines":"96, 118, 119, 165, 996, 396"},"geometry":{"type":"LineString","coordinates":[[-79.48211,43.726606],[-79.483578,43.726258],[-79.483675,43.726293],[-79.485472,43.725901],[-79.491876,43.72445],[-79.500351,43.722573],[-79.505166,43.72147],[-79.506524,43.721185],[-79.507495,43.721066],[-79.508004,43.720962],[-79.508558,43.720898]]}},{"type":"Feature","properties":{"mode":"bus","n":6,"arr":["96","118","119","165","996","396"],"lines":"96, 118, 119, 165, 996, 396"},"geometry":{"type":"LineString","coordinates":[[-79.481966,43.726766],[-79.481482,43.726925],[-79.481049,43.727114],[-79.480823,43.727143]]}},{"type":"Feature","properties":{"mode":"bus","n":5,"arr":["96","118","119","165","396"],"lines":"96, 118, 119, 165, 396"},"geometry":{"type":"LineString","coordinates":[[-79.494077,43.723859],[-79.494107,43.723967]]}},{"type":"Feature","properties":{"mode":"bus","n":8,"arr":["96","101","118","119","120","165","996","396"],"lines":"96, 101, 118, 119, 120, 165, 996, 396"},"geometry":{"type":"LineString","coordinates":[[-79.48211,43.726606],[-79.481459,43.726812],[-79.480959,43.727021],[-79.480823,43.727143],[-79.479928,43.727567],[-79.479527,43.72773],[-79.479062,43.727876],[-79.477613,43.728203],[-79.476261,43.728474],[-79.475044,43.728773],[-79.474771,43.728912],[-79.472617,43.729427],[-79.472173,43.729444],[-79.471502,43.729607],[-79.468097,43.730333]]}},{"type":"Feature","properties":{"mode":"bus","n":8,"arr":["96","101","118","119","120","165","996","396"],"lines":"96, 101, 118, 119, 120, 165, 996, 396"},"geometry":{"type":"LineString","coordinates":[[-79.467563,43.730453],[-79.467617,43.730554],[-79.467622,43.73057],[-79.467619,43.730582],[-79.467607,43.730592],[-79.467588,43.730599],[-79.467275,43.730674],[-79.467247,43.730676],[-79.467226,43.730669],[-79.467212,43.730651],[-79.467162,43.730544]]}},{"type":"Feature","properties":{"mode":"bus","n":7,"arr":["96","118","119","120","165","996","396"],"lines":"96, 118, 119, 120, 165, 996, 396"},"geometry":{"type":"LineString","coordinates":[[-79.475044,43.728773],[-79.474704,43.728784],[-79.472538,43.729298],[-79.472173,43.729444]]}},{"type":"Feature","properties":{"mode":"bus","n":9,"arr":["96","101","118","119","120","165","184","996","396"],"lines":"96, 101, 118, 119, 120, 165, 184, 996, 396"},"geometry":{"type":"LineString","coordinates":[[-79.468097,43.730333],[-79.467563,43.730453]]}},{"type":"Feature","properties":{"mode":"bus","n":9,"arr":["96","101","118","119","120","165","184","996","396"],"lines":"96, 101, 118, 119, 120, 165, 184, 996, 396"},"geometry":{"type":"LineString","coordinates":[[-79.467162,43.730544],[-79.461469,43.731823],[-79.460715,43.731962],[-79.459645,43.731987],[-79.458895,43.732116]]}},{"type":"Feature","properties":{"mode":"bus","n":8,"arr":["96","118","119","120","165","184","996","396"],"lines":"96, 118, 119, 120, 165, 184, 996, 396"},"geometry":{"type":"LineString","coordinates":[[-79.467563,43.730453],[-79.467162,43.730544]]}},{"type":"Feature","properties":{"mode":"bus","n":8,"arr":["96","118","119","120","165","184","996","396"],"lines":"96, 118, 119, 120, 165, 184, 996, 396"},"geometry":{"type":"LineString","coordinates":[[-79.45888,43.732049],[-79.459381,43.731993],[-79.459645,43.731987]]}},{"type":"Feature","properties":{"mode":"bus","n":8,"arr":["96","118","119","120","165","184","996","396"],"lines":"96, 118, 119, 120, 165, 184, 996, 396"},"geometry":{"type":"LineString","coordinates":[[-79.468097,43.730333],[-79.468151,43.73046]]}},{"type":"Feature","properties":{"mode":"bus","n":5,"arr":["96","160","165","996","396"],"lines":"96, 160, 165, 996, 396"},"geometry":{"type":"LineString","coordinates":[[-79.435311,43.737124],[-79.435209,43.737091],[-79.434177,43.737301],[-79.433953,43.73732]]}},{"type":"Feature","properties":{"mode":"bus","n":5,"arr":["96","160","165","996","396"],"lines":"96, 160, 165, 996, 396"},"geometry":{"type":"LineString","coordinates":[[-79.447245,43.734638],[-79.44673,43.734721],[-79.446427,43.734744],[-79.443959,43.735299],[-79.441954,43.7357],[-79.436983,43.736782],[-79.435311,43.737124],[-79.435241,43.73718],[-79.434968,43.737241],[-79.434092,43.737393]]}},{"type":"Feature","properties":{"mode":"bus","n":5,"arr":["96","165","400","996","396"],"lines":"96, 165, 400, 996, 396"},"geometry":{"type":"LineString","coordinates":[[-79.432482,43.737601],[-79.432475,43.737555],[-79.432476,43.737542],[-79.432486,43.737532],[-79.432505,43.737528],[-79.433006,43.737482],[-79.433347,43.737433],[-79.433458,43.737375],[-79.433953,43.73732]]}},{"type":"Feature","properties":{"mode":"bus","n":5,"arr":["96","97","165","996","396"],"lines":"96, 97, 165, 996, 396"},"geometry":{"type":"LineString","coordinates":[[-79.415242,43.741308],[-79.413652,43.741735],[-79.412441,43.742118],[-79.409435,43.743206],[-79.407456,43.743889]]}},{"type":"Feature","properties":{"mode":"bus","n":5,"arr":["96","97","165","996","396"],"lines":"96, 97, 165, 996, 396"},"geometry":{"type":"LineString","coordinates":[[-79.406777,43.744045],[-79.407292,43.743885],[-79.407406,43.743888],[-79.407423,43.743889],[-79.407433,43.743893],[-79.407437,43.743899],[-79.407435,43.743908],[-79.407427,43.743918],[-79.407365,43.743979],[-79.406802,43.744171]]}},{"type":"Feature","properties":{"mode":"bus","n":5,"arr":["96","927","996","Y13","336"],"lines":"96, 927, 996, 13, 336"},"geometry":{"type":"LineString","coordinates":[[-79.60138,43.730507],[-79.601527,43.730478]]}},{"type":"Feature","properties":{"mode":"bus","n":5,"arr":["97","GO19","GO67","320","384"],"lines":"97, 19, 67, 320, 384"},"geometry":{"type":"LineString","coordinates":[[-79.411459,43.763263],[-79.410992,43.76144]]}},{"type":"Feature","properties":{"mode":"bus","n":5,"arr":["97","GO19","GO67","GO94","320"],"lines":"97, 19, 67, 94, 320"},"geometry":{"type":"LineString","coordinates":[[-79.410992,43.76144],[-79.41084,43.760837],[-79.410726,43.760741],[-79.410658,43.760476],[-79.410719,43.760379],[-79.410554,43.759689],[-79.410454,43.759608]]}},{"type":"Feature","properties":{"mode":"bus","n":5,"arr":["97","GO19","GO67","GO94","320"],"lines":"97, 19, 67, 94, 320"},"geometry":{"type":"LineString","coordinates":[[-79.410232,43.758715],[-79.410273,43.75857],[-79.410085,43.757766],[-79.409859,43.756924],[-79.409658,43.756336]]}},{"type":"Feature","properties":{"mode":"bus","n":5,"arr":["97","GO19","GO67","GO94","320"],"lines":"97, 19, 67, 94, 320"},"geometry":{"type":"LineString","coordinates":[[-79.410482,43.760042],[-79.41041,43.759713],[-79.410454,43.759608],[-79.410232,43.758715],[-79.410111,43.758601],[-79.409738,43.757152]]}},{"type":"Feature","properties":{"mode":"bus","n":5,"arr":["102","Y18","Y304","GO70","GO71"],"lines":"102, 18, 304, 70, 71"},"geometry":{"type":"LineString","coordinates":[[-79.266057,43.900167],[-79.266087,43.900251]]}},{"type":"Feature","properties":{"mode":"bus","n":5,"arr":["102","Y301","Y403","GO70","GO71"],"lines":"102, 301, 403, 70, 71"},"geometry":{"type":"LineString","coordinates":[[-79.261577,43.881264],[-79.263938,43.891467]]}},{"type":"Feature","properties":{"mode":"bus","n":5,"arr":["102","Viva Purple","Viva Purple A","Y1","Y522"],"lines":"102, Viva Purple, Viva Purple A, 1, 522"},"geometry":{"type":"LineString","coordinates":[[-79.259786,43.874001],[-79.259752,43.873862]]}},{"type":"Feature","properties":{"mode":"bus","n":5,"arr":["104","105","939","Y105","329"],"lines":"104, 105, 939, 105, 329"},"geometry":{"type":"LineString","coordinates":[[-79.466976,43.768878],[-79.467006,43.768979]]}},{"type":"Feature","properties":{"mode":"bus","n":5,"arr":["111","112","123","900","927"],"lines":"111, 112, 123, 900, 927"},"geometry":{"type":"LineString","coordinates":[[-79.538045,43.638554],[-79.538273,43.638289],[-79.538254,43.638211],[-79.538606,43.637786],[-79.53874,43.637733],[-79.538777,43.637692],[-79.539328,43.637062],[-79.539314,43.636973],[-79.539508,43.636744],[-79.53966,43.636577],[-79.539786,43.636543],[-79.540326,43.63593],[-79.540361,43.635805],[-79.541252,43.634843],[-79.542919,43.633251],[-79.543602,43.632694],[-79.544116,43.632447],[-79.544184,43.632327],[-79.544626,43.632082]]}},{"type":"Feature","properties":{"mode":"bus","n":7,"arr":["114","202","GO35","GO61","GO65","GO71","320"],"lines":"114, 202, 35, 61, 65, 71, 320"},"geometry":{"type":"LineString","coordinates":[[-79.377929,43.643184],[-79.377981,43.643297]]}},{"type":"Feature","properties":{"mode":"bus","n":5,"arr":["114","202","GO61","GO71","320"],"lines":"114, 202, 61, 71, 320"},"geometry":{"type":"LineString","coordinates":[[-79.377462,43.64211],[-79.377687,43.642631]]}},{"type":"Feature","properties":{"mode":"bus","n":5,"arr":["115","122","995","996","395"],"lines":"115, 122, 995, 996, 395"},"geometry":{"type":"LineString","coordinates":[[-79.371028,43.751359],[-79.370914,43.75144],[-79.370462,43.751545]]}},{"type":"Feature","properties":{"mode":"bus","n":5,"arr":["119","165","989","336","384"],"lines":"119, 165, 989, 336, 384"},"geometry":{"type":"LineString","coordinates":[[-79.542436,43.75195],[-79.542448,43.752012]]}},{"type":"Feature","properties":{"mode":"bus","n":5,"arr":["119","165","989","336","384"],"lines":"119, 165, 989, 336, 384"},"geometry":{"type":"LineString","coordinates":[[-79.542319,43.75215],[-79.542274,43.751969]]}},{"type":"Feature","properties":{"mode":"bus","n":5,"arr":["119","165","166","989","384"],"lines":"119, 165, 166, 989, 384"},"geometry":{"type":"LineString","coordinates":[[-79.542543,43.752816],[-79.542684,43.75333]]}},{"type":"Feature","properties":{"mode":"bus","n":7,"arr":["129","Y40","Y301","Y403","Y404","Y405","Y522"],"lines":"129, 40, 301, 403, 404, 405, 522"},"geometry":{"type":"LineString","coordinates":[[-79.286195,43.873667],[-79.286539,43.87515],[-79.286496,43.875239],[-79.2868,43.876551],[-79.286904,43.876649],[-79.286996,43.877083]]}},{"type":"Feature","properties":{"mode":"bus","n":7,"arr":["129","Y40","Y301","Y403","Y404","Y405","Y522"],"lines":"129, 40, 301, 403, 404, 405, 522"},"geometry":{"type":"LineString","coordinates":[[-79.285788,43.872732],[-79.285983,43.873582]]}},{"type":"Feature","properties":{"mode":"bus","n":6,"arr":["129","Y40","Y301","Y403","Y404","Y405"],"lines":"129, 40, 301, 403, 404, 405"},"geometry":{"type":"LineString","coordinates":[[-79.284617,43.8672],[-79.284689,43.867531],[-79.284645,43.867726],[-79.285075,43.869353],[-79.285026,43.869445],[-79.285227,43.870329],[-79.285314,43.870399],[-79.285651,43.871741],[-79.28558,43.871824],[-79.285788,43.872732]]}},{"type":"Feature","properties":{"mode":"bus","n":5,"arr":["129","Y40","Y301","Y403","Y404"],"lines":"129, 40, 301, 403, 404"},"geometry":{"type":"LineString","coordinates":[[-79.284589,43.867098],[-79.284617,43.8672]]}},{"type":"Feature","properties":{"mode":"bus","n":5,"arr":["129","130","169","939","316"],"lines":"129, 130, 169, 939, 316"},"geometry":{"type":"LineString","coordinates":[[-79.25982,43.792055],[-79.260154,43.792926],[-79.261485,43.796137]]}},{"type":"Feature","properties":{"mode":"bus","n":5,"arr":["129","130","131","169","316"],"lines":"129, 130, 131, 169, 316"},"geometry":{"type":"LineString","coordinates":[[-79.257272,43.787194],[-79.257249,43.787137],[-79.257139,43.787082]]}},{"type":"Feature","properties":{"mode":"bus","n":8,"arr":["129","130","131","132","169","939","GO94","316"],"lines":"129, 130, 131, 132, 169, 939, 94, 316"},"geometry":{"type":"LineString","coordinates":[[-79.253794,43.778275],[-79.254248,43.779569],[-79.25452,43.780036],[-79.25478,43.780556],[-79.255155,43.781449],[-79.255586,43.78285]]}},{"type":"Feature","properties":{"mode":"bus","n":7,"arr":["129","130","131","132","169","939","316"],"lines":"129, 130, 131, 132, 169, 939, 316"},"geometry":{"type":"LineString","coordinates":[[-79.252683,43.775413],[-79.253794,43.778275]]}},{"type":"Feature","properties":{"mode":"bus","n":7,"arr":["129","130","131","132","134","169","939"],"lines":"129, 130, 131, 132, 134, 169, 939"},"geometry":{"type":"LineString","coordinates":[[-79.253862,43.779004],[-79.252634,43.775853],[-79.252499,43.77545]]}},{"type":"Feature","properties":{"mode":"bus","n":6,"arr":["129","130","131","132","169","939"],"lines":"129, 130, 131, 132, 169, 939"},"geometry":{"type":"LineString","coordinates":[[-79.2554,43.78281],[-79.255053,43.781745],[-79.254632,43.780698],[-79.254102,43.779612],[-79.253862,43.779004]]}},{"type":"Feature","properties":{"mode":"bus","n":6,"arr":["129","130","131","132","169","939"],"lines":"129, 130, 131, 132, 169, 939"},"geometry":{"type":"LineString","coordinates":[[-79.256375,43.785402],[-79.256116,43.784793],[-79.255428,43.782893]]}},{"type":"Feature","properties":{"mode":"bus","n":7,"arr":["129","130","131","132","169","939","GO94"],"lines":"129, 130, 131, 132, 169, 939, 94"},"geometry":{"type":"LineString","coordinates":[[-79.255428,43.782893],[-79.2554,43.78281]]}},{"type":"Feature","properties":{"mode":"bus","n":5,"arr":["129","Y301","Y403","Y410","Y522"],"lines":"129, 301, 403, 410, 522"},"geometry":{"type":"LineString","coordinates":[[-79.286996,43.877083],[-79.286833,43.877102]]}},{"type":"Feature","properties":{"mode":"bus","n":6,"arr":["160","Y3","Y23","Y77","Y88","Y470"],"lines":"160, 3, 23, 77, 88, 470"},"geometry":{"type":"LineString","coordinates":[[-79.453322,43.809195],[-79.453793,43.809086],[-79.453885,43.809042],[-79.454045,43.808903],[-79.454061,43.808893],[-79.454075,43.80889],[-79.454089,43.808894],[-79.454102,43.808906],[-79.454283,43.809128]]}},{"type":"Feature","properties":{"mode":"bus","n":6,"arr":["160","Y3","Y23","Y77","Y88","Y470"],"lines":"160, 3, 23, 77, 88, 470"},"geometry":{"type":"LineString","coordinates":[[-79.454521,43.809704],[-79.453964,43.809791],[-79.453872,43.809765],[-79.453794,43.809644]]}},{"type":"Feature","properties":{"mode":"bus","n":5,"arr":["160","Y3","Y23","Y77","Y88"],"lines":"160, 3, 23, 77, 88"},"geometry":{"type":"LineString","coordinates":[[-79.454283,43.809128],[-79.454009,43.809209],[-79.453884,43.809276],[-79.453767,43.809454],[-79.453759,43.809561],[-79.453794,43.809644]]}},{"type":"Feature","properties":{"mode":"bus","n":5,"arr":["160","Y23","Y77","Y88","Y470"],"lines":"160, 23, 77, 88, 470"},"geometry":{"type":"LineString","coordinates":[[-79.454283,43.809128],[-79.454521,43.809704]]}},{"type":"Feature","properties":{"mode":"bus","n":5,"arr":["900","952","GO94","300","352"],"lines":"900, 952, 94, 300, 352"},"geometry":{"type":"LineString","coordinates":[[-79.607867,43.683685],[-79.60582,43.683639],[-79.605287,43.683703],[-79.605258,43.683703],[-79.605238,43.683693],[-79.605225,43.683674],[-79.605185,43.68357],[-79.605121,43.683513],[-79.60503,43.683479],[-79.604879,43.683479],[-79.604739,43.683533],[-79.604463,43.683731],[-79.604324,43.683803],[-79.603694,43.684072],[-79.602484,43.684707],[-79.602118,43.684987],[-79.602007,43.685186],[-79.602028,43.685399],[-79.602096,43.685524],[-79.602309,43.685719],[-79.602467,43.685802],[-79.60266,43.685864],[-79.602843,43.68589],[-79.603045,43.685896],[-79.603913,43.685827],[-79.604882,43.685688],[-79.605378,43.685592],[-79.606367,43.685459]]}},{"type":"Feature","properties":{"mode":"bus","n":6,"arr":["900","952","GO35","GO94","300","352"],"lines":"900, 952, 35, 94, 300, 352"},"geometry":{"type":"LineString","coordinates":[[-79.606367,43.685459],[-79.607438,43.685407],[-79.608039,43.68542],[-79.608657,43.685467],[-79.611004,43.68575],[-79.611556,43.685862],[-79.612451,43.686094]]}},{"type":"Feature","properties":{"mode":"bus","n":5,"arr":["904","985","Y24","Y90","385"],"lines":"904, 985, 24, 90, 385"},"geometry":{"type":"LineString","coordinates":[[-79.341192,43.776274],[-79.341148,43.776138]]}},{"type":"Feature","properties":{"mode":"bus","n":18,"arr":["Viva Blue","Viva Blue B","Y2","Y5","Y23","Y77","Y88","Y91","Y98/99","Y99","Y300","Y301","Y302","Y303","Y304","Y360","Y391","GO32"],"lines":"Viva Blue, Viva Blue B, 2, 5, 23, 77, 88, 91, 98/99, 99, 300, 301, 302, 303, 304, 360, 391, 32"},"geometry":{"type":"LineString","coordinates":[[-79.415552,43.782297],[-79.415595,43.782332]]}},{"type":"Feature","properties":{"mode":"bus","n":17,"arr":["Y2","Y5","Y23","Y77","Y88","Y91","Y98/99","Y99","Y300","Y301","Y302","Y303","Y304","Y305","Y360","Y391","GO32"],"lines":"2, 5, 23, 77, 88, 91, 98/99, 99, 300, 301, 302, 303, 304, 305, 360, 391, 32"},"geometry":{"type":"LineString","coordinates":[[-79.415391,43.782228],[-79.415425,43.782234]]}},{"type":"Feature","properties":{"mode":"bus","n":18,"arr":["Viva Blue","Viva Blue B","Y2","Y5","Y23","Y77","Y88","Y91","Y98/99","Y99","Y300","Y301","Y302","Y303","Y304","Y305","Y360","GO32"],"lines":"Viva Blue, Viva Blue B, 2, 5, 23, 77, 88, 91, 98/99, 99, 300, 301, 302, 303, 304, 305, 360, 32"},"geometry":{"type":"LineString","coordinates":[[-79.415309,43.782225],[-79.41535,43.782226]]}},{"type":"Feature","properties":{"mode":"bus","n":18,"arr":["Viva Blue","Viva Blue B","Y2","Y5","Y23","Y77","Y88","Y91","Y98/99","Y99","Y300","Y301","Y302","Y303","Y304","Y305","Y360","GO32"],"lines":"Viva Blue, Viva Blue B, 2, 5, 23, 77, 88, 91, 98/99, 99, 300, 301, 302, 303, 304, 305, 360, 32"},"geometry":{"type":"LineString","coordinates":[[-79.415167,43.78224],[-79.415271,43.782227]]}},{"type":"Feature","properties":{"mode":"bus","n":18,"arr":["Viva Blue","Viva Blue B","Y2","Y5","Y23","Y77","Y88","Y91","Y98/99","Y99","Y300","Y301","Y302","Y303","Y304","Y305","Y360","GO32"],"lines":"Viva Blue, Viva Blue B, 2, 5, 23, 77, 88, 91, 98/99, 99, 300, 301, 302, 303, 304, 305, 360, 32"},"geometry":{"type":"LineString","coordinates":[[-79.415919,43.782665],[-79.415598,43.782716],[-79.415368,43.78263],[-79.415261,43.782614],[-79.41464,43.782667],[-79.414606,43.782665],[-79.414576,43.782653],[-79.414525,43.782622],[-79.414468,43.782492]]}},{"type":"Feature","properties":{"mode":"bus","n":17,"arr":["Viva Blue","Viva Blue B","Y2","Y5","Y23","Y88","Y91","Y98/99","Y99","Y300","Y301","Y302","Y303","Y304","Y305","Y360","GO32"],"lines":"Viva Blue, Viva Blue B, 2, 5, 23, 88, 91, 98/99, 99, 300, 301, 302, 303, 304, 305, 360, 32"},"geometry":{"type":"LineString","coordinates":[[-79.415271,43.782227],[-79.415309,43.782225]]}},{"type":"Feature","properties":{"mode":"bus","n":19,"arr":["Viva Blue","Viva Blue B","Y2","Y5","Y23","Y77","Y88","Y98/99","Y99","Y300","Y301","Y302","Y303","Y304","Y305","Y360","GO19","GO32","GO67"],"lines":"Viva Blue, Viva Blue B, 2, 5, 23, 77, 88, 98/99, 99, 300, 301, 302, 303, 304, 305, 360, 19, 32, 67"},"geometry":{"type":"LineString","coordinates":[[-79.415099,43.782254],[-79.415167,43.78224]]}},{"type":"Feature","properties":{"mode":"bus","n":20,"arr":["Viva Blue","Viva Blue B","Y2","Y5","Y23","Y77","Y88","Y91","Y98/99","Y99","Y300","Y301","Y302","Y303","Y304","Y305","Y360","GO19","GO32","GO67"],"lines":"Viva Blue, Viva Blue B, 2, 5, 23, 77, 88, 91, 98/99, 99, 300, 301, 302, 303, 304, 305, 360, 19, 32, 67"},"geometry":{"type":"LineString","coordinates":[[-79.414425,43.782386],[-79.415099,43.782254]]}},{"type":"Feature","properties":{"mode":"bus","n":16,"arr":["Viva Blue","Viva Blue B","Y2","Y5","Y77","Y88","Y91","Y98/99","Y99","Y300","Y301","Y302","Y303","Y304","Y305","GO32"],"lines":"Viva Blue, Viva Blue B, 2, 5, 77, 88, 91, 98/99, 99, 300, 301, 302, 303, 304, 305, 32"},"geometry":{"type":"LineString","coordinates":[[-79.414468,43.782492],[-79.414425,43.782386]]}},{"type":"Feature","properties":{"mode":"bus","n":16,"arr":["Viva Blue","Viva Blue B","Y2","Y5","Y77","Y98/99","Y99","Y300","Y301","Y302","Y303","Y304","Y305","Y360","Y391","GO32"],"lines":"Viva Blue, Viva Blue B, 2, 5, 77, 98/99, 99, 300, 301, 302, 303, 304, 305, 360, 391, 32"},"geometry":{"type":"LineString","coordinates":[[-79.420964,43.801393],[-79.420181,43.798562],[-79.420229,43.798423],[-79.420143,43.798071]]}},{"type":"Feature","properties":{"mode":"bus","n":15,"arr":["Viva Blue","Viva Blue B","Y5","Y77","Y98/99","Y99","Y300","Y301","Y302","Y303","Y304","Y305","Y360","Y391","GO32"],"lines":"Viva Blue, Viva Blue B, 5, 77, 98/99, 99, 300, 301, 302, 303, 304, 305, 360, 391, 32"},"geometry":{"type":"LineString","coordinates":[[-79.422049,43.805358],[-79.421953,43.804982],[-79.421845,43.804914],[-79.421201,43.802305],[-79.42127,43.802209],[-79.421148,43.801698],[-79.421086,43.801485],[-79.420964,43.801393]]}},{"type":"Feature","properties":{"mode":"bus","n":15,"arr":["Viva Blue","Viva Blue B","Y5","Y77","Y98/99","Y99","Y300","Y301","Y302","Y303","Y304","Y305","Y360","Y391","GO32"],"lines":"Viva Blue, Viva Blue B, 5, 77, 98/99, 99, 300, 301, 302, 303, 304, 305, 360, 391, 32"},"geometry":{"type":"LineString","coordinates":[[-79.422299,43.807156],[-79.422204,43.806758],[-79.42228,43.806677],[-79.422088,43.805883]]}},{"type":"Feature","properties":{"mode":"bus","n":14,"arr":["Viva Blue","Viva Blue B","Y5","Y77","Y98/99","Y99","Y300","Y301","Y302","Y303","Y304","Y305","Y360","Y391"],"lines":"Viva Blue, Viva Blue B, 5, 77, 98/99, 99, 300, 301, 302, 303, 304, 305, 360, 391"},"geometry":{"type":"LineString","coordinates":[[-79.422088,43.805883],[-79.422153,43.805789],[-79.422049,43.805358]]}},{"type":"Feature","properties":{"mode":"bus","n":13,"arr":["Viva Blue","Viva Blue B","Y98/99","Y99","Y300","Y301","Y302","Y303","Y304","Y305","Y360","Y391","GO32"],"lines":"Viva Blue, Viva Blue B, 98/99, 99, 300, 301, 302, 303, 304, 305, 360, 391, 32"},"geometry":{"type":"LineString","coordinates":[[-79.424404,43.816341],[-79.424335,43.816037],[-79.424385,43.815855],[-79.424116,43.814694],[-79.424173,43.814615],[-79.42404,43.813997],[-79.424028,43.813974],[-79.424005,43.813956],[-79.42398,43.813943],[-79.423957,43.813925],[-79.423946,43.813902],[-79.423528,43.811948],[-79.423574,43.81188],[-79.42346,43.811323],[-79.423396,43.811054],[-79.423386,43.811034],[-79.423364,43.811019],[-79.42334,43.811008],[-79.423318,43.810993],[-79.423307,43.810973],[-79.422518,43.807694],[-79.422385,43.807581],[-79.422299,43.807156]]}},{"type":"Feature","properties":{"mode":"bus","n":13,"arr":["Viva Blue","Viva Blue B","Y98/99","Y99","Y300","Y301","Y302","Y303","Y304","Y305","Y360","Y391","GO32"],"lines":"Viva Blue, Viva Blue B, 98/99, 99, 300, 301, 302, 303, 304, 305, 360, 391, 32"},"geometry":{"type":"LineString","coordinates":[[-79.428074,43.831724],[-79.427126,43.827606],[-79.427141,43.827517],[-79.427037,43.827044],[-79.426973,43.826812],[-79.426925,43.826748],[-79.426333,43.824379],[-79.426095,43.823307],[-79.426138,43.823199],[-79.426051,43.822789]]}},{"type":"Feature","properties":{"mode":"bus","n":14,"arr":["Viva Blue","Viva Blue B","Y3","Y98/99","Y99","Y300","Y301","Y302","Y303","Y304","Y305","Y360","Y391","GO32"],"lines":"Viva Blue, Viva Blue B, 3, 98/99, 99, 300, 301, 302, 303, 304, 305, 360, 391, 32"},"geometry":{"type":"LineString","coordinates":[[-79.426051,43.822789],[-79.42597,43.82241],[-79.425871,43.822349],[-79.425115,43.818962],[-79.424587,43.816812],[-79.424496,43.816715],[-79.424404,43.816341]]}},{"type":"Feature","properties":{"mode":"bus","n":12,"arr":["Viva Blue","Viva Blue B","Y98/99","Y99","Y300","Y301","Y302","Y303","Y304","Y305","Y360","GO32"],"lines":"Viva Blue, Viva Blue B, 98/99, 99, 300, 301, 302, 303, 304, 305, 360, 32"},"geometry":{"type":"LineString","coordinates":[[-79.428074,43.831724],[-79.428042,43.831874],[-79.428172,43.832619]]}},{"type":"Feature","properties":{"mode":"bus","n":10,"arr":["Viva Blue","Viva Blue B","Y98/99","Y99","Y300","Y302","Y304","Y305","Y360","GO32"],"lines":"Viva Blue, Viva Blue B, 98/99, 99, 300, 302, 304, 305, 360, 32"},"geometry":{"type":"LineString","coordinates":[[-79.42862,43.83462],[-79.428172,43.832619]]}},{"type":"Feature","properties":{"mode":"bus","n":9,"arr":["Viva Blue","Viva Blue B","Y98/99","Y99","Y300","Y302","Y304","Y305","Y360"],"lines":"Viva Blue, Viva Blue B, 98/99, 99, 300, 302, 304, 305, 360"},"geometry":{"type":"LineString","coordinates":[[-79.429017,43.836454],[-79.42862,43.83462]]}},{"type":"Feature","properties":{"mode":"bus","n":7,"arr":["Viva Blue","Viva Blue B","Y98/99","Y99","Y301","Y303","Y360"],"lines":"Viva Blue, Viva Blue B, 98/99, 99, 301, 303, 360"},"geometry":{"type":"LineString","coordinates":[[-79.429017,43.836454],[-79.429231,43.83641]]}},{"type":"Feature","properties":{"mode":"bus","n":6,"arr":["Viva Blue","Viva Blue B","Y98/99","Y99","Y360","Y391"],"lines":"Viva Blue, Viva Blue B, 98/99, 99, 360, 391"},"geometry":{"type":"LineString","coordinates":[[-79.429231,43.83641],[-79.429802,43.839245]]}},{"type":"Feature","properties":{"mode":"bus","n":5,"arr":["Viva Blue","Viva Blue B","Y98/99","Y99","Y360"],"lines":"Viva Blue, Viva Blue B, 98/99, 99, 360"},"geometry":{"type":"LineString","coordinates":[[-79.429549,43.839282],[-79.429524,43.839192],[-79.429523,43.839177],[-79.429529,43.839165],[-79.429542,43.839157],[-79.429564,43.839154],[-79.429787,43.839138]]}},{"type":"Feature","properties":{"mode":"bus","n":10,"arr":["Viva Blue","Viva Blue B","Y1","Y83","Y87","Y98/99","Y99","Y360","Y443","Y444"],"lines":"Viva Blue, Viva Blue B, 1, 83, 87, 98/99, 99, 360, 443, 444"},"geometry":{"type":"LineString","coordinates":[[-79.429802,43.839245],[-79.429549,43.839282]]}},{"type":"Feature","properties":{"mode":"bus","n":11,"arr":["Viva Blue","Viva Blue B","Y1","Y83","Y87","Y98/99","Y99","Y360","Y443","Y444","GO61"],"lines":"Viva Blue, Viva Blue B, 1, 83, 87, 98/99, 99, 360, 443, 444, 61"},"geometry":{"type":"LineString","coordinates":[[-79.429549,43.839282],[-79.428574,43.839388],[-79.428364,43.839357],[-79.427851,43.839414],[-79.427451,43.839428],[-79.427045,43.839394],[-79.426859,43.8394],[-79.426563,43.839318]]}},{"type":"Feature","properties":{"mode":"bus","n":14,"arr":["Viva Blue","Viva Blue B","Viva Purple","Viva Purple A","Y1","Y83","Y87","Y91B","Y98/99","Y99","Y360","Y443","Y444","GO61"],"lines":"Viva Blue, Viva Blue B, Viva Purple, Viva Purple A, 1, 83, 87, 91B, 98/99, 99, 360, 443, 444, 61"},"geometry":{"type":"LineString","coordinates":[[-79.426563,43.839318],[-79.42642,43.839253]]}},{"type":"Feature","properties":{"mode":"bus","n":7,"arr":["Viva Blue","Viva Blue B","Y1","Y98/99","Y99","Y360","Y444"],"lines":"Viva Blue, Viva Blue B, 1, 98/99, 99, 360, 444"},"geometry":{"type":"LineString","coordinates":[[-79.426563,43.839318],[-79.426091,43.839821]]}},{"type":"Feature","properties":{"mode":"bus","n":16,"arr":["Viva Blue","Viva Blue B","Viva Orange","Viva Purple","Viva Purple A","Y1","Y83","Y86","Y87","Y91B","Y98/99","Y99","Y360","Y408","Y443","Y444"],"lines":"Viva Blue, Viva Blue B, Viva Orange, Viva Purple, Viva Purple A, 1, 83, 86, 87, 91B, 98/99, 99, 360, 408, 443, 444"},"geometry":{"type":"LineString","coordinates":[[-79.42642,43.839253],[-79.426087,43.839658],[-79.426062,43.839736],[-79.426091,43.839821],[-79.426005,43.84024],[-79.425989,43.840272],[-79.425955,43.840294],[-79.425761,43.840375],[-79.42569,43.840379],[-79.425597,43.840349],[-79.425155,43.839821]]}},{"type":"Feature","properties":{"mode":"bus","n":15,"arr":["Viva Blue","Viva Blue B","Viva Orange","Viva Purple","Viva Purple A","Y1","Y83","Y86","Y87","Y91B","Y98/99","Y99","Y360","Y443","Y444"],"lines":"Viva Blue, Viva Blue B, Viva Orange, Viva Purple, Viva Purple A, 1, 83, 86, 87, 91B, 98/99, 99, 360, 443, 444"},"geometry":{"type":"LineString","coordinates":[[-79.425155,43.839821],[-79.425032,43.839664],[-79.425028,43.839598],[-79.425036,43.839566],[-79.425064,43.839541],[-79.425106,43.839516],[-79.425147,43.8395],[-79.425193,43.839498],[-79.425247,43.839505],[-79.42529,43.839516],[-79.425322,43.839541],[-79.425738,43.840039],[-79.425998,43.840276]]}},{"type":"Feature","properties":{"mode":"bus","n":6,"arr":["Viva Blue","Viva Blue B","Y1","Y98/99","Y99","Y391"],"lines":"Viva Blue, Viva Blue B, 1, 98/99, 99, 391"},"geometry":{"type":"LineString","coordinates":[[-79.429802,43.839245],[-79.429741,43.839472],[-79.430195,43.841469]]}},{"type":"Feature","properties":{"mode":"bus","n":5,"arr":["Viva Blue","Viva Blue B","Y98/99","Y99","GO61"],"lines":"Viva Blue, Viva Blue B, 98/99, 99, 61"},"geometry":{"type":"LineString","coordinates":[[-79.430195,43.841469],[-79.430893,43.844082],[-79.431116,43.845046],[-79.431177,43.845373],[-79.431169,43.845466],[-79.431627,43.847436],[-79.431691,43.847503],[-79.432698,43.851675],[-79.432726,43.851896],[-79.433035,43.853086]]}},{"type":"Feature","properties":{"mode":"bus","n":5,"arr":["Viva Blue","Viva Blue B","Y98/99","Y99","GO61"],"lines":"Viva Blue, Viva Blue B, 98/99, 99, 61"},"geometry":{"type":"LineString","coordinates":[[-79.434696,43.860278],[-79.434943,43.861344],[-79.434996,43.861405],[-79.435533,43.863799],[-79.435663,43.864208],[-79.436236,43.866625]]}},{"type":"Feature","properties":{"mode":"bus","n":6,"arr":["Viva Blue","Viva Blue B","Y86","Y98/99","Y99","GO61"],"lines":"Viva Blue, Viva Blue B, 86, 98/99, 99, 61"},"geometry":{"type":"LineString","coordinates":[[-79.433035,43.853086],[-79.433259,43.854024]]}},{"type":"Feature","properties":{"mode":"bus","n":6,"arr":["Viva Blue","Viva Blue B","Y86","Y98/99","Y99","GO61"],"lines":"Viva Blue, Viva Blue B, 86, 98/99, 99, 61"},"geometry":{"type":"LineString","coordinates":[[-79.433644,43.855562],[-79.434696,43.860278]]}},{"type":"Feature","properties":{"mode":"bus","n":5,"arr":["Viva Blue","Viva Blue B","Y86","Y98/99","Y99"],"lines":"Viva Blue, Viva Blue B, 86, 98/99, 99"},"geometry":{"type":"LineString","coordinates":[[-79.433259,43.854024],[-79.433301,43.854072],[-79.433644,43.855562]]}},{"type":"Feature","properties":{"mode":"bus","n":5,"arr":["Viva Blue","Viva Blue B","Y25","Y98/99","Y99"],"lines":"Viva Blue, Viva Blue B, 25, 98/99, 99"},"geometry":{"type":"LineString","coordinates":[[-79.436236,43.866625],[-79.436182,43.866635]]}},{"type":"Feature","properties":{"mode":"bus","n":6,"arr":["Viva Blue","Viva Blue B","Y25","Y98/99","Y99","GO61"],"lines":"Viva Blue, Viva Blue B, 25, 98/99, 99, 61"},"geometry":{"type":"LineString","coordinates":[[-79.436182,43.866635],[-79.436869,43.869354]]}},{"type":"Feature","properties":{"mode":"bus","n":5,"arr":["Viva Blue","Viva Blue B","Y4","Y25","Y98/99"],"lines":"Viva Blue, Viva Blue B, 4, 25, 98/99"},"geometry":{"type":"LineString","coordinates":[[-79.437304,43.871271],[-79.437171,43.871302]]}},{"type":"Feature","properties":{"mode":"bus","n":5,"arr":["Viva Blue","Viva Blue B","Y83A","Y98/99","Y99"],"lines":"Viva Blue, Viva Blue B, 83A, 98/99, 99"},"geometry":{"type":"LineString","coordinates":[[-79.43879,43.877986],[-79.439134,43.879492],[-79.439091,43.879565],[-79.439221,43.880124]]}},{"type":"Feature","properties":{"mode":"bus","n":7,"arr":["Viva Blue","Viva Blue B","Y86","Y98/99","Y99","Y445","Y448"],"lines":"Viva Blue, Viva Blue B, 86, 98/99, 99, 445, 448"},"geometry":{"type":"LineString","coordinates":[[-79.441546,43.889668],[-79.441702,43.890379],[-79.441783,43.890969],[-79.442208,43.892856]]}},{"type":"Feature","properties":{"mode":"bus","n":6,"arr":["Viva Blue","Viva Blue B","Y98/99","Y99","Y445","Y448"],"lines":"Viva Blue, Viva Blue B, 98/99, 99, 445, 448"},"geometry":{"type":"LineString","coordinates":[[-79.441518,43.889539],[-79.441546,43.889668]]}},{"type":"Feature","properties":{"mode":"bus","n":7,"arr":["Viva Blue","Viva Blue B","Y81","Y86","Y98/99","Y99","Y448"],"lines":"Viva Blue, Viva Blue B, 81, 86, 98/99, 99, 448"},"geometry":{"type":"LineString","coordinates":[[-79.44262,43.894649],[-79.442687,43.894907]]}},{"type":"Feature","properties":{"mode":"bus","n":8,"arr":["Viva Blue","Viva Blue B","Y81","Y86","Y98/99","Y99","Y445","Y448"],"lines":"Viva Blue, Viva Blue B, 81, 86, 98/99, 99, 445, 448"},"geometry":{"type":"LineString","coordinates":[[-79.442208,43.892856],[-79.44262,43.894649]]}},{"type":"Feature","properties":{"mode":"bus","n":5,"arr":["Viva Blue","Y81","Y83","Y98/99","Y443"],"lines":"Viva Blue, 81, 83, 98/99, 443"},"geometry":{"type":"LineString","coordinates":[[-79.442687,43.894907],[-79.442953,43.896066],[-79.443,43.896101],[-79.443632,43.89863],[-79.443633,43.898639],[-79.443629,43.898645],[-79.443622,43.89865],[-79.443611,43.898652],[-79.443563,43.898658]]}},{"type":"Feature","properties":{"mode":"bus","n":5,"arr":["Viva Blue","Y81","Y98/99","Y442","Y447"],"lines":"Viva Blue, 81, 98/99, 442, 447"},"geometry":{"type":"LineString","coordinates":[[-79.445799,43.907816],[-79.445826,43.907938]]}},{"type":"Feature","properties":{"mode":"bus","n":6,"arr":["Viva Blue","Y81","Y98/99","Y442","Y447","Y450"],"lines":"Viva Blue, 81, 98/99, 442, 447, 450"},"geometry":{"type":"LineString","coordinates":[[-79.445826,43.907938],[-79.446039,43.908977],[-79.446361,43.910264]]}},{"type":"Feature","properties":{"mode":"bus","n":7,"arr":["Viva Blue","Y81","Y98","Y98/99","Y442","Y447","Y450"],"lines":"Viva Blue, 81, 98, 98/99, 442, 447, 450"},"geometry":{"type":"LineString","coordinates":[[-79.447278,43.914006],[-79.447164,43.913363],[-79.447046,43.913268],[-79.446652,43.911524],[-79.446387,43.910528],[-79.446361,43.910264]]}},{"type":"Feature","properties":{"mode":"bus","n":5,"arr":["Viva Blue","Y81","Y98","Y98/99","Y447"],"lines":"Viva Blue, 81, 98, 98/99, 447"},"geometry":{"type":"LineString","coordinates":[[-79.447297,43.914086],[-79.447278,43.914006]]}},{"type":"Feature","properties":{"mode":"bus","n":6,"arr":["Viva Blue","Y91B","Y98","Y98/99","Y429","Y433"],"lines":"Viva Blue, 91B, 98, 98/99, 429, 433"},"geometry":{"type":"LineString","coordinates":[[-79.454429,43.943465],[-79.453694,43.940365]]}},{"type":"Feature","properties":{"mode":"bus","n":5,"arr":["Viva Blue","Y91B","Y98","Y98/99","Y433"],"lines":"Viva Blue, 91B, 98, 98/99, 433"},"geometry":{"type":"LineString","coordinates":[[-79.45463,43.944604],[-79.45455,43.944242],[-79.454552,43.944219],[-79.454567,43.9442],[-79.454586,43.944184],[-79.454601,43.944165],[-79.454602,43.944142],[-79.454429,43.943465]]}},{"type":"Feature","properties":{"mode":"bus","n":7,"arr":["Viva Blue","Y91B","Y96","Y98","Y98/99","GO65","GO68"],"lines":"Viva Blue, 91B, 96, 98, 98/99, 65, 68"},"geometry":{"type":"LineString","coordinates":[[-79.455148,43.946564],[-79.454825,43.94511],[-79.454741,43.945049],[-79.45463,43.944604]]}},{"type":"Feature","properties":{"mode":"bus","n":7,"arr":["Viva Blue","Y91B","Y96","Y98","Y98/99","GO65","GO68"],"lines":"Viva Blue, 91B, 96, 98, 98/99, 65, 68"},"geometry":{"type":"LineString","coordinates":[[-79.456991,43.955],[-79.456912,43.954642],[-79.456949,43.954469],[-79.456494,43.952295],[-79.456132,43.950791],[-79.456109,43.95073],[-79.456032,43.950658],[-79.45584,43.949796],[-79.455887,43.949673],[-79.455707,43.948941],[-79.455734,43.94886],[-79.455629,43.948395]]}},{"type":"Feature","properties":{"mode":"bus","n":8,"arr":["Viva Blue","Y91B","Y96","Y98","Y98/99","Y429","GO65","GO68"],"lines":"Viva Blue, 91B, 96, 98, 98/99, 429, 65, 68"},"geometry":{"type":"LineString","coordinates":[[-79.455629,43.948395],[-79.455566,43.94812],[-79.455505,43.948065],[-79.455148,43.946564]]}},{"type":"Feature","properties":{"mode":"bus","n":7,"arr":["Viva Blue","Y96","Y98","Y98/99","Y429","GO65","GO68"],"lines":"Viva Blue, 96, 98, 98/99, 429, 65, 68"},"geometry":{"type":"LineString","coordinates":[[-79.458708,43.962517],[-79.45762,43.957492],[-79.457169,43.955533],[-79.45709,43.95544],[-79.456991,43.955]]}},{"type":"Feature","properties":{"mode":"bus","n":6,"arr":["Viva Blue","Y96","Y98","Y98/99","Y429","GO68"],"lines":"Viva Blue, 96, 98, 98/99, 429, 68"},"geometry":{"type":"LineString","coordinates":[[-79.458919,43.963018],[-79.458823,43.962625],[-79.458708,43.962517]]}},{"type":"Feature","properties":{"mode":"bus","n":5,"arr":["Viva Blue","Y96","Y98","Y98/99","GO68"],"lines":"Viva Blue, 96, 98, 98/99, 68"},"geometry":{"type":"LineString","coordinates":[[-79.458933,43.963509],[-79.459023,43.963373],[-79.458919,43.963018]]}},{"type":"Feature","properties":{"mode":"bus","n":6,"arr":["Viva Blue","Y96","Y98","Y98/99","GO65","GO68"],"lines":"Viva Blue, 96, 98, 98/99, 65, 68"},"geometry":{"type":"LineString","coordinates":[[-79.463968,43.984796],[-79.464021,43.98468],[-79.463445,43.982322],[-79.463349,43.982195],[-79.463168,43.981463],[-79.463196,43.981373],[-79.462994,43.980497],[-79.462933,43.980433],[-79.462688,43.979438],[-79.461463,43.973946],[-79.460094,43.968241],[-79.458933,43.963509],[-79.458823,43.963407],[-79.45874,43.963043]]}},{"type":"Feature","properties":{"mode":"bus","n":7,"arr":["Viva Blue","Y96","Y98","Y98/99","Y428","GO65","GO68"],"lines":"Viva Blue, 96, 98, 98/99, 428, 65, 68"},"geometry":{"type":"LineString","coordinates":[[-79.466871,43.996728],[-79.465567,43.991427],[-79.464921,43.988431],[-79.464589,43.987289],[-79.464631,43.987194],[-79.464586,43.98698],[-79.464381,43.986179],[-79.464296,43.986106],[-79.463968,43.984796]]}},{"type":"Feature","properties":{"mode":"bus","n":8,"arr":["Viva Blue","Y54","Y96","Y98","Y98/99","Y428","GO65","GO68"],"lines":"Viva Blue, 54, 96, 98, 98/99, 428, 65, 68"},"geometry":{"type":"LineString","coordinates":[[-79.467571,43.99965],[-79.466871,43.996728]]}},{"type":"Feature","properties":{"mode":"bus","n":5,"arr":["Viva Blue","Viva Yellow","Y55","Y98","Y98/99"],"lines":"Viva Blue, Viva Yellow, 55, 98, 98/99"},"geometry":{"type":"LineString","coordinates":[[-79.482514,44.054342],[-79.485345,44.053723]]}},{"type":"Feature","properties":{"mode":"bus","n":7,"arr":["Viva Blue","Viva Yellow","Y44","Y50","Y55","Y98","Y98/99"],"lines":"Viva Blue, Viva Yellow, 44, 50, 55, 98, 98/99"},"geometry":{"type":"LineString","coordinates":[[-79.485391,44.05385],[-79.485345,44.053723]]}},{"type":"Feature","properties":{"mode":"bus","n":5,"arr":["Viva Blue","Y44","Y50","Y55","Y98"],"lines":"Viva Blue, 44, 50, 55, 98"},"geometry":{"type":"LineString","coordinates":[[-79.485345,44.053723],[-79.485228,44.053388],[-79.485267,44.053326]]}},{"type":"Feature","properties":{"mode":"bus","n":12,"arr":["Viva Blue","Viva Yellow","Y44","Y50","Y52","Y55","Y56","Y57","Y98","Y98/99","Y420","Y430"],"lines":"Viva Blue, Viva Yellow, 44, 50, 52, 55, 56, 57, 98, 98/99, 420, 430"},"geometry":{"type":"LineString","coordinates":[[-79.485003,44.05272],[-79.485267,44.053326]]}},{"type":"Feature","properties":{"mode":"bus","n":13,"arr":["Viva Blue","Viva Yellow","Y44","Y50","Y52","Y55","Y56","Y57","Y96","Y98","Y98/99","Y420","Y430"],"lines":"Viva Blue, Viva Yellow, 44, 50, 52, 55, 56, 57, 96, 98, 98/99, 420, 430"},"geometry":{"type":"LineString","coordinates":[[-79.48583,44.05254],[-79.485003,44.05272]]}},{"type":"Feature","properties":{"mode":"bus","n":11,"arr":["Viva Blue","Viva Yellow","Y44","Y50","Y52","Y55","Y56","Y96","Y98","Y98/99","Y430"],"lines":"Viva Blue, Viva Yellow, 44, 50, 52, 55, 56, 96, 98, 98/99, 430"},"geometry":{"type":"LineString","coordinates":[[-79.48583,44.05254],[-79.48591,44.052495],[-79.486224,44.052523],[-79.487179,44.052913],[-79.487233,44.05299],[-79.487207,44.053068],[-79.487132,44.053128]]}},{"type":"Feature","properties":{"mode":"bus","n":10,"arr":["Viva Blue","Viva Yellow","Y44","Y52","Y56","Y57","Y96","Y98/99","Y420","Y430"],"lines":"Viva Blue, Viva Yellow, 44, 52, 56, 57, 96, 98/99, 420, 430"},"geometry":{"type":"LineString","coordinates":[[-79.48583,44.05254],[-79.485861,44.052635],[-79.485968,44.052708],[-79.486942,44.053103],[-79.487132,44.053128]]}},{"type":"Feature","properties":{"mode":"bus","n":8,"arr":["Viva Blue","Viva Blue B","Y98/99","Y99","Y301","Y303","Y360","Y391"],"lines":"Viva Blue, Viva Blue B, 98/99, 99, 301, 303, 360, 391"},"geometry":{"type":"LineString","coordinates":[[-79.42832,43.832408],[-79.428692,43.833868],[-79.429231,43.83641]]}},{"type":"Feature","properties":{"mode":"bus","n":10,"arr":["Viva Blue","Viva Blue B","Y98/99","Y99","Y300","Y301","Y303","Y360","Y391","GO32"],"lines":"Viva Blue, Viva Blue B, 98/99, 99, 300, 301, 303, 360, 391, 32"},"geometry":{"type":"LineString","coordinates":[[-79.42832,43.832408],[-79.428203,43.831867],[-79.428074,43.831724]]}},{"type":"Feature","properties":{"mode":"bus","n":6,"arr":["Viva Blue B","Y81","Y86","Y98","Y99","Y445"],"lines":"Viva Blue B, 81, 86, 98, 99, 445"},"geometry":{"type":"LineString","coordinates":[[-79.442208,43.892856],[-79.442133,43.892869],[-79.442112,43.892876],[-79.4421,43.892888],[-79.442099,43.892906],[-79.442238,43.893637],[-79.442041,43.893911],[-79.44221,43.894583]]}},{"type":"Feature","properties":{"mode":"bus","n":5,"arr":["Viva Blue B","Y81","Y86","Y98","Y99"],"lines":"Viva Blue B, 81, 86, 98, 99"},"geometry":{"type":"LineString","coordinates":[[-79.44221,43.894583],[-79.442194,43.894637],[-79.442179,43.894663],[-79.442151,43.894682],[-79.442073,43.894718],[-79.441382,43.894818],[-79.441303,43.894872],[-79.441275,43.894927],[-79.441301,43.895101]]}},{"type":"Feature","properties":{"mode":"bus","n":9,"arr":["Viva Blue B","Y81","Y83","Y86","Y98","Y99","Y443","Y447","Y448"],"lines":"Viva Blue B, 81, 83, 86, 98, 99, 443, 447, 448"},"geometry":{"type":"LineString","coordinates":[[-79.441301,43.895101],[-79.44193,43.894998],[-79.442085,43.895023],[-79.442574,43.894932]]}},{"type":"Feature","properties":{"mode":"bus","n":8,"arr":["Viva Blue B","Y81","Y83","Y86","Y99","Y443","Y447","Y448"],"lines":"Viva Blue B, 81, 83, 86, 99, 443, 447, 448"},"geometry":{"type":"LineString","coordinates":[[-79.442687,43.894907],[-79.442574,43.894932]]}},{"type":"Feature","properties":{"mode":"bus","n":6,"arr":["Viva Orange","Y3","Y23","Y77","Y88","Y470"],"lines":"Viva Orange, 3, 23, 77, 88, 470"},"geometry":{"type":"LineString","coordinates":[[-79.454623,43.809982],[-79.453709,43.810167]]}},{"type":"Feature","properties":{"mode":"bus","n":5,"arr":["Viva Orange","Viva Purple","Viva Purple A","Y86","Y91B"],"lines":"Viva Orange, Viva Purple, Viva Purple A, 86, 91B"},"geometry":{"type":"LineString","coordinates":[[-79.425166,43.837448],[-79.425127,43.837371]]}},{"type":"Feature","properties":{"mode":"bus","n":8,"arr":["Viva Orange","Viva Purple","Viva Purple A","Y1","Y86","Y91B","Y408","Y444"],"lines":"Viva Orange, Viva Purple, Viva Purple A, 1, 86, 91B, 408, 444"},"geometry":{"type":"LineString","coordinates":[[-79.425487,43.838082],[-79.425166,43.837448]]}},{"type":"Feature","properties":{"mode":"bus","n":9,"arr":["Viva Orange","Viva Purple","Viva Purple A","Y1","Y86","Y91B","Y408","Y444","GO61"],"lines":"Viva Orange, Viva Purple, Viva Purple A, 1, 86, 91B, 408, 444, 61"},"geometry":{"type":"LineString","coordinates":[[-79.42642,43.839253],[-79.426139,43.839071],[-79.425909,43.83886],[-79.425742,43.838607],[-79.425487,43.838082]]}},{"type":"Feature","properties":{"mode":"bus","n":5,"arr":["Viva Purple","Viva Purple A","Y86","Y91B","Y444"],"lines":"Viva Purple, Viva Purple A, 86, 91B, 444"},"geometry":{"type":"LineString","coordinates":[[-79.425089,43.837296],[-79.422498,43.837971],[-79.420293,43.83846]]}},{"type":"Feature","properties":{"mode":"bus","n":5,"arr":["Viva Purple","Viva Purple A","Y1","GO70","GO71"],"lines":"Viva Purple, Viva Purple A, 1, 70, 71"},"geometry":{"type":"LineString","coordinates":[[-79.303797,43.862726],[-79.303087,43.862894],[-79.30298,43.862874],[-79.298988,43.86379],[-79.298839,43.863883],[-79.293918,43.865003],[-79.291835,43.865508]]}},{"type":"Feature","properties":{"mode":"bus","n":7,"arr":["Viva Purple","Viva Purple A","Y1","Y16","Y18","Y402","Y522"],"lines":"Viva Purple, Viva Purple A, 1, 16, 18, 402, 522"},"geometry":{"type":"LineString","coordinates":[[-79.234775,43.878894],[-79.23494,43.878918]]}},{"type":"Feature","properties":{"mode":"bus","n":14,"arr":["Viva Purple","Viva Purple A","Y1","Y2","Y9","Y14","Y16","Y18","Y25","Y303","Y401","Y402","Y411","Y522"],"lines":"Viva Purple, Viva Purple A, 1, 2, 9, 14, 16, 18, 25, 303, 401, 402, 411, 522"},"geometry":{"type":"LineString","coordinates":[[-79.234775,43.878894],[-79.234884,43.879347],[-79.234989,43.879414],[-79.235169,43.880223],[-79.235263,43.880312],[-79.235367,43.880695]]}},{"type":"Feature","properties":{"mode":"bus","n":10,"arr":["Viva Purple","Viva Purple A","Y1","Y9","Y16","Y303","Y401","Y402","Y411","Y522"],"lines":"Viva Purple, Viva Purple A, 1, 9, 16, 303, 401, 402, 411, 522"},"geometry":{"type":"LineString","coordinates":[[-79.235367,43.880695],[-79.235473,43.881145],[-79.23546,43.881183],[-79.235429,43.8812],[-79.23542,43.881207],[-79.235415,43.881215],[-79.235415,43.881224],[-79.235975,43.88363],[-79.236076,43.883708],[-79.236171,43.884087]]}},{"type":"Feature","properties":{"mode":"bus","n":10,"arr":["Viva Purple","Viva Purple A","Y1","Y16","Y303","Y401","Y402","Y416","Y417","Y522"],"lines":"Viva Purple, Viva Purple A, 1, 16, 303, 401, 402, 416, 417, 522"},"geometry":{"type":"LineString","coordinates":[[-79.236171,43.884087],[-79.234825,43.884397]]}},{"type":"Feature","properties":{"mode":"bus","n":10,"arr":["Viva Purple","Viva Purple A","Y1","Y16","Y303","Y401","Y402","Y416","Y417","Y522"],"lines":"Viva Purple, Viva Purple A, 1, 16, 303, 401, 402, 416, 417, 522"},"geometry":{"type":"LineString","coordinates":[[-79.229295,43.885673],[-79.230069,43.885512],[-79.233383,43.884737]]}},{"type":"Feature","properties":{"mode":"bus","n":9,"arr":["Viva Purple","Viva Purple A","Y1","Y16","Y303","Y401","Y402","Y416","Y417"],"lines":"Viva Purple, Viva Purple A, 1, 16, 303, 401, 402, 416, 417"},"geometry":{"type":"LineString","coordinates":[[-79.234825,43.884397],[-79.233383,43.884737]]}},{"type":"Feature","properties":{"mode":"bus","n":6,"arr":["Viva Purple","Viva Purple A","Y1","Y18","Y402","Y416"],"lines":"Viva Purple, Viva Purple A, 1, 18, 402, 416"},"geometry":{"type":"LineString","coordinates":[[-79.225489,43.879937],[-79.225482,43.880097],[-79.22571,43.880603],[-79.225726,43.880625],[-79.225753,43.88064],[-79.22578,43.880649],[-79.225807,43.880664],[-79.225822,43.880686],[-79.22611,43.88141],[-79.22615,43.8816],[-79.22621,43.88253],[-79.22627,43.88262],[-79.22636,43.88295],[-79.22637,43.88304],[-79.22633,43.88312],[-79.22651,43.88351],[-79.22667,43.88371],[-79.22689,43.88392],[-79.22716,43.88409],[-79.2274,43.8842],[-79.228243,43.88445],[-79.228521,43.884577],[-79.22876,43.88475],[-79.22891,43.8849],[-79.229104,43.885217]]}},{"type":"Feature","properties":{"mode":"bus","n":8,"arr":["Viva Purple","Viva Purple A","Y1","Y2","Y18","Y25","Y402","Y416"],"lines":"Viva Purple, Viva Purple A, 1, 2, 18, 25, 402, 416"},"geometry":{"type":"LineString","coordinates":[[-79.228796,43.87916],[-79.225489,43.879937]]}},{"type":"Feature","properties":{"mode":"bus","n":8,"arr":["Viva Purple","Viva Purple A","Y1","Y2","Y18","Y25","Y401","Y402"],"lines":"Viva Purple, Viva Purple A, 1, 2, 18, 25, 401, 402"},"geometry":{"type":"LineString","coordinates":[[-79.228796,43.87916],[-79.230768,43.878704]]}},{"type":"Feature","properties":{"mode":"bus","n":5,"arr":["Viva Purple","Viva Purple A","Y2","Y18","Y25"],"lines":"Viva Purple, Viva Purple A, 2, 18, 25"},"geometry":{"type":"LineString","coordinates":[[-79.230383,43.878793],[-79.23053,43.878851],[-79.230665,43.878942]]}},{"type":"Feature","properties":{"mode":"bus","n":6,"arr":["Viva Purple","Viva Purple A","Y2","Y16","Y18","Y25"],"lines":"Viva Purple, Viva Purple A, 2, 16, 18, 25"},"geometry":{"type":"LineString","coordinates":[[-79.230665,43.878942],[-79.230908,43.879788]]}},{"type":"Feature","properties":{"mode":"bus","n":7,"arr":["Viva Purple","Viva Purple A","Y1","Y9","Y14","Y18","Y25"],"lines":"Viva Purple, Viva Purple A, 1, 9, 14, 18, 25"},"geometry":{"type":"LineString","coordinates":[[-79.230908,43.879788],[-79.230926,43.879859]]}},{"type":"Feature","properties":{"mode":"bus","n":6,"arr":["Viva Purple A","Y1","Y9","Y14","Y18","Y25"],"lines":"Viva Purple A, 1, 9, 14, 18, 25"},"geometry":{"type":"LineString","coordinates":[[-79.230991,43.88012],[-79.230926,43.879859]]}},{"type":"Feature","properties":{"mode":"bus","n":5,"arr":["Y1","Y9","Y14","Y18","Y25"],"lines":"1, 9, 14, 18, 25"},"geometry":{"type":"LineString","coordinates":[[-79.232044,43.881479],[-79.231411,43.881612],[-79.231389,43.881614],[-79.231373,43.881611],[-79.231361,43.881601],[-79.231354,43.881587],[-79.230991,43.88012]]}},{"type":"Feature","properties":{"mode":"bus","n":9,"arr":["Viva Purple","Viva Purple A","Y1","Y2","Y9","Y14","Y16","Y18","Y25"],"lines":"Viva Purple, Viva Purple A, 1, 2, 9, 14, 16, 18, 25"},"geometry":{"type":"LineString","coordinates":[[-79.230908,43.879788],[-79.231538,43.879686],[-79.23156,43.879685],[-79.231577,43.879689],[-79.231589,43.879698],[-79.231596,43.879713],[-79.231644,43.879902]]}},{"type":"Feature","properties":{"mode":"bus","n":8,"arr":["Viva Purple","Viva Purple A","Y1","Y2","Y9","Y14","Y18","Y522"],"lines":"Viva Purple, Viva Purple A, 1, 2, 9, 14, 18, 522"},"geometry":{"type":"LineString","coordinates":[[-79.231962,43.881155],[-79.231644,43.879902]]}},{"type":"Feature","properties":{"mode":"bus","n":6,"arr":["Viva Purple","Viva Purple A","Y16","Y18","Y25","Y522"],"lines":"Viva Purple, Viva Purple A, 16, 18, 25, 522"},"geometry":{"type":"LineString","coordinates":[[-79.231962,43.881155],[-79.231628,43.881164],[-79.231608,43.881162],[-79.231592,43.881152],[-79.231567,43.881129],[-79.231279,43.879999],[-79.231291,43.879975],[-79.231301,43.879964],[-79.231316,43.879957],[-79.231357,43.879945],[-79.231644,43.879902]]}},{"type":"Feature","properties":{"mode":"bus","n":9,"arr":["Viva Purple","Viva Purple A","Y1","Y2","Y16","Y18","Y25","Y401","Y402"],"lines":"Viva Purple, Viva Purple A, 1, 2, 16, 18, 25, 401, 402"},"geometry":{"type":"LineString","coordinates":[[-79.234775,43.878894],[-79.234231,43.878797],[-79.234031,43.878701],[-79.23279,43.878551],[-79.232018,43.878531],[-79.231514,43.878578],[-79.230768,43.878704]]}},{"type":"Feature","properties":{"mode":"bus","n":8,"arr":["Viva Purple","Viva Purple A","Y1","Y40","Y301","Y403","Y404","Y405"],"lines":"Viva Purple, Viva Purple A, 1, 40, 301, 403, 404, 405"},"geometry":{"type":"LineString","coordinates":[[-79.284617,43.8672],[-79.28442,43.867246]]}},{"type":"Feature","properties":{"mode":"bus","n":6,"arr":["Viva Purple","Viva Purple A","Y1","Y40","Y403","Y405"],"lines":"Viva Purple, Viva Purple A, 1, 40, 403, 405"},"geometry":{"type":"LineString","coordinates":[[-79.284617,43.8672],[-79.286382,43.866778]]}},{"type":"Feature","properties":{"mode":"bus","n":5,"arr":["Viva Purple","Viva Purple A","Y1","Y40","Y405"],"lines":"Viva Purple, Viva Purple A, 1, 40, 405"},"geometry":{"type":"LineString","coordinates":[[-79.286382,43.866778],[-79.288286,43.86632]]}},{"type":"Feature","properties":{"mode":"bus","n":7,"arr":["Viva Purple","Viva Purple A","Y1","Y91B","Y408","Y444","GO61"],"lines":"Viva Purple, Viva Purple A, 1, 91B, 408, 444, 61"},"geometry":{"type":"LineString","coordinates":[[-79.424302,43.837665],[-79.421501,43.838343],[-79.420342,43.838592]]}},{"type":"Feature","properties":{"mode":"bus","n":6,"arr":["Viva Purple","Viva Purple A","Y1","Y91B","Y408","Y444"],"lines":"Viva Purple, Viva Purple A, 1, 91B, 408, 444"},"geometry":{"type":"LineString","coordinates":[[-79.425166,43.837448],[-79.424302,43.837665]]}},{"type":"Feature","properties":{"mode":"bus","n":5,"arr":["Viva Purple A","Y8","Y522","GO70","GO71"],"lines":"Viva Purple A, 8, 522, 70, 71"},"geometry":{"type":"LineString","coordinates":[[-79.305314,43.856104],[-79.305571,43.855823],[-79.305573,43.855715],[-79.307061,43.854045]]}},{"type":"Feature","properties":{"mode":"bus","n":6,"arr":["Viva Purple A","Y8","Y304","Y522","GO70","GO71"],"lines":"Viva Purple A, 8, 304, 522, 70, 71"},"geometry":{"type":"LineString","coordinates":[[-79.305314,43.856104],[-79.303991,43.857489],[-79.303872,43.857549],[-79.303257,43.858217],[-79.303012,43.858566],[-79.302833,43.858946],[-79.302751,43.859204],[-79.30279,43.859309],[-79.302731,43.859751],[-79.302741,43.860077],[-79.302686,43.860133],[-79.302755,43.860467],[-79.302833,43.860648],[-79.30279,43.860725],[-79.303035,43.861305],[-79.303133,43.861369],[-79.303437,43.862072],[-79.303534,43.862123],[-79.303797,43.862726]]}},{"type":"Feature","properties":{"mode":"bus","n":8,"arr":["Viva Yellow","Y50","Y55","Y57","Y98","Y98/99","Y420","Y430"],"lines":"Viva Yellow, 50, 55, 57, 98, 98/99, 420, 430"},"geometry":{"type":"LineString","coordinates":[[-79.487132,44.053128],[-79.487187,44.053358]]}},{"type":"Feature","properties":{"mode":"bus","n":8,"arr":["Viva Yellow","Y50","Y55","Y57","Y98","Y98/99","Y420","Y430"],"lines":"Viva Yellow, 50, 55, 57, 98, 98/99, 420, 430"},"geometry":{"type":"LineString","coordinates":[[-79.485345,44.053723],[-79.485495,44.053689]]}},{"type":"Feature","properties":{"mode":"bus","n":10,"arr":["Viva Yellow","Y44","Y50","Y55","Y56","Y57","Y98","Y98/99","Y420","Y430"],"lines":"Viva Yellow, 44, 50, 55, 56, 57, 98, 98/99, 420, 430"},"geometry":{"type":"LineString","coordinates":[[-79.487187,44.053358],[-79.485495,44.053689]]}},{"type":"Feature","properties":{"mode":"bus","n":5,"arr":["Viva Yellow","Y55","Y425","GO65","GO68"],"lines":"Viva Yellow, 55, 425, 65, 68"},"geometry":{"type":"LineString","coordinates":[[-79.461147,44.059067],[-79.460531,44.059171],[-79.458416,44.059627],[-79.456907,44.060035],[-79.455863,44.060287],[-79.454231,44.060602]]}},{"type":"Feature","properties":{"mode":"bus","n":5,"arr":["Viva Yellow","Y33","Y55","Y56","Y57"],"lines":"Viva Yellow, 33, 55, 56, 57"},"geometry":{"type":"LineString","coordinates":[[-79.431241,44.06594],[-79.430349,44.066143],[-79.430247,44.066241],[-79.429766,44.066348]]}},{"type":"Feature","properties":{"mode":"bus","n":6,"arr":["Viva Yellow","Y50","Y55","Y425","GO65","GO68"],"lines":"Viva Yellow, 50, 55, 425, 65, 68"},"geometry":{"type":"LineString","coordinates":[[-79.454273,44.060784],[-79.45574,44.060479],[-79.458493,44.059776],[-79.461219,44.059224]]}},{"type":"Feature","properties":{"mode":"bus","n":5,"arr":["Viva Yellow","Y44","Y50","Y55","Y98/99"],"lines":"Viva Yellow, 44, 50, 55, 98/99"},"geometry":{"type":"LineString","coordinates":[[-79.480482,44.054921],[-79.480198,44.054979]]}},{"type":"Feature","properties":{"mode":"bus","n":6,"arr":["Viva Yellow","Y44","Y50","Y55","Y98","Y98/99"],"lines":"Viva Yellow, 44, 50, 55, 98, 98/99"},"geometry":{"type":"LineString","coordinates":[[-79.485391,44.05385],[-79.483122,44.05433],[-79.480482,44.054921]]}},{"type":"Feature","properties":{"mode":"bus","n":8,"arr":["Viva Yellow","Y44","Y52","Y56","Y57","Y98/99","Y420","Y430"],"lines":"Viva Yellow, 44, 52, 56, 57, 98/99, 420, 430"},"geometry":{"type":"LineString","coordinates":[[-79.485267,44.053326],[-79.485324,44.053344],[-79.485349,44.053357],[-79.485364,44.053377],[-79.485495,44.053689]]}},{"type":"Feature","properties":{"mode":"bus","n":5,"arr":["Y1","Y391","Y408","Y444","GO61"],"lines":"1, 391, 408, 444, 61"},"geometry":{"type":"LineString","coordinates":[[-79.407972,43.845011],[-79.408363,43.844967],[-79.408533,43.844985],[-79.409306,43.844863],[-79.410129,43.844766],[-79.410519,43.84461],[-79.410658,43.84453],[-79.412065,43.843551],[-79.412343,43.843374],[-79.412683,43.843226],[-79.413209,43.843107],[-79.414108,43.842985],[-79.414196,43.842932],[-79.414721,43.842858]]}},{"type":"Feature","properties":{"mode":"bus","n":8,"arr":["Y1","Y2","Y9","Y14","Y16","Y18","Y25","Y522"],"lines":"1, 2, 9, 14, 16, 18, 25, 522"},"geometry":{"type":"LineString","coordinates":[[-79.235367,43.880695],[-79.232044,43.881479]]}},{"type":"Feature","properties":{"mode":"bus","n":7,"arr":["Y1","Y2","Y9","Y14","Y16","Y25","Y522"],"lines":"1, 2, 9, 14, 16, 25, 522"},"geometry":{"type":"LineString","coordinates":[[-79.232044,43.881479],[-79.231962,43.881155]]}},{"type":"Feature","properties":{"mode":"bus","n":6,"arr":["Y1","Y16","Y402","Y416","Y417","Y522"],"lines":"1, 16, 402, 416, 417, 522"},"geometry":{"type":"LineString","coordinates":[[-79.229295,43.885673],[-79.229163,43.885691]]}},{"type":"Feature","properties":{"mode":"bus","n":6,"arr":["Y1","Y2","Y14","Y305","Y411","Y416"],"lines":"1, 2, 14, 305, 411, 416"},"geometry":{"type":"LineString","coordinates":[[-79.211663,43.869128],[-79.212135,43.869055],[-79.212256,43.869087],[-79.213754,43.868801],[-79.214282,43.868787],[-79.214767,43.868865],[-79.215197,43.869031],[-79.215542,43.86926],[-79.215699,43.869414],[-79.216462,43.870383],[-79.21671,43.870599],[-79.21701,43.87079],[-79.217462,43.870997],[-79.217867,43.871114],[-79.21851,43.871181],[-79.21883,43.87118],[-79.21915,43.87115],[-79.225892,43.869596],[-79.2263,43.86944],[-79.22661,43.86928],[-79.22701,43.86903],[-79.2273,43.86879],[-79.227463,43.86863],[-79.22772,43.8683],[-79.229006,43.865704]]}},{"type":"Feature","properties":{"mode":"bus","n":7,"arr":["Y1","Y9","Y14","Y305","Y401","Y411","Y416"],"lines":"1, 9, 14, 305, 401, 411, 416"},"geometry":{"type":"LineString","coordinates":[[-79.229164,43.865249],[-79.229316,43.865275]]}},{"type":"Feature","properties":{"mode":"bus","n":6,"arr":["Y1","Y9","Y14","Y401","Y411","Y416"],"lines":"1, 9, 14, 401, 411, 416"},"geometry":{"type":"LineString","coordinates":[[-79.229316,43.865275],[-79.229771,43.86542],[-79.230076,43.865483],[-79.230244,43.865569],[-79.230883,43.866004],[-79.231262,43.866371],[-79.231664,43.866883],[-79.232676,43.868702],[-79.23283,43.868838],[-79.232935,43.869033]]}},{"type":"Feature","properties":{"mode":"bus","n":7,"arr":["Y1","Y9","Y14","Y303","Y401","Y411","Y416"],"lines":"1, 9, 14, 303, 401, 411, 416"},"geometry":{"type":"LineString","coordinates":[[-79.232935,43.869033],[-79.233222,43.869608],[-79.233501,43.870412],[-79.233562,43.870765],[-79.233572,43.871456],[-79.233502,43.87232],[-79.233503,43.872694],[-79.233463,43.872767],[-79.233526,43.873477],[-79.233931,43.875092],[-79.234009,43.875222],[-79.234119,43.875675]]}},{"type":"Feature","properties":{"mode":"bus","n":7,"arr":["Y1","Y9","Y14","Y303","Y401","Y402","Y411"],"lines":"1, 9, 14, 303, 401, 402, 411"},"geometry":{"type":"LineString","coordinates":[[-79.234119,43.875675],[-79.234225,43.876114],[-79.234199,43.876337],[-79.234586,43.877828],[-79.234666,43.878239],[-79.234651,43.878382],[-79.234729,43.878751]]}},{"type":"Feature","properties":{"mode":"bus","n":9,"arr":["Y1","Y2","Y9","Y14","Y25","Y303","Y401","Y402","Y411"],"lines":"1, 2, 9, 14, 25, 303, 401, 402, 411"},"geometry":{"type":"LineString","coordinates":[[-79.234729,43.878751],[-79.234775,43.878894]]}},{"type":"Feature","properties":{"mode":"bus","n":5,"arr":["Y1","Y86","Y408","Y444","GO61"],"lines":"1, 86, 408, 444, 61"},"geometry":{"type":"LineString","coordinates":[[-79.42318,43.841913],[-79.423049,43.841677],[-79.422928,43.841567],[-79.422665,43.84114],[-79.42252,43.841003],[-79.422301,43.84082],[-79.422056,43.840664],[-79.42158,43.840451],[-79.421148,43.840201],[-79.420953,43.840018],[-79.420725,43.8397],[-79.420622,43.839472],[-79.420401,43.838927],[-79.420425,43.838821],[-79.420342,43.838592]]}},{"type":"Feature","properties":{"mode":"bus","n":5,"arr":["Y2","Y14","Y305","Y401","Y411"],"lines":"2, 14, 305, 401, 411"},"geometry":{"type":"LineString","coordinates":[[-79.254947,43.856367],[-79.254432,43.856435],[-79.254064,43.856425],[-79.253325,43.856275],[-79.252817,43.856216],[-79.252415,43.856211],[-79.251875,43.856294],[-79.251608,43.856398],[-79.25008,43.856778]]}},{"type":"Feature","properties":{"mode":"bus","n":5,"arr":["Y2","Y14","Y305","Y401","Y411"],"lines":"2, 14, 305, 401, 411"},"geometry":{"type":"LineString","coordinates":[[-79.244421,43.857693],[-79.244129,43.857002],[-79.243519,43.855715],[-79.243366,43.855433],[-79.243234,43.855278],[-79.242954,43.855067],[-79.242646,43.854936],[-79.242238,43.854849],[-79.241753,43.85485],[-79.239499,43.855356],[-79.238247,43.855597],[-79.237908,43.855691],[-79.237504,43.855919],[-79.237186,43.856299],[-79.237072,43.856615],[-79.237153,43.858119],[-79.237145,43.858362],[-79.237068,43.858612],[-79.237056,43.858631],[-79.237036,43.858642],[-79.237007,43.858644],[-79.235253,43.858547],[-79.234674,43.858447],[-79.234078,43.858423],[-79.23353,43.858467],[-79.232907,43.858582],[-79.23236,43.858795],[-79.231789,43.859117],[-79.231329,43.859325]]}},{"type":"Feature","properties":{"mode":"bus","n":5,"arr":["Y2","Y14","Y305","Y401","Y411"],"lines":"2, 14, 305, 401, 411"},"geometry":{"type":"LineString","coordinates":[[-79.250117,43.857239],[-79.250162,43.85741],[-79.250191,43.857726],[-79.250156,43.858542],[-79.250149,43.858562],[-79.250132,43.858576],[-79.250105,43.858582],[-79.246013,43.858922],[-79.245715,43.858926],[-79.24543,43.858868],[-79.24516,43.858738],[-79.24487,43.85844]]}},{"type":"Feature","properties":{"mode":"bus","n":6,"arr":["Y3","Y20","Y96","Y107","Y107B","Y165"],"lines":"3, 20, 96, 107, 107B, 165"},"geometry":{"type":"LineString","coordinates":[[-79.511022,43.777791],[-79.511128,43.778143],[-79.51162,43.778797],[-79.512017,43.779498]]}},{"type":"Feature","properties":{"mode":"bus","n":5,"arr":["Y3","Y23","Y77","Y88","Y470"],"lines":"3, 23, 77, 88, 470"},"geometry":{"type":"LineString","coordinates":[[-79.453672,43.810066],[-79.453709,43.810167]]}},{"type":"Feature","properties":{"mode":"bus","n":5,"arr":["Y3","Y23","Y77","Y88","Y470"],"lines":"3, 23, 77, 88, 470"},"geometry":{"type":"LineString","coordinates":[[-79.453322,43.809195],[-79.453523,43.809659],[-79.453507,43.809739],[-79.45358,43.809957],[-79.453646,43.810035],[-79.453666,43.810051],[-79.45369,43.810058],[-79.45372,43.810056],[-79.454548,43.809892],[-79.454568,43.809885],[-79.45458,43.809876],[-79.454585,43.809863],[-79.454581,43.809848],[-79.454521,43.809704]]}},{"type":"Feature","properties":{"mode":"bus","n":5,"arr":["Y3","Y90","Y90B","Y412","Y413"],"lines":"3, 90, 90B, 412, 413"},"geometry":{"type":"LineString","coordinates":[[-79.367096,43.819194],[-79.367531,43.819422],[-79.367583,43.819516],[-79.368236,43.819929],[-79.36893,43.82047],[-79.369388,43.82099],[-79.369674,43.821444],[-79.369842,43.821772]]}},{"type":"Feature","properties":{"mode":"bus","n":5,"arr":["Y4","Y6","Y20","Y165","Y320"],"lines":"4, 6, 20, 165, 320"},"geometry":{"type":"LineString","coordinates":[[-79.540762,43.847946],[-79.540445,43.84801],[-79.540291,43.848005],[-79.540266,43.848],[-79.540245,43.847989],[-79.540213,43.84796],[-79.540089,43.847585],[-79.540317,43.847302],[-79.540348,43.847277],[-79.54039,43.847262],[-79.541055,43.847142]]}},{"type":"Feature","properties":{"mode":"bus","n":5,"arr":["Y4","Y6","Y20","Y165","Y320"],"lines":"4, 6, 20, 165, 320"},"geometry":{"type":"LineString","coordinates":[[-79.540856,43.847927],[-79.540971,43.847896],[-79.54101,43.847858],[-79.54103,43.847727],[-79.541012,43.847613],[-79.541014,43.847592],[-79.541028,43.847576],[-79.541053,43.847566],[-79.541223,43.847526]]}},{"type":"Feature","properties":{"mode":"bus","n":6,"arr":["Y4","Y6","Y20","Y165","Y320","Y360"],"lines":"4, 6, 20, 165, 320, 360"},"geometry":{"type":"LineString","coordinates":[[-79.541223,43.847526],[-79.541419,43.848044]]}},{"type":"Feature","properties":{"mode":"bus","n":5,"arr":["Y4","Y6","Y20","Y165","Y360"],"lines":"4, 6, 20, 165, 360"},"geometry":{"type":"LineString","coordinates":[[-79.541419,43.848044],[-79.54143,43.84815]]}},{"type":"Feature","properties":{"mode":"bus","n":5,"arr":["Y4","Y25","Y82","Y445","Y448"],"lines":"4, 25, 82, 445, 448"},"geometry":{"type":"LineString","coordinates":[[-79.410151,43.876224],[-79.40932,43.876368],[-79.407311,43.876799],[-79.407097,43.876903],[-79.406537,43.877023]]}},{"type":"Feature","properties":{"mode":"bus","n":5,"arr":["Y24","Y25","Y418","Y419","Y452"],"lines":"24, 25, 418, 419, 452"},"geometry":{"type":"LineString","coordinates":[[-79.36732,43.885966],[-79.366424,43.886171],[-79.366179,43.886172],[-79.36233,43.887084],[-79.362159,43.887068],[-79.361647,43.887192]]}},{"type":"Feature","properties":{"mode":"bus","n":6,"arr":["Y8","Y18","Y304","Y402","Y418","Y419"],"lines":"8, 18, 304, 402, 418, 419"},"geometry":{"type":"LineString","coordinates":[[-79.316515,43.888435],[-79.313544,43.889056],[-79.313522,43.889064],[-79.313511,43.889078],[-79.313513,43.889097],[-79.313524,43.889124],[-79.313526,43.889142],[-79.313515,43.889156],[-79.313493,43.889165],[-79.312636,43.889361],[-79.312058,43.889485],[-79.311921,43.889464]]}},{"type":"Feature","properties":{"mode":"bus","n":6,"arr":["Y9","Y14","Y305","Y401","Y411","Y416"],"lines":"9, 14, 305, 401, 411, 416"},"geometry":{"type":"LineString","coordinates":[[-79.224317,43.860963],[-79.224507,43.861415],[-79.224613,43.861508],[-79.22532,43.86315],[-79.225654,43.863604],[-79.22594,43.8639],[-79.2264,43.86427],[-79.226932,43.864564],[-79.227324,43.864717],[-79.228264,43.864993],[-79.22862,43.865076],[-79.228705,43.865147],[-79.229164,43.865249]]}},{"type":"Feature","properties":{"mode":"bus","n":5,"arr":["Y9","Y414","Y417","GO70","GO71"],"lines":"9, 414, 417, 70, 71"},"geometry":{"type":"LineString","coordinates":[[-79.256932,43.969166],[-79.256909,43.969098],[-79.256908,43.969077],[-79.25692,43.969062],[-79.256945,43.969053],[-79.258596,43.968699],[-79.26082,43.968183],[-79.260971,43.968198],[-79.262621,43.967836],[-79.262737,43.967757],[-79.262939,43.967707],[-79.263232,43.967646],[-79.263382,43.96766],[-79.26503,43.967286],[-79.265145,43.96721],[-79.266126,43.966987],[-79.266245,43.967021],[-79.267058,43.966845],[-79.267175,43.966784],[-79.268411,43.96651],[-79.26858,43.96651],[-79.269929,43.966213],[-79.270051,43.966145],[-79.270578,43.966021],[-79.271365,43.965853],[-79.271468,43.96587],[-79.272418,43.965656],[-79.273798,43.965383],[-79.273947,43.965309],[-79.274589,43.965169]]}},{"type":"Feature","properties":{"mode":"bus","n":11,"arr":["Y12","Y20","Y21","Y26","Y85","Y320","Y360","Y464","Y466","Y467","Y469"],"lines":"12, 20, 21, 26, 85, 320, 360, 464, 466, 467, 469"},"geometry":{"type":"LineString","coordinates":[[-79.533416,43.827421],[-79.533586,43.827418],[-79.5338,43.827351],[-79.534322,43.827117]]}},{"type":"Feature","properties":{"mode":"bus","n":10,"arr":["Y12","Y20","Y21","Y26","Y85","Y320","Y360","Y464","Y466","Y467"],"lines":"12, 20, 21, 26, 85, 320, 360, 464, 466, 467"},"geometry":{"type":"LineString","coordinates":[[-79.534322,43.827117],[-79.534527,43.827036]]}},{"type":"Feature","properties":{"mode":"bus","n":9,"arr":["Y12","Y20","Y21","Y26","Y85","Y320","Y360","Y464","Y466"],"lines":"12, 20, 21, 26, 85, 320, 360, 464, 466"},"geometry":{"type":"LineString","coordinates":[[-79.533416,43.827421],[-79.533507,43.827326],[-79.53372,43.82725],[-79.533899,43.827147],[-79.534317,43.826807],[-79.534399,43.826772],[-79.534507,43.826786],[-79.534543,43.826796],[-79.534571,43.826816],[-79.534614,43.826863],[-79.534616,43.826953],[-79.534608,43.826979],[-79.534585,43.827001],[-79.534527,43.827036]]}},{"type":"Feature","properties":{"mode":"bus","n":5,"arr":["Y16","Y18","Y402","Y417","Y522"],"lines":"16, 18, 402, 417, 522"},"geometry":{"type":"LineString","coordinates":[[-79.229163,43.885691],[-79.229401,43.88658]]}},{"type":"Feature","properties":{"mode":"bus","n":5,"arr":["Y16","Y303","Y401","Y417","Y522"],"lines":"16, 303, 401, 417, 522"},"geometry":{"type":"LineString","coordinates":[[-79.229675,43.887251],[-79.22969,43.887162],[-79.229528,43.886556]]}},{"type":"Feature","properties":{"mode":"bus","n":7,"arr":["Y16","Y18","Y303","Y401","Y402","Y417","Y522"],"lines":"16, 18, 303, 401, 402, 417, 522"},"geometry":{"type":"LineString","coordinates":[[-79.230346,43.889637],[-79.229675,43.887251]]}},{"type":"Feature","properties":{"mode":"bus","n":6,"arr":["Y16","Y18","Y303","Y401","Y402","Y417"],"lines":"16, 18, 303, 401, 402, 417"},"geometry":{"type":"LineString","coordinates":[[-79.230827,43.891631],[-79.230687,43.891001],[-79.230682,43.890821],[-79.230346,43.889637]]}},{"type":"Feature","properties":{"mode":"bus","n":6,"arr":["Y16","Y18","Y303","Y401","Y402","Y417"],"lines":"16, 18, 303, 401, 402, 417"},"geometry":{"type":"LineString","coordinates":[[-79.231021,43.892413],[-79.231315,43.893578]]}},{"type":"Feature","properties":{"mode":"bus","n":5,"arr":["Y16","Y18","Y303","Y401","Y402"],"lines":"16, 18, 303, 401, 402"},"geometry":{"type":"LineString","coordinates":[[-79.231021,43.892413],[-79.230827,43.891631]]}},{"type":"Feature","properties":{"mode":"bus","n":5,"arr":["Y18","Y304","Y402","GO70","GO71"],"lines":"18, 304, 402, 70, 71"},"geometry":{"type":"LineString","coordinates":[[-79.266057,43.900167],[-79.265911,43.9002]]}},{"type":"Feature","properties":{"mode":"bus","n":5,"arr":["Y18","Y304","Y402","GO70","GO71"],"lines":"18, 304, 402, 70, 71"},"geometry":{"type":"LineString","coordinates":[[-79.266087,43.900251],[-79.264084,43.900719]]}},{"type":"Feature","properties":{"mode":"bus","n":7,"arr":["Y18","Y301","Y303","Y304","Y402","GO70","GO71"],"lines":"18, 301, 303, 304, 402, 70, 71"},"geometry":{"type":"LineString","coordinates":[[-79.263523,43.900805],[-79.263956,43.900704],[-79.264084,43.900719]]}},{"type":"Feature","properties":{"mode":"bus","n":6,"arr":["Y20","Y26","Y85","Y320","Y360","GO68"],"lines":"20, 26, 85, 320, 360, 68"},"geometry":{"type":"LineString","coordinates":[[-79.53196,43.82756],[-79.531987,43.82767]]}},{"type":"Feature","properties":{"mode":"bus","n":5,"arr":["Y20","Y26","Y85","Y320","Y360"],"lines":"20, 26, 85, 320, 360"},"geometry":{"type":"LineString","coordinates":[[-79.531824,43.827685],[-79.533265,43.827505],[-79.533416,43.827421]]}},{"type":"Feature","properties":{"mode":"bus","n":5,"arr":["Y20","Y85","Y320","Y360","GO68"],"lines":"20, 85, 320, 360, 68"},"geometry":{"type":"LineString","coordinates":[[-79.531987,43.82767],[-79.53275,43.8308]]}},{"type":"Feature","properties":{"mode":"bus","n":5,"arr":["Y20","Y320","Y360","Y464","GO68"],"lines":"20, 320, 360, 464, 68"},"geometry":{"type":"LineString","coordinates":[[-79.532781,43.830939],[-79.53277,43.830887]]}},{"type":"Feature","properties":{"mode":"bus","n":6,"arr":["Y20","Y85","Y320","Y360","Y464","GO68"],"lines":"20, 85, 320, 360, 464, 68"},"geometry":{"type":"LineString","coordinates":[[-79.53277,43.830887],[-79.53275,43.8308]]}},{"type":"Feature","properties":{"mode":"bus","n":5,"arr":["Y20","Y96","Y107","Y107B","Y165"],"lines":"20, 96, 107, 107B, 165"},"geometry":{"type":"LineString","coordinates":[[-79.512017,43.779498],[-79.512207,43.779471],[-79.51249,43.779388],[-79.512515,43.779376],[-79.512528,43.77936],[-79.512529,43.779338],[-79.512445,43.778897]]}},{"type":"Feature","properties":{"mode":"bus","n":5,"arr":["Y21","Y464","Y466","Y467","Y469"],"lines":"21, 464, 466, 467, 469"},"geometry":{"type":"LineString","coordinates":[[-79.539132,43.829256],[-79.538811,43.828403],[-79.538558,43.827603],[-79.538559,43.827496],[-79.538557,43.827481],[-79.538548,43.827471],[-79.538533,43.827467],[-79.538512,43.827469],[-79.53518,43.82806],[-79.53455,43.82813],[-79.53429,43.82812],[-79.53405,43.82805],[-79.533833,43.827953],[-79.533682,43.827854],[-79.533575,43.827743],[-79.533492,43.82763],[-79.533416,43.827421]]}},{"type":"Feature","properties":{"mode":"bus","n":5,"arr":["Y21","Y85","Y464","Y466","Y469"],"lines":"21, 85, 464, 466, 469"},"geometry":{"type":"LineString","coordinates":[[-79.539132,43.829256],[-79.539182,43.829379]]}},{"type":"Feature","properties":{"mode":"bus","n":5,"arr":["Y21","Y85","Y466","Y469","GO65"],"lines":"21, 85, 466, 469, 65"},"geometry":{"type":"LineString","coordinates":[[-79.539182,43.829379],[-79.539349,43.829344]]}},{"type":"Feature","properties":{"mode":"bus","n":6,"arr":["Y21","Y85","Y466","Y467","Y469","GO65"],"lines":"21, 85, 466, 467, 469, 65"},"geometry":{"type":"LineString","coordinates":[[-79.539349,43.829344],[-79.541981,43.82884],[-79.542684,43.828725],[-79.544249,43.828494],[-79.546591,43.828212]]}},{"type":"Feature","properties":{"mode":"bus","n":5,"arr":["Y21","Y85","Y466","Y467","Y469"],"lines":"21, 85, 466, 467, 469"},"geometry":{"type":"LineString","coordinates":[[-79.546591,43.828212],[-79.547915,43.82787],[-79.549853,43.827301],[-79.551524,43.826954]]}},{"type":"Feature","properties":{"mode":"bus","n":5,"arr":["Y21","Y85","Y466","Y467","GO65"],"lines":"21, 85, 466, 467, 65"},"geometry":{"type":"LineString","coordinates":[[-79.539322,43.829219],[-79.539132,43.829256]]}},{"type":"Feature","properties":{"mode":"bus","n":5,"arr":["Y26","Y462","Y463","Y464","Y465"],"lines":"26, 462, 463, 464, 465"},"geometry":{"type":"LineString","coordinates":[[-79.513859,43.861035],[-79.514305,43.860972],[-79.514366,43.860924],[-79.514716,43.86087],[-79.51828,43.860355],[-79.519606,43.860104]]}},{"type":"Feature","properties":{"mode":"bus","n":7,"arr":["Y26","Y462","Y463","Y464","Y465","GO65","GO68"],"lines":"26, 462, 463, 464, 465, 65, 68"},"geometry":{"type":"LineString","coordinates":[[-79.513706,43.861056],[-79.513859,43.861035]]}},{"type":"Feature","properties":{"mode":"bus","n":5,"arr":["Y26","Y465","Y471","GO65","GO68"],"lines":"26, 465, 471, 65, 68"},"geometry":{"type":"LineString","coordinates":[[-79.513706,43.861056],[-79.513132,43.861146],[-79.513025,43.861111],[-79.512716,43.861165],[-79.507968,43.862255],[-79.50787,43.862323],[-79.507183,43.862459],[-79.507056,43.862457],[-79.504908,43.862951]]}},{"type":"Feature","properties":{"mode":"bus","n":5,"arr":["Y32","Y33","Y431","Y434","Y438"],"lines":"32, 33, 431, 434, 438"},"geometry":{"type":"LineString","coordinates":[[-79.480273,43.996843],[-79.480088,43.996882]]}},{"type":"Feature","properties":{"mode":"bus","n":6,"arr":["Y32","Y33","Y431","Y432","Y434","Y438"],"lines":"32, 33, 431, 432, 434, 438"},"geometry":{"type":"LineString","coordinates":[[-79.47901,43.997114],[-79.480088,43.996882]]}},{"type":"Feature","properties":{"mode":"bus","n":5,"arr":["Y32","Y33","Y432","Y434","Y438"],"lines":"32, 33, 432, 434, 438"},"geometry":{"type":"LineString","coordinates":[[-79.475899,43.997844],[-79.478918,43.997183],[-79.47901,43.997114]]}},{"type":"Feature","properties":{"mode":"bus","n":8,"arr":["Y32","Y33","Y54","Y428","Y432","Y438","GO65","GO68"],"lines":"32, 33, 54, 428, 432, 438, 65, 68"},"geometry":{"type":"LineString","coordinates":[[-79.456781,44.001993],[-79.457566,44.001838],[-79.457708,44.001844],[-79.460572,44.001188],[-79.467571,43.99965]]}},{"type":"Feature","properties":{"mode":"bus","n":9,"arr":["Y32","Y33","Y54","Y428","Y432","Y437","Y438","GO65","GO68"],"lines":"32, 33, 54, 428, 432, 437, 438, 65, 68"},"geometry":{"type":"LineString","coordinates":[[-79.451641,44.003174],[-79.453045,44.002845],[-79.456086,44.002192],[-79.456223,44.002112],[-79.456781,44.001993]]}},{"type":"Feature","properties":{"mode":"bus","n":6,"arr":["Y32","Y33","Y54","Y438","GO65","GO68"],"lines":"32, 33, 54, 438, 65, 68"},"geometry":{"type":"LineString","coordinates":[[-79.450913,44.003285],[-79.451517,44.003152],[-79.451641,44.003174]]}},{"type":"Feature","properties":{"mode":"bus","n":5,"arr":["Y32","Y33","Y54","GO65","GO68"],"lines":"32, 33, 54, 65, 68"},"geometry":{"type":"LineString","coordinates":[[-79.443882,44.004951],[-79.445736,44.004468],[-79.447553,44.004031],[-79.448875,44.003756],[-79.450913,44.003285]]}},{"type":"Feature","properties":{"mode":"bus","n":5,"arr":["Y33","Y426","Y432","GO65","GO68"],"lines":"33, 426, 432, 65, 68"},"geometry":{"type":"LineString","coordinates":[[-79.443774,44.005128],[-79.443739,44.004994]]}},{"type":"Feature","properties":{"mode":"bus","n":6,"arr":["Y40","Y301","Y403","Y404","Y405","Y522"],"lines":"40, 301, 403, 404, 405, 522"},"geometry":{"type":"LineString","coordinates":[[-79.285983,43.873582],[-79.286195,43.873667]]}},{"type":"Feature","properties":{"mode":"bus","n":5,"arr":["Y44","Y56","Y57","Y420","Y430"],"lines":"44, 56, 57, 420, 430"},"geometry":{"type":"LineString","coordinates":[[-79.487818,44.05322],[-79.487187,44.053358]]}},{"type":"Feature","properties":{"mode":"bus","n":5,"arr":["Y44","Y98","Y98/99","Y430","GO68"],"lines":"44, 98, 98/99, 430, 68"},"geometry":{"type":"LineString","coordinates":[[-79.484721,44.072843],[-79.484922,44.072801]]}},{"type":"Feature","properties":{"mode":"bus","n":5,"arr":["Y44","Y52","Y98","Y98/99","Y430"],"lines":"44, 52, 98, 98/99, 430"},"geometry":{"type":"LineString","coordinates":[[-79.483813,44.06885],[-79.484207,44.070418],[-79.484167,44.070517],[-79.484721,44.072843]]}},{"type":"Feature","properties":{"mode":"bus","n":5,"arr":["Y54","Y426","Y427","GO65","GO68"],"lines":"54, 426, 427, 65, 68"},"geometry":{"type":"LineString","coordinates":[[-79.447942,44.023342],[-79.447997,44.023609]]}},{"type":"Feature","properties":{"mode":"bus","n":6,"arr":["Y54","Y57","Y423","Y427","GO65","GO68"],"lines":"54, 57, 423, 427, 65, 68"},"geometry":{"type":"LineString","coordinates":[[-79.451878,44.041174],[-79.451899,44.0413]]}},{"type":"Feature","properties":{"mode":"bus","n":5,"arr":["Y54","Y425","Y430","GO65","GO68"],"lines":"54, 425, 430, 65, 68"},"geometry":{"type":"LineString","coordinates":[[-79.459222,44.073696],[-79.458725,44.071903],[-79.458655,44.07156],[-79.458673,44.070931],[-79.458844,44.070468],[-79.459103,44.069932],[-79.459752,44.068728],[-79.459866,44.068245],[-79.45984,44.067773],[-79.459694,44.067077],[-79.459691,44.066732],[-79.459742,44.066535],[-79.45983,44.066327],[-79.460112,44.065919],[-79.460506,44.065608],[-79.460804,44.065433],[-79.462239,44.064936],[-79.462758,44.064628],[-79.463076,44.064221],[-79.463239,44.06366],[-79.463206,44.063384],[-79.463089,44.063087],[-79.462616,44.062286],[-79.462197,44.061413],[-79.461147,44.059067]]}},{"type":"Feature","properties":{"mode":"bus","n":5,"arr":["Y80","Y440","Y443","Y446","Y450"],"lines":"80, 440, 443, 446, 450"},"geometry":{"type":"LineString","coordinates":[[-79.469647,43.894195],[-79.469485,43.894181],[-79.468893,43.894278],[-79.468718,43.894353]]}},{"type":"Feature","properties":{"mode":"bus","n":5,"arr":["Y80","Y88","Y440","Y443","Y446"],"lines":"80, 88, 440, 443, 446"},"geometry":{"type":"LineString","coordinates":[[-79.467304,43.884128],[-79.467406,43.884534],[-79.467511,43.884608],[-79.469117,43.892013],[-79.469575,43.893652],[-79.469547,43.893779],[-79.469647,43.894195]]}},{"type":"Feature","properties":{"mode":"bus","n":5,"arr":["Y83","Y86","Y443","Y447","Y448"],"lines":"83, 86, 443, 447, 448"},"geometry":{"type":"LineString","coordinates":[[-79.441301,43.895101],[-79.439576,43.895286],[-79.439495,43.895343],[-79.439031,43.895398]]}},{"type":"Feature","properties":{"mode":"bus","n":5,"arr":["Y85","Y96","Y107","GO65","GO68"],"lines":"85, 96, 107, 65, 68"},"geometry":{"type":"LineString","coordinates":[[-79.507957,43.836407],[-79.508144,43.836364]]}},{"type":"Feature","properties":{"mode":"bus","n":5,"arr":["Y85","Y107B","Y465","GO65","GO68"],"lines":"85, 107B, 465, 65, 68"},"geometry":{"type":"LineString","coordinates":[[-79.5013,43.838797],[-79.501653,43.838681],[-79.501895,43.838656],[-79.502337,43.83848]]}},{"type":"Feature","properties":{"mode":"bus","n":5,"arr":["Y87","Y465","Y471","GO65","GO68"],"lines":"87, 465, 471, 65, 68"},"geometry":{"type":"LineString","coordinates":[[-79.499907,43.861296],[-79.49878,43.858596]]}},{"type":"Feature","properties":{"mode":"bus","n":6,"arr":["Y87","Y105","Y465","Y471","GO65","GO68"],"lines":"87, 105, 465, 471, 65, 68"},"geometry":{"type":"LineString","coordinates":[[-79.49878,43.858596],[-79.498738,43.858494]]}},{"type":"Feature","properties":{"mode":"bus","n":5,"arr":["Y91","Y91B","Y391","Y408","Y444"],"lines":"91, 91B, 391, 408, 444"},"geometry":{"type":"LineString","coordinates":[[-79.407972,43.845011],[-79.407988,43.845068],[-79.407989,43.845081],[-79.407983,43.845092],[-79.407972,43.845099],[-79.407954,43.845103],[-79.407844,43.845117],[-79.407823,43.845122],[-79.407809,43.84513],[-79.407803,43.845143],[-79.407803,43.845158],[-79.407887,43.845507],[-79.408028,43.845655],[-79.408511,43.847504],[-79.408466,43.847596],[-79.408652,43.848452],[-79.408741,43.848537],[-79.409485,43.851488],[-79.409568,43.851556],[-79.409765,43.852428],[-79.409736,43.852558],[-79.409807,43.852873],[-79.41077,43.85669],[-79.410886,43.857286],[-79.410923,43.857416],[-79.411019,43.857469],[-79.411082,43.857729]]}},{"type":"Feature","properties":{"mode":"bus","n":6,"arr":["Y96","Y107","Y462","Y465","GO65","GO68"],"lines":"96, 107, 462, 465, 65, 68"},"geometry":{"type":"LineString","coordinates":[[-79.508652,43.838955],[-79.50827,43.837293],[-79.508148,43.837201],[-79.507991,43.836533]]}},{"type":"Feature","properties":{"mode":"bus","n":6,"arr":["Y96","Y107","Y462","Y465","GO65","GO68"],"lines":"96, 107, 462, 465, 65, 68"},"geometry":{"type":"LineString","coordinates":[[-79.510304,43.845715],[-79.509573,43.84277],[-79.509506,43.84267],[-79.509072,43.841076],[-79.509137,43.840969],[-79.508832,43.839713]]}},{"type":"Feature","properties":{"mode":"bus","n":5,"arr":["Y96","Y107","Y462","GO65","GO68"],"lines":"96, 107, 462, 65, 68"},"geometry":{"type":"LineString","coordinates":[[-79.512243,43.854366],[-79.512175,43.853875],[-79.511636,43.851668],[-79.511406,43.850545],[-79.510304,43.845715]]}},{"type":"Feature","properties":{"mode":"bus","n":6,"arr":["Y96","Y462","Y463","Y464","GO65","GO68"],"lines":"96, 462, 463, 464, 65, 68"},"geometry":{"type":"LineString","coordinates":[[-79.513859,43.861035],[-79.513997,43.861613],[-79.513955,43.861724]]}},{"type":"Feature","properties":{"mode":"bus","n":8,"arr":["Y96","Y107","Y462","Y463","Y464","Y471","GO65","GO68"],"lines":"96, 107, 462, 463, 464, 471, 65, 68"},"geometry":{"type":"LineString","coordinates":[[-79.513955,43.861724],[-79.515137,43.867041],[-79.515223,43.867109],[-79.515313,43.867558]]}},{"type":"Feature","properties":{"mode":"bus","n":6,"arr":["Y96","Y107","Y463","Y471","GO65","GO68"],"lines":"96, 107, 463, 471, 65, 68"},"geometry":{"type":"LineString","coordinates":[[-79.516532,43.873391],[-79.516419,43.872935],[-79.516455,43.872795],[-79.516215,43.871638],[-79.515442,43.868385],[-79.515356,43.867961],[-79.51538,43.867834],[-79.515313,43.867558]]}},{"type":"Feature","properties":{"mode":"bus","n":5,"arr":["Y96","Y463","Y471","GO65","GO68"],"lines":"96, 463, 471, 65, 68"},"geometry":{"type":"LineString","coordinates":[[-79.51978,43.8869],[-79.518967,43.883191],[-79.518881,43.883069],[-79.518165,43.880236],[-79.517987,43.879489],[-79.518015,43.879297],[-79.517725,43.878241],[-79.516741,43.873975],[-79.516621,43.873774],[-79.516532,43.873391]]}},{"type":"Feature","properties":{"mode":"bus","n":5,"arr":["Y96","Y462","Y465","GO65","GO68"],"lines":"96, 462, 465, 65, 68"},"geometry":{"type":"LineString","coordinates":[[-79.507991,43.836533],[-79.508178,43.8365]]}},{"type":"Feature","properties":{"mode":"bus","n":6,"arr":["Y300","Y301","Y302","Y303","Y304","Y305"],"lines":"300, 301, 302, 303, 304, 305"},"geometry":{"type":"LineString","coordinates":[[-79.428172,43.832619],[-79.428167,43.833614],[-79.428035,43.83389],[-79.427802,43.834112],[-79.427442,43.834332],[-79.425068,43.835466],[-79.424046,43.836057],[-79.422897,43.83655],[-79.42137,43.837089],[-79.420626,43.837319],[-79.41827,43.83793],[-79.416612,43.838231],[-79.414789,43.838443],[-79.412881,43.838553],[-79.412004,43.838581],[-79.410454,43.838515],[-79.408419,43.838329],[-79.405499,43.837957]]}},{"type":"Feature","properties":{"mode":"bus","n":6,"arr":["Y300","Y301","Y302","Y303","Y304","Y305"],"lines":"300, 301, 302, 303, 304, 305"},"geometry":{"type":"LineString","coordinates":[[-79.399812,43.837552],[-79.400513,43.837666],[-79.409208,43.83871],[-79.411117,43.838832],[-79.412246,43.838852],[-79.413979,43.838799],[-79.415875,43.838622],[-79.418349,43.838252],[-79.420817,43.837617],[-79.421648,43.837433],[-79.422936,43.837009],[-79.424235,43.836545],[-79.424793,43.836402],[-79.425727,43.836342],[-79.427369,43.836514],[-79.427946,43.836543],[-79.428399,43.836528],[-79.429017,43.836454]]}},{"type":"Feature","properties":{"mode":"bus","n":7,"arr":["Y300","Y301","Y302","Y303","Y304","Y305","GO61"],"lines":"300, 301, 302, 303, 304, 305, 61"},"geometry":{"type":"LineString","coordinates":[[-79.405499,43.837957],[-79.400771,43.837394],[-79.398622,43.837102],[-79.394268,43.836689],[-79.389768,43.836521]]}},{"type":"Feature","properties":{"mode":"bus","n":7,"arr":["Y300","Y301","Y302","Y303","Y304","Y305","GO61"],"lines":"300, 301, 302, 303, 304, 305, 61"},"geometry":{"type":"LineString","coordinates":[[-79.388112,43.836883],[-79.391933,43.836903],[-79.393958,43.836969],[-79.395457,43.837085],[-79.399812,43.837552]]}},{"type":"Feature","properties":{"mode":"bus","n":5,"arr":["Y301","Y403","Y410","Y411","Y416"],"lines":"301, 403, 410, 411, 416"},"geometry":{"type":"LineString","coordinates":[[-79.244428,43.884244],[-79.249865,43.882945],[-79.250496,43.88289],[-79.250697,43.882907],[-79.251988,43.883253],[-79.252327,43.883309],[-79.252783,43.883315],[-79.253164,43.883243],[-79.256225,43.882524]]}},{"type":"Feature","properties":{"mode":"bus","n":6,"arr":["Y301","Y302","Y303","Y304","Y305","GO71"],"lines":"301, 302, 303, 304, 305, 71"},"geometry":{"type":"LineString","coordinates":[[-79.33784,43.843898],[-79.33909,43.843651],[-79.341342,43.84325],[-79.343495,43.842921],[-79.349166,43.842186],[-79.351171,43.8419],[-79.355482,43.841234]]}},{"type":"Feature","properties":{"mode":"bus","n":6,"arr":["Y301","Y302","Y303","Y304","Y305","GO71"],"lines":"301, 302, 303, 304, 305, 71"},"geometry":{"type":"LineString","coordinates":[[-79.354594,43.841021],[-79.349212,43.841884],[-79.346408,43.842233],[-79.344665,43.842419],[-79.341972,43.842823],[-79.340645,43.843031],[-79.337356,43.843629]]}},{"type":"Feature","properties":{"mode":"bus","n":5,"arr":["Y301","Y302","Y303","Y304","Y305"],"lines":"301, 302, 303, 304, 305"},"geometry":{"type":"LineString","coordinates":[[-79.355482,43.841234],[-79.377992,43.837623],[-79.38087,43.837259]]}},{"type":"Feature","properties":{"mode":"bus","n":5,"arr":["Y301","Y302","Y303","Y304","Y305"],"lines":"301, 302, 303, 304, 305"},"geometry":{"type":"LineString","coordinates":[[-79.384953,43.836626],[-79.38127,43.836911],[-79.378968,43.837172],[-79.372813,43.838098],[-79.363408,43.83963],[-79.354594,43.841021]]}},{"type":"Feature","properties":{"mode":"bus","n":6,"arr":["Y301","Y302","Y303","Y304","Y305","GO61"],"lines":"301, 302, 303, 304, 305, 61"},"geometry":{"type":"LineString","coordinates":[[-79.38087,43.837259],[-79.383992,43.836993],[-79.385748,43.836909],[-79.388112,43.836883]]}},{"type":"Feature","properties":{"mode":"bus","n":6,"arr":["Y301","Y302","Y303","Y304","Y305","GO61"],"lines":"301, 302, 303, 304, 305, 61"},"geometry":{"type":"LineString","coordinates":[[-79.389768,43.836521],[-79.384953,43.836626]]}},{"type":"Feature","properties":{"mode":"bus","n":5,"arr":["Y428","Y432","Y437","GO65","GO68"],"lines":"428, 432, 437, 65, 68"},"geometry":{"type":"LineString","coordinates":[[-79.450967,44.003412],[-79.451542,44.00326],[-79.451641,44.003174]]}}]}